# E-EF(eV)   Si_s_PDOS
-1.234229999999999983e+01 1.739999999999999964e-07
-1.233230000000000004e+01 4.400000000000000224e-07
-1.232230000000000025e+01 1.069999999999999920e-06
-1.231230000000000047e+01 2.489999999999999877e-06
-1.230230000000000068e+01 5.579999999999999938e-06
-1.229230000000000089e+01 1.200000000000000030e-05
-1.228229999999999933e+01 2.479999999999999972e-05
-1.227230000000000132e+01 4.940000000000000136e-05
-1.226229999999999976e+01 9.469999999999999794e-05
-1.225229999999999997e+01 1.740000000000000010e-04
-1.224230000000000018e+01 3.099999999999999999e-04
-1.223230000000000040e+01 5.289999999999999564e-04
-1.222230000000000061e+01 8.729999999999999696e-04
-1.221229999999999905e+01 1.389999999999999960e-03
-1.220230000000000103e+01 2.129999999999999949e-03
-1.219229999999999947e+01 3.160000000000000048e-03
-1.218230000000000146e+01 4.530000000000000172e-03
-1.217229999999999990e+01 6.300000000000000044e-03
-1.216230000000000011e+01 8.479999999999999691e-03
-1.215230000000000032e+01 1.110000000000000049e-02
-1.214230000000000054e+01 1.409999999999999969e-02
-1.213230000000000075e+01 1.739999999999999880e-02
-1.212229999999999919e+01 2.110000000000000070e-02
-1.211230000000000118e+01 2.489999999999999852e-02
-1.210229999999999961e+01 2.869999999999999982e-02
-1.209229999999999983e+01 3.259999999999999704e-02
-1.208230000000000004e+01 3.629999999999999893e-02
-1.207230000000000025e+01 3.989999999999999797e-02
-1.206230000000000047e+01 4.329999999999999821e-02
-1.205230000000000068e+01 4.649999999999999967e-02
-1.204230000000000089e+01 4.950000000000000233e-02
-1.203229999999999933e+01 5.220000000000000334e-02
-1.202230000000000132e+01 5.480000000000000149e-02
-1.201229999999999976e+01 5.720000000000000084e-02
-1.200229999999999997e+01 5.949999999999999734e-02
-1.199230000000000018e+01 6.160000000000000198e-02
-1.198230000000000040e+01 6.360000000000000375e-02
-1.197230000000000061e+01 6.539999999999999980e-02
-1.196229999999999905e+01 6.710000000000000686e-02
-1.195230000000000103e+01 6.880000000000000004e-02
-1.194229999999999947e+01 7.040000000000000424e-02
-1.193230000000000146e+01 7.199999999999999456e-02
-1.192229999999999990e+01 7.359999999999999876e-02
-1.191230000000000011e+01 7.520000000000000295e-02
-1.190230000000000032e+01 7.679999999999999327e-02
-1.189230000000000054e+01 7.829999999999999460e-02
-1.188230000000000075e+01 7.960000000000000409e-02
-1.187229999999999919e+01 8.079999999999999682e-02
-1.186230000000000118e+01 8.179999999999999771e-02
-1.185229999999999961e+01 8.279999999999999860e-02
-1.184229999999999983e+01 8.379999999999999949e-02
-1.183230000000000004e+01 8.490000000000000324e-02
-1.182230000000000025e+01 8.609999999999999598e-02
-1.181230000000000047e+01 8.749999999999999445e-02
-1.180230000000000068e+01 8.899999999999999578e-02
-1.179230000000000089e+01 9.059999999999999998e-02
-1.178229999999999933e+01 9.199999999999999845e-02
-1.177230000000000132e+01 9.310000000000000220e-02
-1.176229999999999976e+01 9.400000000000000022e-02
-1.175229999999999997e+01 9.460000000000000353e-02
-1.174230000000000018e+01 9.489999999999999825e-02
-1.173230000000000040e+01 9.520000000000000684e-02
-1.172230000000000061e+01 9.560000000000000442e-02
-1.171229999999999905e+01 9.619999999999999385e-02
-1.170230000000000103e+01 9.719999999999999474e-02
-1.169229999999999947e+01 9.859999999999999321e-02
-1.168230000000000146e+01 1.000000000000000056e-01
-1.167229999999999990e+01 1.019999999999999934e-01
-1.166230000000000011e+01 1.039999999999999952e-01
-1.165230000000000032e+01 1.049999999999999961e-01
-1.164230000000000054e+01 1.059999999999999970e-01
-1.163230000000000075e+01 1.069999999999999979e-01
-1.162229999999999919e+01 1.069999999999999979e-01
-1.161230000000000118e+01 1.069999999999999979e-01
-1.160229999999999961e+01 1.059999999999999970e-01
-1.159229999999999983e+01 1.059999999999999970e-01
-1.158230000000000004e+01 1.059999999999999970e-01
-1.157230000000000025e+01 1.069999999999999979e-01
-1.156230000000000047e+01 1.079999999999999988e-01
-1.155230000000000068e+01 1.089999999999999997e-01
-1.154230000000000089e+01 1.110000000000000014e-01
-1.153229999999999933e+01 1.140000000000000041e-01
-1.152230000000000132e+01 1.160000000000000059e-01
-1.151229999999999976e+01 1.170000000000000068e-01
-1.150229999999999997e+01 1.189999999999999947e-01
-1.149230000000000018e+01 1.189999999999999947e-01
-1.148230000000000040e+01 1.189999999999999947e-01
-1.147230000000000061e+01 1.179999999999999938e-01
-1.146229999999999905e+01 1.179999999999999938e-01
-1.145230000000000103e+01 1.170000000000000068e-01
-1.144229999999999947e+01 1.160000000000000059e-01
-1.143230000000000146e+01 1.160000000000000059e-01
-1.142229999999999990e+01 1.160000000000000059e-01
-1.141230000000000011e+01 1.170000000000000068e-01
-1.140230000000000032e+01 1.189999999999999947e-01
-1.139230000000000054e+01 1.199999999999999956e-01
-1.138230000000000075e+01 1.219999999999999973e-01
-1.137229999999999919e+01 1.250000000000000000e-01
-1.136230000000000118e+01 1.270000000000000018e-01
-1.135229999999999961e+01 1.290000000000000036e-01
-1.134229999999999983e+01 1.310000000000000053e-01
-1.133230000000000004e+01 1.320000000000000062e-01
-1.132230000000000025e+01 1.320000000000000062e-01
-1.131230000000000047e+01 1.320000000000000062e-01
-1.130230000000000068e+01 1.300000000000000044e-01
-1.129230000000000089e+01 1.290000000000000036e-01
-1.128229999999999933e+01 1.270000000000000018e-01
-1.127230000000000132e+01 1.260000000000000009e-01
-1.126229999999999976e+01 1.250000000000000000e-01
-1.125229999999999997e+01 1.250000000000000000e-01
-1.124230000000000018e+01 1.260000000000000009e-01
-1.123230000000000040e+01 1.280000000000000027e-01
-1.122230000000000061e+01 1.310000000000000053e-01
-1.121229999999999905e+01 1.340000000000000080e-01
-1.120230000000000103e+01 1.370000000000000107e-01
-1.119229999999999947e+01 1.390000000000000124e-01
-1.118230000000000146e+01 1.419999999999999873e-01
-1.117229999999999990e+01 1.429999999999999882e-01
-1.116230000000000011e+01 1.439999999999999891e-01
-1.115230000000000032e+01 1.439999999999999891e-01
-1.114230000000000054e+01 1.439999999999999891e-01
-1.113230000000000075e+01 1.429999999999999882e-01
-1.112229999999999919e+01 1.419999999999999873e-01
-1.111230000000000118e+01 1.400000000000000133e-01
-1.110229999999999961e+01 1.380000000000000115e-01
-1.109229999999999983e+01 1.370000000000000107e-01
-1.108230000000000004e+01 1.360000000000000098e-01
-1.107230000000000025e+01 1.350000000000000089e-01
-1.106230000000000047e+01 1.360000000000000098e-01
-1.105230000000000068e+01 1.380000000000000115e-01
-1.104230000000000089e+01 1.400000000000000133e-01
-1.103229999999999933e+01 1.429999999999999882e-01
-1.102230000000000132e+01 1.459999999999999909e-01
-1.101229999999999976e+01 1.489999999999999936e-01
-1.100229999999999997e+01 1.519999999999999962e-01
-1.099230000000000018e+01 1.539999999999999980e-01
-1.098230000000000040e+01 1.559999999999999998e-01
-1.097230000000000061e+01 1.559999999999999998e-01
-1.096229999999999905e+01 1.559999999999999998e-01
-1.095230000000000103e+01 1.559999999999999998e-01
-1.094229999999999947e+01 1.549999999999999989e-01
-1.093230000000000146e+01 1.549999999999999989e-01
-1.092229999999999990e+01 1.539999999999999980e-01
-1.091230000000000011e+01 1.529999999999999971e-01
-1.090230000000000032e+01 1.519999999999999962e-01
-1.089230000000000054e+01 1.499999999999999944e-01
-1.088230000000000075e+01 1.489999999999999936e-01
-1.087229999999999919e+01 1.489999999999999936e-01
-1.086230000000000118e+01 1.479999999999999927e-01
-1.085229999999999961e+01 1.489999999999999936e-01
-1.084229999999999983e+01 1.499999999999999944e-01
-1.083230000000000004e+01 1.519999999999999962e-01
-1.082230000000000025e+01 1.539999999999999980e-01
-1.081230000000000047e+01 1.580000000000000016e-01
-1.080230000000000068e+01 1.620000000000000051e-01
-1.079230000000000089e+01 1.670000000000000095e-01
-1.078229999999999933e+01 1.700000000000000122e-01
-1.077230000000000132e+01 1.729999999999999871e-01
-1.076229999999999976e+01 1.749999999999999889e-01
-1.075229999999999997e+01 1.749999999999999889e-01
-1.074230000000000018e+01 1.739999999999999880e-01
-1.073230000000000040e+01 1.719999999999999862e-01
-1.072230000000000061e+01 1.700000000000000122e-01
-1.071229999999999905e+01 1.670000000000000095e-01
-1.070230000000000103e+01 1.640000000000000069e-01
-1.069229999999999947e+01 1.620000000000000051e-01
-1.068230000000000146e+01 1.610000000000000042e-01
-1.067229999999999990e+01 1.600000000000000033e-01
-1.066230000000000011e+01 1.600000000000000033e-01
-1.065230000000000032e+01 1.600000000000000033e-01
-1.064230000000000054e+01 1.620000000000000051e-01
-1.063230000000000075e+01 1.640000000000000069e-01
-1.062229999999999919e+01 1.660000000000000087e-01
-1.061230000000000118e+01 1.690000000000000113e-01
-1.060229999999999961e+01 1.729999999999999871e-01
-1.059229999999999983e+01 1.769999999999999907e-01
-1.058230000000000004e+01 1.809999999999999942e-01
-1.057230000000000025e+01 1.849999999999999978e-01
-1.056230000000000047e+01 1.880000000000000004e-01
-1.055230000000000068e+01 1.900000000000000022e-01
-1.054230000000000089e+01 1.910000000000000031e-01
-1.053229999999999933e+01 1.910000000000000031e-01
-1.052230000000000132e+01 1.900000000000000022e-01
-1.051229999999999976e+01 1.880000000000000004e-01
-1.050229999999999997e+01 1.849999999999999978e-01
-1.049230000000000018e+01 1.819999999999999951e-01
-1.048230000000000040e+01 1.799999999999999933e-01
-1.047230000000000061e+01 1.779999999999999916e-01
-1.046229999999999905e+01 1.769999999999999907e-01
-1.045230000000000103e+01 1.759999999999999898e-01
-1.044229999999999947e+01 1.769999999999999907e-01
-1.043230000000000146e+01 1.779999999999999916e-01
-1.042229999999999990e+01 1.799999999999999933e-01
-1.041230000000000011e+01 1.819999999999999951e-01
-1.040230000000000032e+01 1.849999999999999978e-01
-1.039230000000000054e+01 1.880000000000000004e-01
-1.038230000000000075e+01 1.910000000000000031e-01
-1.037229999999999919e+01 1.950000000000000067e-01
-1.036230000000000118e+01 1.980000000000000093e-01
-1.035229999999999961e+01 2.010000000000000120e-01
-1.034229999999999983e+01 2.030000000000000138e-01
-1.033230000000000004e+01 2.059999999999999887e-01
-1.032230000000000025e+01 2.069999999999999896e-01
-1.031230000000000047e+01 2.089999999999999913e-01
-1.030230000000000068e+01 2.099999999999999922e-01
-1.029230000000000089e+01 2.099999999999999922e-01
-1.028229999999999933e+01 2.099999999999999922e-01
-1.027230000000000132e+01 2.099999999999999922e-01
-1.026229999999999976e+01 2.089999999999999913e-01
-1.025229999999999997e+01 2.069999999999999896e-01
-1.024230000000000018e+01 2.059999999999999887e-01
-1.023230000000000040e+01 2.039999999999999869e-01
-1.022230000000000061e+01 2.020000000000000129e-01
-1.021230000000000082e+01 2.010000000000000120e-01
-1.020230000000000103e+01 2.000000000000000111e-01
-1.019229999999999947e+01 2.000000000000000111e-01
-1.018229999999999968e+01 2.010000000000000120e-01
-1.017229999999999990e+01 2.030000000000000138e-01
-1.016230000000000011e+01 2.069999999999999896e-01
-1.015230000000000032e+01 2.109999999999999931e-01
-1.014230000000000054e+01 2.159999999999999976e-01
-1.013230000000000075e+01 2.210000000000000020e-01
-1.012229999999999919e+01 2.260000000000000064e-01
-1.011230000000000118e+01 2.310000000000000109e-01
-1.010229999999999961e+01 2.349999999999999867e-01
-1.009229999999999983e+01 2.389999999999999902e-01
-1.008230000000000004e+01 2.429999999999999938e-01
-1.007230000000000025e+01 2.449999999999999956e-01
-1.006230000000000047e+01 2.469999999999999973e-01
-1.005230000000000068e+01 2.479999999999999982e-01
-1.004230000000000089e+01 2.489999999999999991e-01
-1.003229999999999933e+01 2.479999999999999982e-01
-1.002230000000000132e+01 2.469999999999999973e-01
-1.001229999999999976e+01 2.449999999999999956e-01
-1.000229999999999997e+01 2.439999999999999947e-01
-9.992300000000000182e+00 2.419999999999999929e-01
-9.982300000000000395e+00 2.399999999999999911e-01
-9.972300000000000608e+00 2.389999999999999902e-01
-9.962300000000000821e+00 2.389999999999999902e-01
-9.952300000000001035e+00 2.399999999999999911e-01
-9.942299999999999471e+00 2.439999999999999947e-01
-9.932299999999999685e+00 2.489999999999999991e-01
-9.922299999999999898e+00 2.560000000000000053e-01
-9.912300000000000111e+00 2.650000000000000133e-01
-9.902300000000000324e+00 2.750000000000000222e-01
-9.892300000000000537e+00 2.859999999999999765e-01
-9.882300000000000750e+00 2.969999999999999862e-01
-9.872299999999999187e+00 3.079999999999999960e-01
-9.862300000000001177e+00 3.170000000000000040e-01
-9.852299999999999613e+00 3.240000000000000102e-01
-9.842299999999999827e+00 3.300000000000000155e-01
-9.832300000000000040e+00 3.330000000000000182e-01
-9.822300000000000253e+00 3.330000000000000182e-01
-9.812300000000000466e+00 3.310000000000000164e-01
-9.802300000000000679e+00 3.270000000000000129e-01
-9.792300000000000892e+00 3.210000000000000075e-01
-9.782299999999999329e+00 3.130000000000000004e-01
-9.772300000000001319e+00 3.049999999999999933e-01
-9.762299999999999756e+00 2.959999999999999853e-01
-9.752299999999999969e+00 2.869999999999999774e-01
-9.742300000000000182e+00 2.800000000000000266e-01
-9.732300000000000395e+00 2.740000000000000213e-01
-9.722300000000000608e+00 2.710000000000000187e-01
-9.712300000000000821e+00 2.710000000000000187e-01
-9.702300000000001035e+00 2.740000000000000213e-01
-9.692299999999999471e+00 2.790000000000000258e-01
-9.682299999999999685e+00 2.869999999999999774e-01
-9.672299999999999898e+00 2.949999999999999845e-01
-9.662300000000000111e+00 3.039999999999999925e-01
-9.652300000000000324e+00 3.109999999999999987e-01
-9.642300000000000537e+00 3.170000000000000040e-01
-9.632300000000000750e+00 3.190000000000000058e-01
-9.622299999999999187e+00 3.180000000000000049e-01
-9.612300000000001177e+00 3.140000000000000013e-01
-9.602299999999999613e+00 3.079999999999999960e-01
-9.592299999999999827e+00 2.999999999999999889e-01
-9.582300000000000040e+00 2.909999999999999809e-01
-9.572300000000000253e+00 2.819999999999999729e-01
-9.562300000000000466e+00 2.740000000000000213e-01
-9.552300000000000679e+00 2.670000000000000151e-01
-9.542300000000000892e+00 2.610000000000000098e-01
-9.532299999999999329e+00 2.570000000000000062e-01
-9.522300000000001319e+00 2.540000000000000036e-01
-9.512299999999999756e+00 2.520000000000000018e-01
-9.502299999999999969e+00 2.510000000000000009e-01
-9.492300000000000182e+00 2.500000000000000000e-01
-9.482300000000000395e+00 2.510000000000000009e-01
-9.472300000000000608e+00 2.530000000000000027e-01
-9.462300000000000821e+00 2.560000000000000053e-01
-9.452300000000001035e+00 2.600000000000000089e-01
-9.442299999999999471e+00 2.640000000000000124e-01
-9.432299999999999685e+00 2.690000000000000169e-01
-9.422299999999999898e+00 2.730000000000000204e-01
-9.412300000000000111e+00 2.760000000000000231e-01
-9.402300000000000324e+00 2.770000000000000240e-01
-9.392300000000000537e+00 2.760000000000000231e-01
-9.382300000000000750e+00 2.720000000000000195e-01
-9.372299999999999187e+00 2.670000000000000151e-01
-9.362300000000001177e+00 2.600000000000000089e-01
-9.352299999999999613e+00 2.530000000000000027e-01
-9.342299999999999827e+00 2.449999999999999956e-01
-9.332300000000000040e+00 2.389999999999999902e-01
-9.322300000000000253e+00 2.340000000000000135e-01
-9.312300000000000466e+00 2.310000000000000109e-01
-9.302300000000000679e+00 2.280000000000000082e-01
-9.292300000000000892e+00 2.270000000000000073e-01
-9.282299999999999329e+00 2.270000000000000073e-01
-9.272300000000001319e+00 2.270000000000000073e-01
-9.262299999999999756e+00 2.280000000000000082e-01
-9.252299999999999969e+00 2.290000000000000091e-01
-9.242300000000000182e+00 2.300000000000000100e-01
-9.232300000000000395e+00 2.310000000000000109e-01
-9.222300000000000608e+00 2.320000000000000118e-01
-9.212300000000000821e+00 2.330000000000000127e-01
-9.202300000000001035e+00 2.349999999999999867e-01
-9.192299999999999471e+00 2.349999999999999867e-01
-9.182299999999999685e+00 2.359999999999999876e-01
-9.172299999999999898e+00 2.349999999999999867e-01
-9.162300000000000111e+00 2.330000000000000127e-01
-9.152300000000000324e+00 2.300000000000000100e-01
-9.142300000000000537e+00 2.270000000000000073e-01
-9.132300000000000750e+00 2.220000000000000029e-01
-9.122299999999999187e+00 2.179999999999999993e-01
-9.112300000000001177e+00 2.139999999999999958e-01
-9.102299999999999613e+00 2.109999999999999931e-01
-9.092299999999999827e+00 2.089999999999999913e-01
-9.082300000000000040e+00 2.069999999999999896e-01
-9.072300000000000253e+00 2.059999999999999887e-01
-9.062300000000000466e+00 2.039999999999999869e-01
-9.052300000000000679e+00 2.030000000000000138e-01
-9.042300000000000892e+00 2.010000000000000120e-01
-9.032299999999999329e+00 1.990000000000000102e-01
-9.022300000000001319e+00 1.980000000000000093e-01
-9.012299999999999756e+00 1.960000000000000075e-01
-9.002299999999999969e+00 1.960000000000000075e-01
-8.992300000000000182e+00 1.960000000000000075e-01
-8.982300000000000395e+00 1.970000000000000084e-01
-8.972300000000000608e+00 2.000000000000000111e-01
-8.962300000000000821e+00 2.020000000000000129e-01
-8.952300000000001035e+00 2.039999999999999869e-01
-8.942299999999999471e+00 2.059999999999999887e-01
-8.932299999999999685e+00 2.059999999999999887e-01
-8.922299999999999898e+00 2.049999999999999878e-01
-8.912300000000000111e+00 2.010000000000000120e-01
-8.902300000000000324e+00 1.970000000000000084e-01
-8.892300000000000537e+00 1.910000000000000031e-01
-8.882300000000000750e+00 1.849999999999999978e-01
-8.872299999999999187e+00 1.789999999999999925e-01
-8.862300000000001177e+00 1.729999999999999871e-01
-8.852299999999999613e+00 1.680000000000000104e-01
-8.842299999999999827e+00 1.640000000000000069e-01
-8.832300000000000040e+00 1.620000000000000051e-01
-8.822300000000000253e+00 1.620000000000000051e-01
-8.812300000000000466e+00 1.620000000000000051e-01
-8.802300000000000679e+00 1.640000000000000069e-01
-8.792300000000000892e+00 1.670000000000000095e-01
-8.782299999999999329e+00 1.710000000000000131e-01
-8.772300000000001319e+00 1.749999999999999889e-01
-8.762299999999999756e+00 1.779999999999999916e-01
-8.752299999999999969e+00 1.809999999999999942e-01
-8.742300000000000182e+00 1.829999999999999960e-01
-8.732300000000000395e+00 1.829999999999999960e-01
-8.722300000000000608e+00 1.819999999999999951e-01
-8.712300000000000821e+00 1.789999999999999925e-01
-8.702300000000001035e+00 1.739999999999999880e-01
-8.692299999999999471e+00 1.680000000000000104e-01
-8.682299999999999685e+00 1.600000000000000033e-01
-8.672299999999999898e+00 1.529999999999999971e-01
-8.662300000000000111e+00 1.449999999999999900e-01
-8.652300000000000324e+00 1.380000000000000115e-01
-8.642300000000000537e+00 1.330000000000000071e-01
-8.632300000000000750e+00 1.300000000000000044e-01
-8.622299999999999187e+00 1.290000000000000036e-01
-8.612300000000001177e+00 1.290000000000000036e-01
-8.602299999999999613e+00 1.310000000000000053e-01
-8.592299999999999827e+00 1.350000000000000089e-01
-8.582300000000000040e+00 1.390000000000000124e-01
-8.572300000000000253e+00 1.429999999999999882e-01
-8.562300000000000466e+00 1.469999999999999918e-01
-8.552300000000000679e+00 1.509999999999999953e-01
-8.542300000000000892e+00 1.529999999999999971e-01
-8.532299999999999329e+00 1.539999999999999980e-01
-8.522300000000001319e+00 1.529999999999999971e-01
-8.512299999999999756e+00 1.509999999999999953e-01
-8.502299999999999969e+00 1.469999999999999918e-01
-8.492300000000000182e+00 1.419999999999999873e-01
-8.482300000000000395e+00 1.360000000000000098e-01
-8.472300000000000608e+00 1.290000000000000036e-01
-8.462300000000000821e+00 1.219999999999999973e-01
-8.452300000000001035e+00 1.150000000000000050e-01
-8.442299999999999471e+00 1.089999999999999997e-01
-8.432299999999999685e+00 1.039999999999999952e-01
-8.422299999999999898e+00 1.010000000000000064e-01
-8.412300000000000111e+00 9.900000000000000466e-02
-8.402300000000000324e+00 9.819999999999999563e-02
-8.392300000000000537e+00 9.859999999999999321e-02
-8.382300000000000750e+00 9.990000000000000269e-02
-8.372299999999999187e+00 1.019999999999999934e-01
-8.362300000000001177e+00 1.039999999999999952e-01
-8.352299999999999613e+00 1.069999999999999979e-01
-8.342299999999999827e+00 1.100000000000000006e-01
-8.332300000000000040e+00 1.120000000000000023e-01
-8.322300000000000253e+00 1.140000000000000041e-01
-8.312300000000000466e+00 1.140000000000000041e-01
-8.302300000000000679e+00 1.130000000000000032e-01
-8.292300000000000892e+00 1.100000000000000006e-01
-8.282299999999999329e+00 1.059999999999999970e-01
-8.272299999999999542e+00 1.000000000000000056e-01
-8.262299999999999756e+00 9.389999999999999736e-02
-8.252299999999999969e+00 8.719999999999999973e-02
-8.242300000000000182e+00 8.069999999999999396e-02
-8.232300000000000395e+00 7.480000000000000537e-02
-8.222300000000000608e+00 6.980000000000000093e-02
-8.212300000000000821e+00 6.600000000000000311e-02
-8.202300000000001035e+00 6.339999999999999802e-02
-8.192299999999999471e+00 6.169999999999999790e-02
-8.182299999999999685e+00 6.069999999999999701e-02
-8.172299999999999898e+00 6.019999999999999657e-02
-8.162300000000000111e+00 5.970000000000000306e-02
-8.152300000000000324e+00 5.899999999999999689e-02
-8.142300000000000537e+00 5.779999999999999721e-02
-8.132300000000000750e+00 5.600000000000000117e-02
-8.122300000000000963e+00 5.360000000000000181e-02
-8.112300000000001177e+00 5.059999999999999915e-02
-8.102299999999999613e+00 4.719999999999999890e-02
-8.092299999999999827e+00 4.370000000000000273e-02
-8.082300000000000040e+00 4.030000000000000249e-02
-8.072300000000000253e+00 3.710000000000000103e-02
-8.062300000000000466e+00 3.429999999999999716e-02
-8.052300000000000679e+00 3.200000000000000067e-02
-8.042300000000000892e+00 3.020000000000000115e-02
-8.032299999999999329e+00 2.889999999999999861e-02
-8.022299999999999542e+00 2.800000000000000058e-02
-8.012299999999999756e+00 2.750000000000000014e-02
-8.002299999999999969e+00 2.719999999999999848e-02
-7.992300000000000182e+00 2.719999999999999848e-02
-7.982300000000000395e+00 2.730000000000000135e-02
-7.972300000000000608e+00 2.740000000000000074e-02
-7.962299999999999933e+00 2.740000000000000074e-02
-7.952300000000000146e+00 2.730000000000000135e-02
-7.942300000000000360e+00 2.699999999999999969e-02
-7.932299999999999685e+00 2.649999999999999925e-02
-7.922299999999999898e+00 2.589999999999999941e-02
-7.912300000000000111e+00 2.520000000000000018e-02
-7.902300000000000324e+00 2.460000000000000034e-02
-7.892300000000000537e+00 2.440000000000000155e-02
-7.882300000000000750e+00 2.479999999999999913e-02
-7.872300000000000075e+00 2.599999999999999881e-02
-7.862300000000000288e+00 2.809999999999999998e-02
-7.852300000000000502e+00 3.130000000000000143e-02
-7.842299999999999827e+00 3.540000000000000091e-02
-7.832300000000000040e+00 4.050000000000000128e-02
-7.822300000000000253e+00 4.619999999999999801e-02
-7.812300000000000466e+00 5.220000000000000334e-02
-7.802300000000000679e+00 5.840000000000000052e-02
-7.792300000000000004e+00 6.429999999999999605e-02
-7.782300000000000217e+00 6.959999999999999520e-02
-7.772300000000000431e+00 7.430000000000000493e-02
-7.762299999999999756e+00 7.789999999999999702e-02
-7.752299999999999969e+00 8.050000000000000211e-02
-7.742300000000000182e+00 8.179999999999999771e-02
-7.732300000000000395e+00 8.190000000000000058e-02
-7.722300000000000608e+00 8.069999999999999396e-02
-7.712299999999999933e+00 7.829999999999999460e-02
-7.702300000000000146e+00 7.499999999999999722e-02
-7.692300000000000360e+00 7.119999999999999940e-02
-7.682299999999999685e+00 6.710000000000000686e-02
-7.672299999999999898e+00 6.320000000000000617e-02
-7.662300000000000111e+00 6.010000000000000064e-02
-7.652300000000000324e+00 5.800000000000000294e-02
-7.642300000000000537e+00 5.729999999999999677e-02
-7.632300000000000750e+00 5.829999999999999766e-02
-7.622300000000000075e+00 6.119999999999999746e-02
-7.612300000000000288e+00 6.610000000000000597e-02
-7.602300000000000502e+00 7.290000000000000646e-02
-7.592299999999999827e+00 8.150000000000000300e-02
-7.582300000000000040e+00 9.130000000000000615e-02
-7.572300000000000253e+00 1.019999999999999934e-01
-7.562300000000000466e+00 1.120000000000000023e-01
-7.552300000000000679e+00 1.219999999999999973e-01
-7.542300000000000004e+00 1.290000000000000036e-01
-7.532300000000000217e+00 1.340000000000000080e-01
-7.522300000000000431e+00 1.360000000000000098e-01
-7.512299999999999756e+00 1.350000000000000089e-01
-7.502299999999999969e+00 1.310000000000000053e-01
-7.492300000000000182e+00 1.250000000000000000e-01
-7.482300000000000395e+00 1.179999999999999938e-01
-7.472300000000000608e+00 1.110000000000000014e-01
-7.462299999999999933e+00 1.039999999999999952e-01
-7.452300000000000146e+00 9.769999999999999518e-02
-7.442300000000000360e+00 9.320000000000000506e-02
-7.432299999999999685e+00 9.030000000000000526e-02
-7.422299999999999898e+00 8.909999999999999865e-02
-7.412300000000000111e+00 8.959999999999999909e-02
-7.402300000000000324e+00 9.170000000000000373e-02
-7.392300000000000537e+00 9.550000000000000155e-02
-7.382300000000000750e+00 1.010000000000000064e-01
-7.372300000000000075e+00 1.089999999999999997e-01
-7.362300000000000288e+00 1.179999999999999938e-01
-7.352300000000000502e+00 1.280000000000000027e-01
-7.342299999999999827e+00 1.390000000000000124e-01
-7.332300000000000040e+00 1.499999999999999944e-01
-7.322300000000000253e+00 1.600000000000000033e-01
-7.312300000000000466e+00 1.680000000000000104e-01
-7.302300000000000679e+00 1.739999999999999880e-01
-7.292300000000000004e+00 1.769999999999999907e-01
-7.282300000000000217e+00 1.769999999999999907e-01
-7.272300000000000431e+00 1.739999999999999880e-01
-7.262299999999999756e+00 1.700000000000000122e-01
-7.252299999999999969e+00 1.640000000000000069e-01
-7.242300000000000182e+00 1.580000000000000016e-01
-7.232300000000000395e+00 1.529999999999999971e-01
-7.222300000000000608e+00 1.489999999999999936e-01
-7.212299999999999933e+00 1.479999999999999927e-01
-7.202300000000000146e+00 1.489999999999999936e-01
-7.192300000000000360e+00 1.519999999999999962e-01
-7.182300000000000573e+00 1.580000000000000016e-01
-7.172299999999999898e+00 1.660000000000000087e-01
-7.162300000000000111e+00 1.769999999999999907e-01
-7.152300000000000324e+00 1.890000000000000013e-01
-7.142300000000000537e+00 2.039999999999999869e-01
-7.132299999999999862e+00 2.210000000000000020e-01
-7.122300000000000075e+00 2.389999999999999902e-01
-7.112300000000000288e+00 2.580000000000000071e-01
-7.102300000000000502e+00 2.770000000000000240e-01
-7.092299999999999827e+00 2.959999999999999853e-01
-7.082300000000000040e+00 3.140000000000000013e-01
-7.072300000000000253e+00 3.290000000000000147e-01
-7.062300000000000466e+00 3.400000000000000244e-01
-7.052300000000000679e+00 3.479999999999999760e-01
-7.042300000000000004e+00 3.499999999999999778e-01
-7.032300000000000217e+00 3.489999999999999769e-01
-7.022300000000000431e+00 3.430000000000000271e-01
-7.012299999999999756e+00 3.330000000000000182e-01
-7.002299999999999969e+00 3.210000000000000075e-01
-6.992300000000000182e+00 3.069999999999999951e-01
-6.982300000000000395e+00 2.919999999999999818e-01
-6.972300000000000608e+00 2.790000000000000258e-01
-6.962299999999999933e+00 2.660000000000000142e-01
-6.952300000000000146e+00 2.560000000000000053e-01
-6.942300000000000360e+00 2.469999999999999973e-01
-6.932300000000000573e+00 2.399999999999999911e-01
-6.922299999999999898e+00 2.340000000000000135e-01
-6.912300000000000111e+00 2.290000000000000091e-01
-6.902300000000000324e+00 2.260000000000000064e-01
-6.892300000000000537e+00 2.230000000000000038e-01
-6.882299999999999862e+00 2.210000000000000020e-01
-6.872300000000000075e+00 2.190000000000000002e-01
-6.862300000000000288e+00 2.169999999999999984e-01
-6.852300000000000502e+00 2.149999999999999967e-01
-6.842299999999999827e+00 2.129999999999999949e-01
-6.832300000000000040e+00 2.109999999999999931e-01
-6.822300000000000253e+00 2.079999999999999905e-01
-6.812300000000000466e+00 2.049999999999999878e-01
-6.802300000000000679e+00 2.010000000000000120e-01
-6.792300000000000004e+00 1.960000000000000075e-01
-6.782300000000000217e+00 1.920000000000000040e-01
-6.772300000000000431e+00 1.869999999999999996e-01
-6.762300000000000644e+00 1.829999999999999960e-01
-6.752299999999999969e+00 1.779999999999999916e-01
-6.742300000000000182e+00 1.739999999999999880e-01
-6.732300000000000395e+00 1.710000000000000131e-01
-6.722300000000000608e+00 1.680000000000000104e-01
-6.712299999999999933e+00 1.650000000000000078e-01
-6.702300000000000146e+00 1.640000000000000069e-01
-6.692300000000000360e+00 1.620000000000000051e-01
-6.682300000000000573e+00 1.610000000000000042e-01
-6.672299999999999898e+00 1.610000000000000042e-01
-6.662300000000000111e+00 1.600000000000000033e-01
-6.652300000000000324e+00 1.590000000000000024e-01
-6.642300000000000537e+00 1.580000000000000016e-01
-6.632299999999999862e+00 1.559999999999999998e-01
-6.622300000000000075e+00 1.529999999999999971e-01
-6.612300000000000288e+00 1.509999999999999953e-01
-6.602300000000000502e+00 1.479999999999999927e-01
-6.592299999999999827e+00 1.459999999999999909e-01
-6.582300000000000040e+00 1.439999999999999891e-01
-6.572300000000000253e+00 1.439999999999999891e-01
-6.562300000000000466e+00 1.439999999999999891e-01
-6.552300000000000679e+00 1.449999999999999900e-01
-6.542300000000000004e+00 1.459999999999999909e-01
-6.532300000000000217e+00 1.469999999999999918e-01
-6.522300000000000431e+00 1.479999999999999927e-01
-6.512300000000000644e+00 1.469999999999999918e-01
-6.502299999999999969e+00 1.459999999999999909e-01
-6.492300000000000182e+00 1.429999999999999882e-01
-6.482300000000000395e+00 1.400000000000000133e-01
-6.472300000000000608e+00 1.360000000000000098e-01
-6.462299999999999933e+00 1.320000000000000062e-01
-6.452300000000000146e+00 1.290000000000000036e-01
-6.442300000000000360e+00 1.270000000000000018e-01
-6.432300000000000573e+00 1.250000000000000000e-01
-6.422299999999999898e+00 1.250000000000000000e-01
-6.412300000000000111e+00 1.250000000000000000e-01
-6.402300000000000324e+00 1.250000000000000000e-01
-6.392300000000000537e+00 1.250000000000000000e-01
-6.382299999999999862e+00 1.260000000000000009e-01
-6.372300000000000075e+00 1.260000000000000009e-01
-6.362300000000000288e+00 1.260000000000000009e-01
-6.352300000000000502e+00 1.250000000000000000e-01
-6.342299999999999827e+00 1.239999999999999991e-01
-6.332300000000000040e+00 1.219999999999999973e-01
-6.322300000000000253e+00 1.199999999999999956e-01
-6.312300000000000466e+00 1.179999999999999938e-01
-6.302300000000000679e+00 1.160000000000000059e-01
-6.292300000000000004e+00 1.130000000000000032e-01
-6.282300000000000217e+00 1.110000000000000014e-01
-6.272300000000000431e+00 1.089999999999999997e-01
-6.262300000000000644e+00 1.079999999999999988e-01
-6.252299999999999969e+00 1.079999999999999988e-01
-6.242300000000000182e+00 1.079999999999999988e-01
-6.232300000000000395e+00 1.089999999999999997e-01
-6.222300000000000608e+00 1.100000000000000006e-01
-6.212299999999999933e+00 1.120000000000000023e-01
-6.202300000000000146e+00 1.140000000000000041e-01
-6.192300000000000360e+00 1.160000000000000059e-01
-6.182300000000000573e+00 1.170000000000000068e-01
-6.172299999999999898e+00 1.170000000000000068e-01
-6.162300000000000111e+00 1.160000000000000059e-01
-6.152300000000000324e+00 1.140000000000000041e-01
-6.142300000000000537e+00 1.110000000000000014e-01
-6.132299999999999862e+00 1.069999999999999979e-01
-6.122300000000000075e+00 1.029999999999999943e-01
-6.112300000000000288e+00 9.900000000000000466e-02
-6.102300000000000502e+00 9.550000000000000155e-02
-6.092299999999999827e+00 9.299999999999999933e-02
-6.082300000000000040e+00 9.160000000000000087e-02
-6.072300000000000253e+00 9.130000000000000615e-02
-6.062300000000000466e+00 9.210000000000000131e-02
-6.052300000000000679e+00 9.349999999999999978e-02
-6.042300000000000004e+00 9.529999999999999583e-02
-6.032300000000000217e+00 9.710000000000000575e-02
-6.022300000000000431e+00 9.850000000000000422e-02
-6.012300000000000644e+00 9.929999999999999938e-02
-6.002299999999999969e+00 9.919999999999999651e-02
-5.992300000000000182e+00 9.829999999999999849e-02
-5.982300000000000395e+00 9.679999999999999716e-02
-5.972300000000000608e+00 9.470000000000000639e-02
-5.962299999999999933e+00 9.249999999999999889e-02
-5.952300000000000146e+00 9.049999999999999711e-02
-5.942300000000000360e+00 8.890000000000000679e-02
-5.932300000000000573e+00 8.799999999999999489e-02
-5.922299999999999898e+00 8.770000000000000018e-02
-5.912300000000000111e+00 8.809999999999999776e-02
-5.902300000000000324e+00 8.880000000000000393e-02
-5.892300000000000537e+00 8.970000000000000195e-02
-5.882299999999999862e+00 9.030000000000000526e-02
-5.872300000000000075e+00 9.039999999999999425e-02
-5.862300000000000288e+00 8.999999999999999667e-02
-5.852300000000000502e+00 8.899999999999999578e-02
-5.842299999999999827e+00 8.770000000000000018e-02
-5.832300000000000040e+00 8.609999999999999598e-02
-5.822300000000000253e+00 8.459999999999999465e-02
-5.812300000000000466e+00 8.329999999999999905e-02
-5.802300000000000679e+00 8.250000000000000389e-02
-5.792300000000000004e+00 8.210000000000000631e-02
-5.782300000000000217e+00 8.210000000000000631e-02
-5.772300000000000431e+00 8.240000000000000102e-02
-5.762299999999999756e+00 8.279999999999999860e-02
-5.752299999999999969e+00 8.309999999999999332e-02
-5.742300000000000182e+00 8.309999999999999332e-02
-5.732300000000000395e+00 8.250000000000000389e-02
-5.722300000000000608e+00 8.129999999999999727e-02
-5.712299999999999933e+00 7.939999999999999836e-02
-5.702300000000000146e+00 7.710000000000000187e-02
-5.692300000000000360e+00 7.439999999999999392e-02
-5.682300000000000573e+00 7.169999999999999984e-02
-5.672299999999999898e+00 6.930000000000000049e-02
-5.662300000000000111e+00 6.759999999999999343e-02
-5.652300000000000324e+00 6.669999999999999540e-02
-5.642300000000000537e+00 6.679999999999999827e-02
-5.632299999999999862e+00 6.800000000000000488e-02
-5.622300000000000075e+00 7.019999999999999851e-02
-5.612300000000000288e+00 7.299999999999999545e-02
-5.602300000000000502e+00 7.630000000000000671e-02
-5.592299999999999827e+00 7.939999999999999836e-02
-5.582300000000000040e+00 8.200000000000000344e-02
-5.572300000000000253e+00 8.359999999999999376e-02
-5.562300000000000466e+00 8.400000000000000522e-02
-5.552300000000000679e+00 8.279999999999999860e-02
-5.542300000000000004e+00 8.029999999999999638e-02
-5.532300000000000217e+00 7.670000000000000429e-02
-5.522300000000000431e+00 7.230000000000000315e-02
-5.512299999999999756e+00 6.779999999999999916e-02
-5.502299999999999969e+00 6.360000000000000375e-02
-5.492300000000000182e+00 6.029999999999999943e-02
-5.482300000000000395e+00 5.809999999999999887e-02
-5.472300000000000608e+00 5.729999999999999677e-02
-5.462299999999999933e+00 5.790000000000000008e-02
-5.452300000000000146e+00 5.970000000000000306e-02
-5.442300000000000360e+00 6.230000000000000121e-02
-5.432300000000000573e+00 6.539999999999999980e-02
-5.422299999999999898e+00 6.840000000000000246e-02
-5.412300000000000111e+00 7.099999999999999367e-02
-5.402300000000000324e+00 7.270000000000000073e-02
-5.392300000000000537e+00 7.320000000000000118e-02
-5.382299999999999862e+00 7.249999999999999500e-02
-5.372300000000000075e+00 7.059999999999999609e-02
-5.362300000000000288e+00 6.769999999999999629e-02
-5.352300000000000502e+00 6.400000000000000133e-02
-5.342299999999999827e+00 6.010000000000000064e-02
-5.332300000000000040e+00 5.639999999999999875e-02
-5.322300000000000253e+00 5.330000000000000016e-02
-5.312300000000000466e+00 5.120000000000000245e-02
-5.302300000000000679e+00 5.029999999999999749e-02
-5.292300000000000004e+00 5.059999999999999915e-02
-5.282300000000000217e+00 5.199999999999999761e-02
-5.272300000000000431e+00 5.430000000000000104e-02
-5.262299999999999756e+00 5.700000000000000205e-02
-5.252299999999999969e+00 5.979999999999999899e-02
-5.242300000000000182e+00 6.230000000000000121e-02
-5.232300000000000395e+00 6.410000000000000420e-02
-5.222300000000000608e+00 6.510000000000000508e-02
-5.212299999999999933e+00 6.519999999999999407e-02
-5.202300000000000146e+00 6.450000000000000178e-02
-5.192300000000000360e+00 6.329999999999999516e-02
-5.182299999999999685e+00 6.169999999999999790e-02
-5.172299999999999898e+00 5.999999999999999778e-02
-5.162300000000000111e+00 5.829999999999999766e-02
-5.152300000000000324e+00 5.680000000000000326e-02
-5.142300000000000537e+00 5.550000000000000072e-02
-5.132300000000000750e+00 5.449999999999999983e-02
-5.122300000000000075e+00 5.380000000000000060e-02
-5.112300000000000288e+00 5.340000000000000302e-02
-5.102300000000000502e+00 5.330000000000000016e-02
-5.092299999999999827e+00 5.330000000000000016e-02
-5.082300000000000040e+00 5.330000000000000016e-02
-5.072300000000000253e+00 5.319999999999999729e-02
-5.062300000000000466e+00 5.279999999999999971e-02
-5.052300000000000679e+00 5.210000000000000048e-02
-5.042300000000000004e+00 5.090000000000000080e-02
-5.032300000000000217e+00 4.929999999999999660e-02
-5.022300000000000431e+00 4.750000000000000056e-02
-5.012299999999999756e+00 4.560000000000000164e-02
-5.002299999999999969e+00 4.379999999999999866e-02
-4.992300000000000182e+00 4.250000000000000305e-02
-4.982300000000000395e+00 4.170000000000000095e-02
-4.972300000000000608e+00 4.159999999999999809e-02
-4.962299999999999933e+00 4.220000000000000140e-02
-4.952300000000000146e+00 4.340000000000000108e-02
-4.942300000000000360e+00 4.529999999999999999e-02
-4.932299999999999685e+00 4.760000000000000342e-02
-4.922299999999999898e+00 5.000000000000000278e-02
-4.912300000000000111e+00 5.249999999999999806e-02
-4.902300000000000324e+00 5.449999999999999983e-02
-4.892300000000000537e+00 5.609999999999999709e-02
-4.882300000000000750e+00 5.680000000000000326e-02
-4.872300000000000075e+00 5.659999999999999754e-02
-4.862300000000000288e+00 5.539999999999999786e-02
-4.852300000000000502e+00 5.340000000000000302e-02
-4.842299999999999827e+00 5.090000000000000080e-02
-4.832300000000000040e+00 4.800000000000000100e-02
-4.822300000000000253e+00 4.510000000000000120e-02
-4.812300000000000466e+00 4.250000000000000305e-02
-4.802300000000000679e+00 4.050000000000000128e-02
-4.792300000000000004e+00 3.919999999999999873e-02
-4.782300000000000217e+00 3.869999999999999829e-02
-4.772300000000000431e+00 3.889999999999999708e-02
-4.762299999999999756e+00 3.969999999999999918e-02
-4.752299999999999969e+00 4.109999999999999765e-02
-4.742300000000000182e+00 4.270000000000000184e-02
-4.732300000000000395e+00 4.420000000000000318e-02
-4.722300000000000608e+00 4.549999999999999878e-02
-4.712299999999999933e+00 4.630000000000000088e-02
-4.702300000000000146e+00 4.639999999999999680e-02
-4.692300000000000360e+00 4.569999999999999757e-02
-4.682299999999999685e+00 4.420000000000000318e-02
-4.672299999999999898e+00 4.200000000000000261e-02
-4.662300000000000111e+00 3.939999999999999752e-02
-4.652300000000000324e+00 3.670000000000000345e-02
-4.642300000000000537e+00 3.420000000000000123e-02
-4.632300000000000750e+00 3.230000000000000232e-02
-4.622300000000000075e+00 3.119999999999999857e-02
-4.612300000000000288e+00 3.099999999999999978e-02
-4.602300000000000502e+00 3.180000000000000188e-02
-4.592299999999999827e+00 3.330000000000000321e-02
-4.582300000000000040e+00 3.549999999999999684e-02
-4.572300000000000253e+00 3.799999999999999906e-02
-4.562300000000000466e+00 4.070000000000000007e-02
-4.552300000000000679e+00 4.320000000000000229e-02
-4.542300000000000004e+00 4.549999999999999878e-02
-4.532300000000000217e+00 4.750000000000000056e-02
-4.522300000000000431e+00 4.920000000000000068e-02
-4.512299999999999756e+00 5.059999999999999915e-02
-4.502299999999999969e+00 5.160000000000000003e-02
-4.492300000000000182e+00 5.229999999999999927e-02
-4.482300000000000395e+00 5.260000000000000092e-02
-4.472300000000000608e+00 5.240000000000000213e-02
-4.462299999999999933e+00 5.170000000000000290e-02
-4.452300000000000146e+00 5.040000000000000036e-02
-4.442300000000000360e+00 4.870000000000000023e-02
-4.432299999999999685e+00 4.669999999999999846e-02
-4.422299999999999898e+00 4.449999999999999789e-02
-4.412300000000000111e+00 4.240000000000000019e-02
-4.402300000000000324e+00 4.070000000000000007e-02
-4.392300000000000537e+00 3.960000000000000325e-02
-4.382300000000000750e+00 3.910000000000000281e-02
-4.372300000000000075e+00 3.939999999999999752e-02
-4.362300000000000288e+00 4.030000000000000249e-02
-4.352300000000000502e+00 4.159999999999999809e-02
-4.342299999999999827e+00 4.320000000000000229e-02
-4.332300000000000040e+00 4.479999999999999954e-02
-4.322300000000000253e+00 4.619999999999999801e-02
-4.312300000000000466e+00 4.739999999999999769e-02
-4.302300000000000679e+00 4.830000000000000265e-02
-4.292300000000000892e+00 4.889999999999999902e-02
-4.282300000000000217e+00 4.920000000000000068e-02
-4.272300000000000431e+00 4.939999999999999947e-02
-4.262299999999999756e+00 4.939999999999999947e-02
-4.252299999999999969e+00 4.939999999999999947e-02
-4.242300000000000182e+00 4.950000000000000233e-02
-4.232300000000000395e+00 4.959999999999999826e-02
-4.222300000000000608e+00 4.979999999999999705e-02
-4.212300000000000821e+00 5.000000000000000278e-02
-4.202300000000000146e+00 5.050000000000000322e-02
-4.192300000000000360e+00 5.099999999999999672e-02
-4.182299999999999685e+00 5.160000000000000003e-02
-4.172299999999999898e+00 5.229999999999999927e-02
-4.162300000000000111e+00 5.310000000000000137e-02
-4.152300000000000324e+00 5.390000000000000346e-02
-4.142300000000000537e+00 5.460000000000000270e-02
-4.132300000000000750e+00 5.519999999999999907e-02
-4.122300000000000075e+00 5.559999999999999665e-02
-4.112300000000000288e+00 5.580000000000000238e-02
-4.102299999999999613e+00 5.569999999999999951e-02
-4.092299999999999827e+00 5.530000000000000193e-02
-4.082300000000000040e+00 5.460000000000000270e-02
-4.072300000000000253e+00 5.369999999999999774e-02
-4.062300000000000466e+00 5.269999999999999685e-02
-4.052300000000000679e+00 5.170000000000000290e-02
-4.042300000000000892e+00 5.070000000000000201e-02
-4.032300000000000217e+00 4.979999999999999705e-02
-4.022300000000000431e+00 4.909999999999999781e-02
-4.012299999999999756e+00 4.859999999999999737e-02
-4.002299999999999969e+00 4.830000000000000265e-02
-3.992300000000000182e+00 4.839999999999999858e-02
-3.982300000000000395e+00 4.880000000000000310e-02
-3.972300000000000164e+00 4.950000000000000233e-02
-3.962300000000000377e+00 5.020000000000000157e-02
-3.952300000000000146e+00 5.099999999999999672e-02
-3.942300000000000360e+00 5.160000000000000003e-02
-3.932300000000000129e+00 5.190000000000000169e-02
-3.922300000000000342e+00 5.199999999999999761e-02
-3.912300000000000111e+00 5.170000000000000290e-02
-3.902300000000000324e+00 5.109999999999999959e-02
-3.892300000000000093e+00 5.029999999999999749e-02
-3.882300000000000306e+00 4.939999999999999947e-02
-3.872300000000000075e+00 4.850000000000000144e-02
-3.862300000000000288e+00 4.769999999999999934e-02
-3.852300000000000058e+00 4.710000000000000298e-02
-3.842300000000000271e+00 4.680000000000000132e-02
-3.832300000000000040e+00 4.669999999999999846e-02
-3.822300000000000253e+00 4.700000000000000011e-02
-3.812300000000000022e+00 4.750000000000000056e-02
-3.802300000000000235e+00 4.830000000000000265e-02
-3.792300000000000448e+00 4.939999999999999947e-02
-3.782300000000000217e+00 5.070000000000000201e-02
-3.772300000000000431e+00 5.220000000000000334e-02
-3.762300000000000200e+00 5.380000000000000060e-02
-3.752300000000000413e+00 5.530000000000000193e-02
-3.742300000000000182e+00 5.670000000000000040e-02
-3.732300000000000395e+00 5.770000000000000129e-02
-3.722300000000000164e+00 5.820000000000000173e-02
-3.712300000000000377e+00 5.820000000000000173e-02
-3.702300000000000146e+00 5.750000000000000250e-02
-3.692300000000000360e+00 5.630000000000000282e-02
-3.682300000000000129e+00 5.449999999999999983e-02
-3.672300000000000342e+00 5.229999999999999927e-02
-3.662300000000000111e+00 5.000000000000000278e-02
-3.652300000000000324e+00 4.780000000000000221e-02
-3.642300000000000093e+00 4.580000000000000043e-02
-3.632300000000000306e+00 4.440000000000000197e-02
-3.622300000000000075e+00 4.349999999999999700e-02
-3.612300000000000288e+00 4.320000000000000229e-02
-3.602300000000000058e+00 4.359999999999999987e-02
-3.592300000000000271e+00 4.449999999999999789e-02
-3.582300000000000040e+00 4.569999999999999757e-02
-3.572300000000000253e+00 4.730000000000000177e-02
-3.562300000000000022e+00 4.889999999999999902e-02
-3.552300000000000235e+00 5.059999999999999915e-02
-3.542300000000000448e+00 5.210000000000000048e-02
-3.532300000000000217e+00 5.319999999999999729e-02
-3.522300000000000431e+00 5.390000000000000346e-02
-3.512300000000000200e+00 5.399999999999999939e-02
-3.502300000000000413e+00 5.349999999999999895e-02
-3.492300000000000182e+00 5.240000000000000213e-02
-3.482300000000000395e+00 5.059999999999999915e-02
-3.472300000000000164e+00 4.850000000000000144e-02
-3.462300000000000377e+00 4.599999999999999922e-02
-3.452300000000000146e+00 4.359999999999999987e-02
-3.442300000000000360e+00 4.130000000000000338e-02
-3.432300000000000129e+00 3.960000000000000325e-02
-3.422300000000000342e+00 3.839999999999999664e-02
-3.412300000000000111e+00 3.799999999999999906e-02
-3.402300000000000324e+00 3.830000000000000071e-02
-3.392300000000000093e+00 3.939999999999999752e-02
-3.382300000000000306e+00 4.100000000000000172e-02
-3.372300000000000075e+00 4.309999999999999942e-02
-3.362300000000000288e+00 4.540000000000000285e-02
-3.352300000000000058e+00 4.769999999999999934e-02
-3.342300000000000271e+00 4.989999999999999991e-02
-3.332300000000000040e+00 5.179999999999999882e-02
-3.322300000000000253e+00 5.319999999999999729e-02
-3.312300000000000022e+00 5.399999999999999939e-02
-3.302300000000000235e+00 5.430000000000000104e-02
-3.292300000000000448e+00 5.419999999999999818e-02
-3.282300000000000217e+00 5.360000000000000181e-02
-3.272300000000000431e+00 5.279999999999999971e-02
-3.262300000000000200e+00 5.190000000000000169e-02
-3.252300000000000413e+00 5.079999999999999793e-02
-3.242300000000000182e+00 4.970000000000000112e-02
-3.232300000000000395e+00 4.850000000000000144e-02
-3.222300000000000164e+00 4.719999999999999890e-02
-3.212300000000000377e+00 4.580000000000000043e-02
-3.202300000000000146e+00 4.440000000000000197e-02
-3.192300000000000360e+00 4.290000000000000063e-02
-3.182300000000000129e+00 4.159999999999999809e-02
-3.172300000000000342e+00 4.039999999999999841e-02
-3.162300000000000111e+00 3.960000000000000325e-02
-3.152300000000000324e+00 3.899999999999999994e-02
-3.142300000000000093e+00 3.880000000000000115e-02
-3.132300000000000306e+00 3.889999999999999708e-02
-3.122300000000000075e+00 3.919999999999999873e-02
-3.112300000000000288e+00 3.950000000000000039e-02
-3.102300000000000058e+00 3.980000000000000204e-02
-3.092300000000000271e+00 4.000000000000000083e-02
-3.082300000000000040e+00 3.989999999999999797e-02
-3.072300000000000253e+00 3.960000000000000325e-02
-3.062300000000000022e+00 3.919999999999999873e-02
-3.052300000000000235e+00 3.860000000000000236e-02
-3.042300000000000448e+00 3.799999999999999906e-02
-3.032300000000000217e+00 3.749999999999999861e-02
-3.022300000000000431e+00 3.710000000000000103e-02
-3.012300000000000200e+00 3.699999999999999817e-02
-3.002300000000000413e+00 3.719999999999999696e-02
-2.992300000000000182e+00 3.769999999999999740e-02
-2.982300000000000395e+00 3.839999999999999664e-02
-2.972300000000000164e+00 3.939999999999999752e-02
-2.962300000000000377e+00 4.050000000000000128e-02
-2.952300000000000146e+00 4.159999999999999809e-02
-2.942300000000000360e+00 4.250000000000000305e-02
-2.932300000000000129e+00 4.329999999999999821e-02
-2.922300000000000342e+00 4.379999999999999866e-02
-2.912300000000000111e+00 4.410000000000000031e-02
-2.902300000000000324e+00 4.420000000000000318e-02
-2.892300000000000093e+00 4.399999999999999745e-02
-2.882300000000000306e+00 4.370000000000000273e-02
-2.872300000000000075e+00 4.320000000000000229e-02
-2.862300000000000288e+00 4.270000000000000184e-02
-2.852300000000000058e+00 4.200000000000000261e-02
-2.842300000000000271e+00 4.130000000000000338e-02
-2.832300000000000040e+00 4.059999999999999720e-02
-2.822300000000000253e+00 3.969999999999999918e-02
-2.812300000000000022e+00 3.889999999999999708e-02
-2.802300000000000235e+00 3.799999999999999906e-02
-2.792300000000000448e+00 3.710000000000000103e-02
-2.782300000000000217e+00 3.610000000000000014e-02
-2.772300000000000431e+00 3.509999999999999926e-02
-2.762300000000000200e+00 3.409999999999999837e-02
-2.752300000000000413e+00 3.300000000000000155e-02
-2.742300000000000182e+00 3.200000000000000067e-02
-2.732300000000000395e+00 3.099999999999999978e-02
-2.722300000000000164e+00 3.020000000000000115e-02
-2.712300000000000377e+00 2.960000000000000131e-02
-2.702300000000000146e+00 2.920000000000000026e-02
-2.692300000000000360e+00 2.910000000000000087e-02
-2.682300000000000129e+00 2.910000000000000087e-02
-2.672300000000000342e+00 2.929999999999999966e-02
-2.662300000000000111e+00 2.960000000000000131e-02
-2.652300000000000324e+00 2.989999999999999949e-02
-2.642300000000000093e+00 3.020000000000000115e-02
-2.632300000000000306e+00 3.049999999999999933e-02
-2.622300000000000075e+00 3.059999999999999873e-02
-2.612300000000000288e+00 3.080000000000000099e-02
-2.602300000000000058e+00 3.099999999999999978e-02
-2.592300000000000271e+00 3.119999999999999857e-02
-2.582300000000000040e+00 3.160000000000000309e-02
-2.572300000000000253e+00 3.209999999999999659e-02
-2.562300000000000022e+00 3.280000000000000276e-02
-2.552300000000000235e+00 3.350000000000000200e-02
-2.542300000000000448e+00 3.420000000000000123e-02
-2.532300000000000217e+00 3.490000000000000047e-02
-2.522300000000000431e+00 3.529999999999999805e-02
-2.512300000000000200e+00 3.549999999999999684e-02
-2.502300000000000413e+00 3.540000000000000091e-02
-2.492300000000000182e+00 3.490000000000000047e-02
-2.482300000000000395e+00 3.409999999999999837e-02
-2.472300000000000164e+00 3.320000000000000034e-02
-2.462300000000000377e+00 3.209999999999999659e-02
-2.452300000000000146e+00 3.099999999999999978e-02
-2.442300000000000360e+00 3.009999999999999828e-02
-2.432300000000000129e+00 2.939999999999999905e-02
-2.422300000000000342e+00 2.889999999999999861e-02
-2.412300000000000111e+00 2.869999999999999982e-02
-2.402300000000000324e+00 2.850000000000000103e-02
-2.392300000000000093e+00 2.850000000000000103e-02
-2.382300000000000306e+00 2.840000000000000163e-02
-2.372300000000000075e+00 2.829999999999999877e-02
-2.362300000000000288e+00 2.790000000000000119e-02
-2.352300000000000058e+00 2.750000000000000014e-02
-2.342300000000000271e+00 2.680000000000000090e-02
-2.332300000000000040e+00 2.610000000000000167e-02
-2.322300000000000253e+00 2.520000000000000018e-02
-2.312300000000000022e+00 2.429999999999999868e-02
-2.302300000000000679e+00 2.350000000000000006e-02
-2.292300000000000004e+00 2.270000000000000143e-02
-2.282300000000000217e+00 2.220000000000000098e-02
-2.272300000000000431e+00 2.179999999999999993e-02
-2.262300000000000644e+00 2.160000000000000114e-02
-2.252299999999999969e+00 2.170000000000000054e-02
-2.242300000000000182e+00 2.199999999999999872e-02
-2.232300000000000395e+00 2.259999999999999856e-02
-2.222300000000000608e+00 2.319999999999999840e-02
-2.212299999999999933e+00 2.390000000000000110e-02
-2.202300000000000146e+00 2.450000000000000094e-02
-2.192300000000000360e+00 2.489999999999999852e-02
-2.182300000000000573e+00 2.520000000000000018e-02
-2.172299999999999898e+00 2.520000000000000018e-02
-2.162300000000000111e+00 2.500000000000000139e-02
-2.152300000000000324e+00 2.469999999999999973e-02
-2.142300000000000537e+00 2.419999999999999929e-02
-2.132299999999999862e+00 2.359999999999999945e-02
-2.122300000000000075e+00 2.309999999999999901e-02
-2.112300000000000288e+00 2.259999999999999856e-02
-2.102300000000000502e+00 2.230000000000000038e-02
-2.092299999999999827e+00 2.199999999999999872e-02
-2.082300000000000040e+00 2.179999999999999993e-02
-2.072300000000000253e+00 2.179999999999999993e-02
-2.062300000000000466e+00 2.179999999999999993e-02
-2.052300000000000679e+00 2.189999999999999933e-02
-2.042300000000000004e+00 2.210000000000000159e-02
-2.032300000000000217e+00 2.220000000000000098e-02
-2.022300000000000431e+00 2.230000000000000038e-02
-2.012300000000000644e+00 2.230000000000000038e-02
-2.002299999999999969e+00 2.220000000000000098e-02
-1.992300000000000182e+00 2.199999999999999872e-02
-1.982300000000000395e+00 2.160000000000000114e-02
-1.972300000000000608e+00 2.120000000000000009e-02
-1.962299999999999933e+00 2.069999999999999965e-02
-1.952300000000000146e+00 2.019999999999999921e-02
-1.942300000000000360e+00 1.969999999999999876e-02
-1.932300000000000573e+00 1.930000000000000118e-02
-1.922299999999999898e+00 1.880000000000000074e-02
-1.912300000000000111e+00 1.839999999999999969e-02
-1.902300000000000324e+00 1.799999999999999864e-02
-1.892300000000000537e+00 1.750000000000000167e-02
-1.882299999999999862e+00 1.710000000000000062e-02
-1.872300000000000075e+00 1.660000000000000017e-02
-1.862300000000000288e+00 1.619999999999999912e-02
-1.852300000000000502e+00 1.580000000000000154e-02
-1.842299999999999827e+00 1.540000000000000049e-02
-1.832300000000000040e+00 1.519999999999999997e-02
-1.822300000000000253e+00 1.499999999999999944e-02
-1.812300000000000466e+00 1.490000000000000005e-02
-1.802300000000000679e+00 1.490000000000000005e-02
-1.792300000000000004e+00 1.490000000000000005e-02
-1.782300000000000217e+00 1.499999999999999944e-02
-1.772300000000000431e+00 1.499999999999999944e-02
-1.762300000000000644e+00 1.510000000000000057e-02
-1.752299999999999969e+00 1.519999999999999997e-02
-1.742300000000000182e+00 1.519999999999999997e-02
-1.732300000000000395e+00 1.519999999999999997e-02
-1.722300000000000608e+00 1.519999999999999997e-02
-1.712299999999999933e+00 1.510000000000000057e-02
-1.702300000000000146e+00 1.499999999999999944e-02
-1.692300000000000360e+00 1.480000000000000066e-02
-1.682300000000000573e+00 1.460000000000000013e-02
-1.672299999999999898e+00 1.420000000000000082e-02
-1.662300000000000111e+00 1.379999999999999977e-02
-1.652300000000000324e+00 1.340000000000000045e-02
-1.642300000000000537e+00 1.299999999999999940e-02
-1.632299999999999862e+00 1.269999999999999948e-02
-1.622300000000000075e+00 1.239999999999999956e-02
-1.612300000000000288e+00 1.230000000000000017e-02
-1.602300000000000502e+00 1.230000000000000017e-02
-1.592299999999999827e+00 1.239999999999999956e-02
-1.582300000000000040e+00 1.260000000000000009e-02
-1.572300000000000253e+00 1.280000000000000061e-02
-1.562300000000000466e+00 1.299999999999999940e-02
-1.552300000000000679e+00 1.310000000000000053e-02
-1.542300000000000004e+00 1.310000000000000053e-02
-1.532300000000000217e+00 1.299999999999999940e-02
-1.522300000000000431e+00 1.269999999999999948e-02
-1.512300000000000644e+00 1.239999999999999956e-02
-1.502299999999999969e+00 1.200000000000000025e-02
-1.492300000000000182e+00 1.170000000000000033e-02
-1.482300000000000395e+00 1.129999999999999928e-02
-1.472300000000000608e+00 1.089999999999999997e-02
-1.462299999999999933e+00 1.050000000000000065e-02
-1.452300000000000146e+00 1.009999999999999960e-02
-1.442300000000000360e+00 9.730000000000000801e-03
-1.432300000000000573e+00 9.299999999999999239e-03
-1.422299999999999898e+00 8.840000000000000635e-03
-1.412300000000000111e+00 8.370000000000000703e-03
-1.402300000000000324e+00 7.919999999999999957e-03
-1.392300000000000537e+00 7.510000000000000182e-03
-1.382299999999999862e+00 7.179999999999999750e-03
-1.372300000000000075e+00 6.960000000000000041e-03
-1.362300000000000288e+00 6.850000000000000186e-03
-1.352300000000000502e+00 6.850000000000000186e-03
-1.342299999999999827e+00 6.939999999999999988e-03
-1.332300000000000040e+00 7.080000000000000356e-03
-1.322300000000000253e+00 7.230000000000000315e-03
-1.312300000000000466e+00 7.340000000000000170e-03
-1.302300000000000679e+00 7.400000000000000328e-03
-1.292300000000000004e+00 7.369999999999999815e-03
-1.282300000000000217e+00 7.270000000000000420e-03
-1.272300000000000431e+00 7.110000000000000001e-03
-1.262300000000000644e+00 6.939999999999999988e-03
-1.252299999999999969e+00 6.790000000000000029e-03
-1.242300000000000182e+00 6.680000000000000174e-03
-1.232300000000000395e+00 6.629999999999999609e-03
-1.222300000000000608e+00 6.649999999999999661e-03
-1.212299999999999933e+00 6.709999999999999819e-03
-1.202300000000000146e+00 6.790000000000000029e-03
-1.192300000000000360e+00 6.859999999999999779e-03
-1.182300000000000573e+00 6.890000000000000291e-03
-1.172299999999999898e+00 6.879999999999999831e-03
-1.162300000000000111e+00 6.819999999999999674e-03
-1.152300000000000324e+00 6.720000000000000279e-03
-1.142300000000000537e+00 6.610000000000000424e-03
-1.132299999999999862e+00 6.490000000000000109e-03
-1.122300000000000075e+00 6.369999999999999794e-03
-1.112300000000000288e+00 6.259999999999999939e-03
-1.102300000000000502e+00 6.150000000000000085e-03
-1.092299999999999827e+00 6.029999999999999770e-03
-1.082300000000000040e+00 5.870000000000000218e-03
-1.072300000000000253e+00 5.669999999999999693e-03
-1.062300000000000466e+00 5.420000000000000338e-03
-1.052300000000000679e+00 5.120000000000000419e-03
-1.042300000000000004e+00 4.780000000000000394e-03
-1.032300000000000217e+00 4.440000000000000370e-03
-1.022300000000000431e+00 4.100000000000000346e-03
-1.012300000000000644e+00 3.799999999999999992e-03
-1.002299999999999969e+00 3.559999999999999797e-03
-9.923000000000001819e-01 3.370000000000000166e-03
-9.823000000000003951e-01 3.239999999999999825e-03
-9.723000000000006082e-01 3.160000000000000048e-03
-9.622999999999999332e-01 3.099999999999999891e-03
-9.523000000000001464e-01 3.059999999999999786e-03
-9.423000000000003595e-01 3.010000000000000089e-03
-9.323000000000005727e-01 2.949999999999999931e-03
-9.222999999999998977e-01 2.870000000000000155e-03
-9.123000000000001108e-01 2.789999999999999945e-03
-9.023000000000003240e-01 2.710000000000000169e-03
-8.923000000000005372e-01 2.650000000000000012e-03
-8.822999999999998622e-01 2.619999999999999933e-03
-8.723000000000000753e-01 2.619999999999999933e-03
-8.623000000000002885e-01 2.660000000000000038e-03
-8.523000000000005016e-01 2.720000000000000195e-03
-8.422999999999998266e-01 2.799999999999999972e-03
-8.323000000000000398e-01 2.880000000000000181e-03
-8.223000000000002530e-01 2.949999999999999931e-03
-8.123000000000004661e-01 2.990000000000000036e-03
-8.023000000000006793e-01 3.000000000000000062e-03
-7.923000000000000043e-01 2.969999999999999984e-03
-7.823000000000002174e-01 2.899999999999999800e-03
-7.723000000000004306e-01 2.809999999999999998e-03
-7.623000000000006438e-01 2.690000000000000117e-03
-7.522999999999999687e-01 2.560000000000000209e-03
-7.423000000000001819e-01 2.429999999999999868e-03
-7.323000000000003951e-01 2.309999999999999987e-03
-7.223000000000006082e-01 2.190000000000000106e-03
-7.122999999999999332e-01 2.069999999999999792e-03
-7.023000000000001464e-01 1.959999999999999937e-03
-6.923000000000003595e-01 1.840000000000000056e-03
-6.823000000000005727e-01 1.709999999999999932e-03
-6.722999999999998977e-01 1.569999999999999998e-03
-6.623000000000001108e-01 1.430000000000000064e-03
-6.523000000000003240e-01 1.289999999999999914e-03
-6.423000000000005372e-01 1.160000000000000007e-03
-6.322999999999998622e-01 1.030000000000000100e-03
-6.223000000000000753e-01 9.280000000000000054e-04
-6.123000000000002885e-01 8.429999999999999993e-04
-6.023000000000005016e-01 7.759999999999999971e-04
-5.922999999999998266e-01 7.249999999999999500e-04
-5.823000000000000398e-01 6.859999999999999779e-04
-5.723000000000002530e-01 6.570000000000000319e-04
-5.623000000000004661e-01 6.350000000000000392e-04
-5.523000000000006793e-01 6.189999999999999756e-04
-5.423000000000000043e-01 6.080000000000000335e-04
-5.323000000000002174e-01 6.019999999999999961e-04
-5.223000000000004306e-01 5.999999999999999474e-04
-5.123000000000006438e-01 6.009999999999999717e-04
-5.022999999999999687e-01 6.019999999999999961e-04
-4.923000000000001819e-01 5.990000000000000316e-04
-4.823000000000003951e-01 5.900000000000000296e-04
-4.723000000000006082e-01 5.730000000000000501e-04
-4.622999999999999332e-01 5.450000000000000200e-04
-4.523000000000001464e-01 5.079999999999999880e-04
-4.423000000000003595e-01 4.620000000000000083e-04
-4.323000000000005727e-01 4.090000000000000211e-04
-4.222999999999998977e-01 3.530000000000000152e-04
-4.123000000000001108e-01 2.959999999999999849e-04
-4.023000000000003240e-01 2.420000000000000005e-04
-3.923000000000005372e-01 1.910000000000000077e-04
-3.822999999999998622e-01 1.469999999999999953e-04
-3.723000000000000753e-01 1.090000000000000067e-04
-3.623000000000002885e-01 7.899999999999999579e-05
-3.523000000000005016e-01 5.509999999999999761e-05
-3.422999999999998266e-01 3.720000000000000298e-05
-3.323000000000000398e-01 2.430000000000000112e-05
-3.223000000000002530e-01 1.529999999999999920e-05
-3.123000000000004661e-01 9.290000000000000840e-06
-3.023000000000006793e-01 5.439999999999999584e-06
-2.923000000000000043e-01 3.069999999999999829e-06
-2.823000000000002174e-01 1.659999999999999988e-06
-2.723000000000004306e-01 8.689999999999999596e-07
-2.623000000000006438e-01 4.359999999999999866e-07
-2.522999999999999687e-01 2.100000000000000011e-07
-2.423000000000001819e-01 9.760000000000000045e-08
-2.323000000000003951e-01 4.339999999999999819e-08
-2.223000000000006082e-01 1.860000000000000112e-08
-2.122999999999999332e-01 7.619999999999999743e-09
-2.023000000000001464e-01 2.999999999999999980e-09
-1.923000000000003595e-01 1.130000000000000027e-09
-1.823000000000005727e-01 4.099999999999999800e-10
-1.722999999999998977e-01 1.420000000000000008e-10
-1.623000000000001108e-01 4.739999999999999917e-11
-1.523000000000003240e-01 1.510000000000000149e-11
-1.423000000000005372e-01 4.639999999999999616e-12
-1.322999999999998622e-01 1.360000000000000062e-12
-1.223000000000000753e-01 3.819999999999999879e-13
-1.123000000000002885e-01 1.030000000000000029e-13
-1.023000000000005016e-01 2.660000000000000151e-14
-9.229999999999982663e-02 6.509999999999999682e-15
-8.230000000000003979e-02 1.520000000000000047e-15
-7.230000000000025295e-02 3.460000000000000016e-16
-6.230000000000046612e-02 1.040000000000000069e-26
-5.230000000000067928e-02 2.970000000000000140e-15
-4.230000000000000426e-02 1.330000000000000076e-14
-3.230000000000021743e-02 5.699999999999999694e-14
-2.230000000000043059e-02 2.340000000000000127e-13
-1.230000000000064375e-02 9.210000000000000136e-13
-2.299999999999968736e-03 3.480000000000000116e-12
7.699999999999818101e-03 1.250000000000000046e-11
1.769999999999960494e-02 4.340000000000000006e-11
2.769999999999939178e-02 1.439999999999999939e-10
3.770000000000006679e-02 4.559999999999999763e-10
4.769999999999985363e-02 1.389999999999999956e-09
5.769999999999964047e-02 4.040000000000000111e-09
6.769999999999942730e-02 1.130000000000000027e-08
7.770000000000010232e-02 3.019999999999999911e-08
8.769999999999988916e-02 7.749999999999999914e-08
9.769999999999967599e-02 1.910000000000000030e-07
1.076999999999994628e-01 4.499999999999999796e-07
1.177000000000001378e-01 1.019999999999999975e-06
1.276999999999999247e-01 2.210000000000000016e-06
1.376999999999997115e-01 4.619999999999999812e-06
1.476999999999994984e-01 9.269999999999999337e-06
1.577000000000001734e-01 1.790000000000000141e-05
1.676999999999999602e-01 3.320000000000000062e-05
1.776999999999997470e-01 5.940000000000000049e-05
1.876999999999995339e-01 1.019999999999999992e-04
1.976999999999993207e-01 1.710000000000000094e-04
2.076999999999999957e-01 2.750000000000000166e-04
2.176999999999997826e-01 4.279999999999999950e-04
2.276999999999995694e-01 6.470000000000000057e-04
2.376999999999993562e-01 9.499999999999999981e-04
2.477000000000000313e-01 1.360000000000000098e-03
2.576999999999998181e-01 1.889999999999999970e-03
2.676999999999996049e-01 2.550000000000000183e-03
2.776999999999993918e-01 3.370000000000000166e-03
2.877000000000000668e-01 4.349999999999999700e-03
2.976999999999998536e-01 5.490000000000000088e-03
3.076999999999996405e-01 6.760000000000000384e-03
3.176999999999994273e-01 8.160000000000000586e-03
3.277000000000001023e-01 9.650000000000000591e-03
3.376999999999998892e-01 1.119999999999999989e-02
3.476999999999996760e-01 1.280000000000000061e-02
3.576999999999994628e-01 1.439999999999999961e-02
3.677000000000001378e-01 1.609999999999999973e-02
3.776999999999999247e-01 1.770000000000000046e-02
3.876999999999997115e-01 1.930000000000000118e-02
3.976999999999994984e-01 2.089999999999999844e-02
4.077000000000001734e-01 2.239999999999999977e-02
4.176999999999999602e-01 2.390000000000000110e-02
4.276999999999997470e-01 2.520000000000000018e-02
4.376999999999995339e-01 2.649999999999999925e-02
4.476999999999993207e-01 2.759999999999999953e-02
4.576999999999999957e-01 2.879999999999999921e-02
4.676999999999997826e-01 2.999999999999999889e-02
4.776999999999995694e-01 3.150000000000000022e-02
4.876999999999993562e-01 3.320000000000000034e-02
4.977000000000000313e-01 3.520000000000000212e-02
5.076999999999998181e-01 3.749999999999999861e-02
5.176999999999996049e-01 3.989999999999999797e-02
5.276999999999993918e-01 4.240000000000000019e-02
5.377000000000000668e-01 4.460000000000000075e-02
5.476999999999998536e-01 4.639999999999999680e-02
5.576999999999996405e-01 4.769999999999999934e-02
5.676999999999994273e-01 4.839999999999999858e-02
5.777000000000001023e-01 4.859999999999999737e-02
5.876999999999998892e-01 4.839999999999999858e-02
5.976999999999996760e-01 4.809999999999999692e-02
6.076999999999994628e-01 4.780000000000000221e-02
6.177000000000001378e-01 4.780000000000000221e-02
6.276999999999999247e-01 4.800000000000000100e-02
6.376999999999997115e-01 4.850000000000000144e-02
6.476999999999994984e-01 4.920000000000000068e-02
6.577000000000001734e-01 5.020000000000000157e-02
6.676999999999999602e-01 5.120000000000000245e-02
6.776999999999997470e-01 5.229999999999999927e-02
6.876999999999995339e-01 5.340000000000000302e-02
6.976999999999993207e-01 5.439999999999999697e-02
7.076999999999999957e-01 5.539999999999999786e-02
7.176999999999997826e-01 5.619999999999999996e-02
7.276999999999995694e-01 5.700000000000000205e-02
7.376999999999993562e-01 5.770000000000000129e-02
7.477000000000000313e-01 5.829999999999999766e-02
7.576999999999998181e-01 5.870000000000000218e-02
7.676999999999996049e-01 5.899999999999999689e-02
7.776999999999993918e-01 5.920000000000000262e-02
7.877000000000000668e-01 5.949999999999999734e-02
7.976999999999998536e-01 5.999999999999999778e-02
8.076999999999996405e-01 6.079999999999999988e-02
8.176999999999994273e-01 6.199999999999999956e-02
8.277000000000001023e-01 6.370000000000000662e-02
8.376999999999998892e-01 6.569999999999999452e-02
8.476999999999996760e-01 6.790000000000000202e-02
8.576999999999994628e-01 7.009999999999999565e-02
8.677000000000001378e-01 7.220000000000000029e-02
8.776999999999999247e-01 7.389999999999999347e-02
8.876999999999997115e-01 7.520000000000000295e-02
8.976999999999994984e-01 7.599999999999999811e-02
9.077000000000001734e-01 7.630000000000000671e-02
9.176999999999999602e-01 7.630000000000000671e-02
9.276999999999997470e-01 7.599999999999999811e-02
9.376999999999995339e-01 7.539999999999999480e-02
9.476999999999993207e-01 7.470000000000000251e-02
9.576999999999999957e-01 7.380000000000000449e-02
9.676999999999997826e-01 7.290000000000000646e-02
9.776999999999995694e-01 7.209999999999999742e-02
9.876999999999993562e-01 7.119999999999999940e-02
9.977000000000000313e-01 7.049999999999999323e-02
1.007699999999999818e+00 6.980000000000000093e-02
1.017699999999999605e+00 6.930000000000000049e-02
1.027699999999999392e+00 6.900000000000000577e-02
1.037700000000000067e+00 6.880000000000000004e-02
1.047699999999999854e+00 6.880000000000000004e-02
1.057699999999999640e+00 6.909999999999999476e-02
1.067699999999999427e+00 6.980000000000000093e-02
1.077700000000000102e+00 7.080000000000000182e-02
1.087699999999999889e+00 7.220000000000000029e-02
1.097699999999999676e+00 7.389999999999999347e-02
1.107699999999999463e+00 7.599999999999999811e-02
1.117700000000000138e+00 7.820000000000000562e-02
1.127699999999999925e+00 8.039999999999999925e-02
1.137699999999999712e+00 8.260000000000000675e-02
1.147699999999999498e+00 8.469999999999999751e-02
1.157700000000000173e+00 8.680000000000000215e-02
1.167699999999999960e+00 8.890000000000000679e-02
1.177699999999999747e+00 9.110000000000000042e-02
1.187699999999999534e+00 9.360000000000000264e-02
1.197699999999999321e+00 9.650000000000000244e-02
1.207699999999999996e+00 9.959999999999999409e-02
1.217699999999999783e+00 1.029999999999999943e-01
1.227699999999999569e+00 1.059999999999999970e-01
1.237699999999999356e+00 1.100000000000000006e-01
1.247700000000000031e+00 1.130000000000000032e-01
1.257699999999999818e+00 1.150000000000000050e-01
1.267699999999999605e+00 1.170000000000000068e-01
1.277699999999999392e+00 1.179999999999999938e-01
1.287700000000000067e+00 1.189999999999999947e-01
1.297699999999999854e+00 1.199999999999999956e-01
1.307699999999999640e+00 1.199999999999999956e-01
1.317699999999999427e+00 1.189999999999999947e-01
1.327700000000000102e+00 1.189999999999999947e-01
1.337699999999999889e+00 1.189999999999999947e-01
1.347699999999999676e+00 1.189999999999999947e-01
1.357699999999999463e+00 1.189999999999999947e-01
1.367700000000000138e+00 1.189999999999999947e-01
1.377699999999999925e+00 1.199999999999999956e-01
1.387699999999999712e+00 1.209999999999999964e-01
1.397699999999999498e+00 1.219999999999999973e-01
1.407700000000000173e+00 1.239999999999999991e-01
1.417699999999999960e+00 1.260000000000000009e-01
1.427699999999999747e+00 1.290000000000000036e-01
1.437699999999999534e+00 1.310000000000000053e-01
1.447699999999999321e+00 1.340000000000000080e-01
1.457699999999999996e+00 1.370000000000000107e-01
1.467699999999999783e+00 1.400000000000000133e-01
1.477699999999999569e+00 1.429999999999999882e-01
1.487699999999999356e+00 1.459999999999999909e-01
1.497700000000000031e+00 1.479999999999999927e-01
1.507699999999999818e+00 1.499999999999999944e-01
1.517699999999999605e+00 1.509999999999999953e-01
1.527699999999999392e+00 1.509999999999999953e-01
1.537700000000000067e+00 1.499999999999999944e-01
1.547699999999999854e+00 1.479999999999999927e-01
1.557699999999999640e+00 1.459999999999999909e-01
1.567699999999999427e+00 1.439999999999999891e-01
1.577700000000000102e+00 1.409999999999999865e-01
1.587699999999999889e+00 1.400000000000000133e-01
1.597699999999999676e+00 1.380000000000000115e-01
1.607699999999999463e+00 1.380000000000000115e-01
1.617700000000000138e+00 1.380000000000000115e-01
1.627699999999999925e+00 1.400000000000000133e-01
1.637699999999999712e+00 1.419999999999999873e-01
1.647699999999999498e+00 1.459999999999999909e-01
1.657700000000000173e+00 1.509999999999999953e-01
1.667699999999999960e+00 1.559999999999999998e-01
1.677699999999999747e+00 1.630000000000000060e-01
1.687699999999999534e+00 1.700000000000000122e-01
1.697699999999999321e+00 1.779999999999999916e-01
1.707699999999999108e+00 1.859999999999999987e-01
1.717699999999998894e+00 1.940000000000000058e-01
1.727700000000000458e+00 2.010000000000000120e-01
1.737700000000000244e+00 2.069999999999999896e-01
1.747700000000000031e+00 2.109999999999999931e-01
1.757699999999999818e+00 2.149999999999999967e-01
1.767699999999999605e+00 2.169999999999999984e-01
1.777699999999999392e+00 2.179999999999999993e-01
1.787699999999999179e+00 2.190000000000000002e-01
1.797699999999998965e+00 2.200000000000000011e-01
1.807700000000000529e+00 2.200000000000000011e-01
1.817700000000000315e+00 2.210000000000000020e-01
1.827700000000000102e+00 2.220000000000000029e-01
1.837699999999999889e+00 2.240000000000000047e-01
1.847699999999999676e+00 2.250000000000000056e-01
1.857699999999999463e+00 2.260000000000000064e-01
1.867699999999999250e+00 2.270000000000000073e-01
1.877699999999999037e+00 2.280000000000000082e-01
1.887700000000000600e+00 2.280000000000000082e-01
1.897700000000000387e+00 2.270000000000000073e-01
1.907700000000000173e+00 2.270000000000000073e-01
1.917699999999999960e+00 2.260000000000000064e-01
1.927699999999999747e+00 2.260000000000000064e-01
1.937699999999999534e+00 2.270000000000000073e-01
1.947699999999999321e+00 2.280000000000000082e-01
1.957699999999999108e+00 2.290000000000000091e-01
1.967699999999998894e+00 2.300000000000000100e-01
1.977700000000000458e+00 2.310000000000000109e-01
1.987700000000000244e+00 2.310000000000000109e-01
1.997700000000000031e+00 2.300000000000000100e-01
2.007699999999999818e+00 2.280000000000000082e-01
2.017699999999999605e+00 2.260000000000000064e-01
2.027699999999999392e+00 2.220000000000000029e-01
2.037699999999999179e+00 2.179999999999999993e-01
2.047699999999998965e+00 2.139999999999999958e-01
2.057700000000000529e+00 2.109999999999999931e-01
2.067700000000000315e+00 2.079999999999999905e-01
2.077700000000000102e+00 2.059999999999999887e-01
2.087699999999999889e+00 2.049999999999999878e-01
2.097699999999999676e+00 2.039999999999999869e-01
2.107699999999999463e+00 2.030000000000000138e-01
2.117699999999999250e+00 2.010000000000000120e-01
2.127699999999999037e+00 1.990000000000000102e-01
2.137700000000000600e+00 1.970000000000000084e-01
2.147700000000000387e+00 1.940000000000000058e-01
2.157700000000000173e+00 1.900000000000000022e-01
2.167699999999999960e+00 1.869999999999999996e-01
2.177699999999999747e+00 1.829999999999999960e-01
2.187699999999999534e+00 1.799999999999999933e-01
2.197699999999999321e+00 1.769999999999999907e-01
2.207699999999999108e+00 1.729999999999999871e-01
2.217699999999998894e+00 1.700000000000000122e-01
2.227700000000000458e+00 1.670000000000000095e-01
2.237700000000000244e+00 1.640000000000000069e-01
2.247700000000000031e+00 1.610000000000000042e-01
2.257699999999999818e+00 1.580000000000000016e-01
2.267699999999999605e+00 1.549999999999999989e-01
2.277699999999999392e+00 1.529999999999999971e-01
2.287699999999999179e+00 1.519999999999999962e-01
2.297699999999998965e+00 1.509999999999999953e-01
2.307700000000000529e+00 1.509999999999999953e-01
2.317700000000000315e+00 1.519999999999999962e-01
2.327700000000000102e+00 1.529999999999999971e-01
2.337699999999999889e+00 1.539999999999999980e-01
2.347699999999999676e+00 1.549999999999999989e-01
2.357699999999999463e+00 1.549999999999999989e-01
2.367699999999999250e+00 1.549999999999999989e-01
2.377699999999999037e+00 1.549999999999999989e-01
2.387700000000000600e+00 1.539999999999999980e-01
2.397700000000000387e+00 1.519999999999999962e-01
2.407700000000000173e+00 1.499999999999999944e-01
2.417699999999999960e+00 1.469999999999999918e-01
2.427699999999999747e+00 1.439999999999999891e-01
2.437699999999999534e+00 1.400000000000000133e-01
2.447699999999999321e+00 1.370000000000000107e-01
2.457699999999999108e+00 1.340000000000000080e-01
2.467699999999998894e+00 1.310000000000000053e-01
2.477700000000000458e+00 1.280000000000000027e-01
2.487700000000000244e+00 1.260000000000000009e-01
2.497700000000000031e+00 1.239999999999999991e-01
2.507699999999999818e+00 1.219999999999999973e-01
2.517699999999999605e+00 1.189999999999999947e-01
2.527699999999999392e+00 1.170000000000000068e-01
2.537699999999999179e+00 1.140000000000000041e-01
2.547699999999998965e+00 1.110000000000000014e-01
2.557700000000000529e+00 1.079999999999999988e-01
2.567700000000000315e+00 1.049999999999999961e-01
2.577700000000000102e+00 1.029999999999999943e-01
2.587699999999999889e+00 1.010000000000000064e-01
2.597699999999999676e+00 9.969999999999999696e-02
2.607699999999999463e+00 9.909999999999999365e-02
2.617699999999999250e+00 9.909999999999999365e-02
2.627699999999999037e+00 9.959999999999999409e-02
2.637700000000000600e+00 1.000000000000000056e-01
2.647700000000000387e+00 1.010000000000000064e-01
2.657700000000000173e+00 1.010000000000000064e-01
2.667699999999999960e+00 1.000000000000000056e-01
2.677699999999999747e+00 9.950000000000000511e-02
2.687699999999999534e+00 9.790000000000000091e-02
2.697699999999999321e+00 9.579999999999999627e-02
2.707699999999999108e+00 9.339999999999999691e-02
2.717699999999998894e+00 9.080000000000000571e-02
2.727700000000000458e+00 8.809999999999999776e-02
2.737700000000000244e+00 8.569999999999999840e-02
2.747700000000000031e+00 8.369999999999999662e-02
2.757699999999999818e+00 8.219999999999999529e-02
2.767699999999999605e+00 8.129999999999999727e-02
2.777699999999999392e+00 8.100000000000000255e-02
2.787699999999999179e+00 8.129999999999999727e-02
2.797699999999998965e+00 8.200000000000000344e-02
2.807700000000000529e+00 8.309999999999999332e-02
2.817700000000000315e+00 8.440000000000000280e-02
2.827700000000000102e+00 8.569999999999999840e-02
2.837699999999999889e+00 8.699999999999999400e-02
2.847699999999999676e+00 8.809999999999999776e-02
2.857699999999999463e+00 8.920000000000000151e-02
2.867699999999999250e+00 9.039999999999999425e-02
2.877699999999999037e+00 9.180000000000000659e-02
2.887700000000000600e+00 9.360000000000000264e-02
2.897700000000000387e+00 9.600000000000000200e-02
2.907700000000000173e+00 9.890000000000000180e-02
2.917699999999999960e+00 1.019999999999999934e-01
2.927699999999999747e+00 1.059999999999999970e-01
2.937699999999999534e+00 1.100000000000000006e-01
2.947699999999999321e+00 1.140000000000000041e-01
2.957699999999999108e+00 1.170000000000000068e-01
2.967699999999998894e+00 1.199999999999999956e-01
2.977700000000000458e+00 1.209999999999999964e-01
2.987700000000000244e+00 1.219999999999999973e-01
2.997700000000000031e+00 1.209999999999999964e-01
3.007699999999999818e+00 1.189999999999999947e-01
3.017699999999999605e+00 1.160000000000000059e-01
3.027699999999999392e+00 1.130000000000000032e-01
3.037699999999999179e+00 1.089999999999999997e-01
3.047699999999998965e+00 1.049999999999999961e-01
3.057700000000000529e+00 1.010000000000000064e-01
3.067700000000000315e+00 9.819999999999999563e-02
3.077700000000000102e+00 9.560000000000000442e-02
3.087699999999999889e+00 9.370000000000000551e-02
3.097699999999999676e+00 9.270000000000000462e-02
3.107699999999999463e+00 9.260000000000000175e-02
3.117699999999999250e+00 9.329999999999999405e-02
3.127699999999999037e+00 9.460000000000000353e-02
3.137700000000000600e+00 9.660000000000000531e-02
3.147700000000000387e+00 9.890000000000000180e-02
3.157700000000000173e+00 1.010000000000000064e-01
3.167699999999999960e+00 1.039999999999999952e-01
3.177699999999999747e+00 1.059999999999999970e-01
3.187699999999999534e+00 1.079999999999999988e-01
3.197699999999999321e+00 1.100000000000000006e-01
3.207699999999999108e+00 1.120000000000000023e-01
3.217699999999998894e+00 1.140000000000000041e-01
3.227700000000000458e+00 1.150000000000000050e-01
3.237700000000000244e+00 1.160000000000000059e-01
3.247700000000000031e+00 1.170000000000000068e-01
3.257699999999999818e+00 1.179999999999999938e-01
3.267699999999999605e+00 1.179999999999999938e-01
3.277699999999999392e+00 1.179999999999999938e-01
3.287699999999999179e+00 1.170000000000000068e-01
3.297699999999998965e+00 1.150000000000000050e-01
3.307700000000000529e+00 1.120000000000000023e-01
3.317700000000000315e+00 1.089999999999999997e-01
3.327700000000000102e+00 1.049999999999999961e-01
3.337699999999999889e+00 1.019999999999999934e-01
3.347699999999999676e+00 9.819999999999999563e-02
3.357699999999999463e+00 9.510000000000000397e-02
3.367699999999999250e+00 9.239999999999999603e-02
3.377699999999999037e+00 9.030000000000000526e-02
3.387700000000000600e+00 8.890000000000000679e-02
3.397700000000000387e+00 8.799999999999999489e-02
3.407700000000000173e+00 8.780000000000000304e-02
3.417699999999999960e+00 8.820000000000000062e-02
3.427699999999999747e+00 8.949999999999999623e-02
3.437699999999999534e+00 9.149999999999999800e-02
3.447699999999999321e+00 9.439999999999999780e-02
3.457699999999999108e+00 9.819999999999999563e-02
3.467699999999998894e+00 1.029999999999999943e-01
3.477700000000000458e+00 1.069999999999999979e-01
3.487700000000000244e+00 1.120000000000000023e-01
3.497700000000000031e+00 1.170000000000000068e-01
3.507699999999999818e+00 1.209999999999999964e-01
3.517699999999999605e+00 1.250000000000000000e-01
3.527699999999999392e+00 1.270000000000000018e-01
3.537699999999999179e+00 1.280000000000000027e-01
3.547699999999998965e+00 1.290000000000000036e-01
3.557700000000000529e+00 1.280000000000000027e-01
3.567700000000000315e+00 1.270000000000000018e-01
3.577700000000000102e+00 1.250000000000000000e-01
3.587699999999999889e+00 1.219999999999999973e-01
3.597699999999999676e+00 1.189999999999999947e-01
3.607699999999999463e+00 1.150000000000000050e-01
3.617699999999999250e+00 1.110000000000000014e-01
3.627699999999999037e+00 1.069999999999999979e-01
3.637700000000000600e+00 1.029999999999999943e-01
3.647700000000000387e+00 9.900000000000000466e-02
3.657700000000000173e+00 9.520000000000000684e-02
3.667699999999999960e+00 9.170000000000000373e-02
3.677699999999999747e+00 8.840000000000000635e-02
3.687699999999999534e+00 8.530000000000000082e-02
3.697699999999999321e+00 8.250000000000000389e-02
3.707699999999999108e+00 7.979999999999999594e-02
3.717699999999998894e+00 7.739999999999999658e-02
3.727700000000000458e+00 7.499999999999999722e-02
3.737700000000000244e+00 7.280000000000000360e-02
3.747700000000000031e+00 7.059999999999999609e-02
3.757699999999999818e+00 6.840000000000000246e-02
3.767699999999999605e+00 6.629999999999999782e-02
3.777699999999999392e+00 6.429999999999999605e-02
3.787699999999999179e+00 6.239999999999999714e-02
3.797699999999998965e+00 6.069999999999999701e-02
3.807700000000000529e+00 5.929999999999999855e-02
3.817700000000000315e+00 5.820000000000000173e-02
3.827700000000000102e+00 5.759999999999999842e-02
3.837699999999999889e+00 5.750000000000000250e-02
3.847699999999999676e+00 5.779999999999999721e-02
3.857699999999999463e+00 5.850000000000000339e-02
3.867699999999999250e+00 5.940000000000000141e-02
3.877699999999999037e+00 6.040000000000000230e-02
3.887700000000000600e+00 6.140000000000000319e-02
3.897700000000000387e+00 6.219999999999999835e-02
3.907700000000000173e+00 6.279999999999999472e-02
3.917699999999999960e+00 6.300000000000000044e-02
3.927699999999999747e+00 6.300000000000000044e-02
3.937699999999999534e+00 6.260000000000000286e-02
3.947699999999999321e+00 6.210000000000000242e-02
3.957699999999999108e+00 6.130000000000000032e-02
3.967699999999998894e+00 6.029999999999999943e-02
3.977700000000000458e+00 5.929999999999999855e-02
3.987700000000000244e+00 5.820000000000000173e-02
3.997700000000000031e+00 5.709999999999999798e-02
4.007699999999999818e+00 5.609999999999999709e-02
4.017699999999999605e+00 5.519999999999999907e-02
4.027699999999999392e+00 5.439999999999999697e-02
4.037699999999999179e+00 5.399999999999999939e-02
4.047699999999998965e+00 5.390000000000000346e-02
4.057700000000000529e+00 5.439999999999999697e-02
4.067700000000000315e+00 5.569999999999999951e-02
4.077700000000000102e+00 5.779999999999999721e-02
4.087699999999999889e+00 6.090000000000000274e-02
4.097699999999999676e+00 6.489999999999999936e-02
4.107699999999999463e+00 6.969999999999999807e-02
4.117699999999999250e+00 7.499999999999999722e-02
4.127699999999999037e+00 8.039999999999999925e-02
4.137700000000000600e+00 8.559999999999999554e-02
4.147700000000000387e+00 9.009999999999999953e-02
4.157700000000000173e+00 9.370000000000000551e-02
4.167699999999999960e+00 9.619999999999999385e-02
4.177699999999999747e+00 9.750000000000000333e-02
4.187699999999999534e+00 9.769999999999999518e-02
4.197699999999999321e+00 9.679999999999999716e-02
4.207699999999999108e+00 9.520000000000000684e-02
4.217699999999998894e+00 9.299999999999999933e-02
4.227700000000000458e+00 9.049999999999999711e-02
4.237700000000000244e+00 8.809999999999999776e-02
4.247700000000000031e+00 8.580000000000000127e-02
4.257699999999999818e+00 8.379999999999999949e-02
4.267699999999999605e+00 8.240000000000000102e-02
4.277699999999999392e+00 8.150000000000000300e-02
4.287699999999999179e+00 8.100000000000000255e-02
4.297699999999998965e+00 8.100000000000000255e-02
4.307700000000000529e+00 8.129999999999999727e-02
4.317700000000000315e+00 8.169999999999999485e-02
4.327700000000000102e+00 8.210000000000000631e-02
4.337699999999999889e+00 8.229999999999999816e-02
4.347699999999999676e+00 8.210000000000000631e-02
4.357699999999999463e+00 8.140000000000000013e-02
4.367699999999999250e+00 8.019999999999999352e-02
4.377699999999999037e+00 7.850000000000000033e-02
4.387700000000000600e+00 7.630000000000000671e-02
4.397700000000000387e+00 7.370000000000000162e-02
4.407700000000000173e+00 7.080000000000000182e-02
4.417699999999999960e+00 6.779999999999999916e-02
4.427699999999999747e+00 6.469999999999999363e-02
4.437699999999999534e+00 6.180000000000000077e-02
4.447699999999999321e+00 5.920000000000000262e-02
4.457699999999999108e+00 5.709999999999999798e-02
4.467699999999998894e+00 5.569999999999999951e-02
4.477700000000000458e+00 5.500000000000000028e-02
4.487700000000000244e+00 5.530000000000000193e-02
4.497700000000000031e+00 5.650000000000000161e-02
4.507699999999999818e+00 5.870000000000000218e-02
4.517699999999999605e+00 6.189999999999999669e-02
4.527699999999999392e+00 6.590000000000000024e-02
4.537699999999999179e+00 7.049999999999999323e-02
4.547699999999998965e+00 7.539999999999999480e-02
4.557700000000000529e+00 8.039999999999999925e-02
4.567700000000000315e+00 8.509999999999999509e-02
4.577700000000000102e+00 8.920000000000000151e-02
4.587699999999999889e+00 9.270000000000000462e-02
4.597699999999999676e+00 9.529999999999999583e-02
4.607699999999999463e+00 9.700000000000000289e-02
4.617699999999999250e+00 9.800000000000000377e-02
4.627699999999999037e+00 9.829999999999999849e-02
4.637700000000000600e+00 9.800000000000000377e-02
4.647700000000000387e+00 9.729999999999999760e-02
4.657700000000000173e+00 9.629999999999999671e-02
4.667699999999999960e+00 9.500000000000000111e-02
4.677699999999999747e+00 9.339999999999999691e-02
4.687699999999999534e+00 9.170000000000000373e-02
4.697699999999999321e+00 8.980000000000000482e-02
4.707699999999999108e+00 8.790000000000000591e-02
4.717699999999998894e+00 8.590000000000000413e-02
4.727700000000000458e+00 8.400000000000000522e-02
4.737700000000000244e+00 8.219999999999999529e-02
4.747700000000000031e+00 8.060000000000000497e-02
4.757699999999999818e+00 7.920000000000000651e-02
4.767699999999999605e+00 7.810000000000000275e-02
4.777699999999999392e+00 7.720000000000000473e-02
4.787699999999999179e+00 7.649999999999999856e-02
4.797699999999998965e+00 7.589999999999999525e-02
4.807700000000000529e+00 7.560000000000000053e-02
4.817700000000000315e+00 7.530000000000000582e-02
4.827700000000000102e+00 7.520000000000000295e-02
4.837699999999999889e+00 7.520000000000000295e-02
4.847699999999999676e+00 7.520000000000000295e-02
4.857699999999999463e+00 7.510000000000000009e-02
4.867699999999999250e+00 7.489999999999999436e-02
4.877699999999999037e+00 7.439999999999999392e-02
4.887700000000000600e+00 7.359999999999999876e-02
4.897700000000000387e+00 7.240000000000000602e-02
4.907700000000000173e+00 7.069999999999999896e-02
4.917699999999999960e+00 6.880000000000000004e-02
4.927699999999999747e+00 6.660000000000000642e-02
4.937699999999999534e+00 6.460000000000000464e-02
4.947699999999999321e+00 6.279999999999999472e-02
4.957699999999999108e+00 6.160000000000000198e-02
4.967699999999998894e+00 6.130000000000000032e-02
4.977700000000000458e+00 6.199999999999999956e-02
4.987700000000000244e+00 6.360000000000000375e-02
4.997700000000000031e+00 6.600000000000000311e-02
5.007699999999999818e+00 6.900000000000000577e-02
5.017699999999999605e+00 7.220000000000000029e-02
5.027699999999999392e+00 7.520000000000000295e-02
5.037699999999999179e+00 7.789999999999999702e-02
5.047699999999998965e+00 7.979999999999999594e-02
5.057700000000000529e+00 8.100000000000000255e-02
5.067700000000000315e+00 8.140000000000000013e-02
5.077700000000000102e+00 8.110000000000000542e-02
5.087699999999999889e+00 8.029999999999999638e-02
5.097699999999999676e+00 7.910000000000000364e-02
5.107699999999999463e+00 7.779999999999999416e-02
5.117699999999999250e+00 7.649999999999999856e-02
5.127699999999999037e+00 7.520000000000000295e-02
5.137700000000000600e+00 7.409999999999999920e-02
5.147700000000000387e+00 7.309999999999999831e-02
5.157700000000000173e+00 7.240000000000000602e-02
5.167699999999999960e+00 7.199999999999999456e-02
5.177699999999999747e+00 7.199999999999999456e-02
5.187699999999999534e+00 7.259999999999999787e-02
5.197699999999999321e+00 7.380000000000000449e-02
5.207699999999999108e+00 7.560000000000000053e-02
5.217699999999998894e+00 7.799999999999999989e-02
5.227700000000000458e+00 8.089999999999999969e-02
5.237700000000000244e+00 8.379999999999999949e-02
5.247700000000000031e+00 8.659999999999999643e-02
5.257699999999999818e+00 8.880000000000000393e-02
5.267699999999999605e+00 9.020000000000000240e-02
5.277699999999999392e+00 9.049999999999999711e-02
5.287699999999999179e+00 8.980000000000000482e-02
5.297699999999998965e+00 8.790000000000000591e-02
5.307700000000000529e+00 8.509999999999999509e-02
5.317700000000000315e+00 8.169999999999999485e-02
5.327700000000000102e+00 7.799999999999999989e-02
5.337699999999999889e+00 7.420000000000000207e-02
5.347699999999999676e+00 7.069999999999999896e-02
5.357699999999999463e+00 6.759999999999999343e-02
5.367699999999999250e+00 6.510000000000000508e-02
5.377699999999999037e+00 6.310000000000000331e-02
5.387700000000000600e+00 6.160000000000000198e-02
5.397700000000000387e+00 6.060000000000000109e-02
5.407700000000000173e+00 5.990000000000000185e-02
5.417699999999999960e+00 5.929999999999999855e-02
5.427699999999999747e+00 5.879999999999999810e-02
5.437699999999999534e+00 5.829999999999999766e-02
5.447699999999999321e+00 5.770000000000000129e-02
5.457699999999999108e+00 5.709999999999999798e-02
5.467699999999998894e+00 5.639999999999999875e-02
5.477700000000000458e+00 5.569999999999999951e-02
5.487700000000000244e+00 5.489999999999999741e-02
5.497700000000000031e+00 5.410000000000000225e-02
5.507699999999999818e+00 5.319999999999999729e-02
5.517699999999999605e+00 5.240000000000000213e-02
5.527699999999999392e+00 5.170000000000000290e-02
5.537699999999999179e+00 5.090000000000000080e-02
5.547699999999998965e+00 5.029999999999999749e-02
5.557700000000000529e+00 4.989999999999999991e-02
5.567700000000000315e+00 4.970000000000000112e-02
5.577700000000000102e+00 4.970000000000000112e-02
5.587699999999999889e+00 5.009999999999999870e-02
5.597699999999999676e+00 5.070000000000000201e-02
5.607699999999999463e+00 5.170000000000000290e-02
5.617699999999999250e+00 5.299999999999999850e-02
5.627699999999999037e+00 5.439999999999999697e-02
5.637700000000000600e+00 5.589999999999999830e-02
5.647700000000000387e+00 5.739999999999999963e-02
5.657700000000000173e+00 5.859999999999999931e-02
5.667699999999999960e+00 5.949999999999999734e-02
5.677699999999999747e+00 5.990000000000000185e-02
5.687699999999999534e+00 5.999999999999999778e-02
5.697699999999999321e+00 5.960000000000000020e-02
5.707699999999999108e+00 5.899999999999999689e-02
5.717699999999998894e+00 5.829999999999999766e-02
5.727700000000000458e+00 5.779999999999999721e-02
5.737700000000000244e+00 5.759999999999999842e-02
5.747700000000000031e+00 5.790000000000000008e-02
5.757699999999999818e+00 5.879999999999999810e-02
5.767699999999999605e+00 6.019999999999999657e-02
5.777699999999999392e+00 6.210000000000000242e-02
5.787699999999999179e+00 6.429999999999999605e-02
5.797699999999998965e+00 6.669999999999999540e-02
5.807700000000000529e+00 6.890000000000000291e-02
5.817700000000000315e+00 7.080000000000000182e-02
5.827700000000000102e+00 7.230000000000000315e-02
5.837699999999999889e+00 7.320000000000000118e-02
5.847699999999999676e+00 7.349999999999999589e-02
5.857699999999999463e+00 7.299999999999999545e-02
5.867699999999999250e+00 7.190000000000000557e-02
5.877699999999999037e+00 7.030000000000000138e-02
5.887700000000000600e+00 6.800000000000000488e-02
5.897700000000000387e+00 6.539999999999999980e-02
5.907700000000000173e+00 6.230000000000000121e-02
5.917699999999999960e+00 5.909999999999999976e-02
5.927699999999999747e+00 5.580000000000000238e-02
5.937699999999999534e+00 5.249999999999999806e-02
5.947699999999999321e+00 4.929999999999999660e-02
5.957699999999999108e+00 4.649999999999999967e-02
5.967699999999998894e+00 4.399999999999999745e-02
5.977700000000000458e+00 4.200000000000000261e-02
5.987700000000000244e+00 4.050000000000000128e-02
5.997700000000000031e+00 3.950000000000000039e-02
6.007699999999999818e+00 3.880000000000000115e-02
6.017699999999999605e+00 3.849999999999999950e-02
6.027699999999999392e+00 3.849999999999999950e-02
6.037699999999999179e+00 3.860000000000000236e-02
6.047699999999998965e+00 3.889999999999999708e-02
6.057700000000000529e+00 3.910000000000000281e-02
6.067700000000000315e+00 3.950000000000000039e-02
6.077700000000000102e+00 3.980000000000000204e-02
6.087699999999999889e+00 4.019999999999999962e-02
6.097699999999999676e+00 4.059999999999999720e-02
6.107699999999999463e+00 4.109999999999999765e-02
6.117699999999999250e+00 4.159999999999999809e-02
6.127699999999999037e+00 4.200000000000000261e-02
6.137700000000000600e+00 4.250000000000000305e-02
6.147700000000000387e+00 4.299999999999999656e-02
6.157700000000000173e+00 4.340000000000000108e-02
6.167699999999999960e+00 4.379999999999999866e-02
6.177699999999999747e+00 4.420000000000000318e-02
6.187699999999999534e+00 4.460000000000000075e-02
6.197699999999999321e+00 4.490000000000000241e-02
6.207699999999999108e+00 4.519999999999999712e-02
6.217699999999998894e+00 4.540000000000000285e-02
6.227700000000000458e+00 4.540000000000000285e-02
6.237700000000000244e+00 4.529999999999999999e-02
6.247700000000000031e+00 4.490000000000000241e-02
6.257699999999999818e+00 4.429999999999999910e-02
6.267699999999999605e+00 4.349999999999999700e-02
6.277699999999999392e+00 4.240000000000000019e-02
6.287699999999999179e+00 4.130000000000000338e-02
6.297699999999998965e+00 4.019999999999999962e-02
6.307700000000000529e+00 3.919999999999999873e-02
6.317700000000000315e+00 3.849999999999999950e-02
6.327700000000000102e+00 3.810000000000000192e-02
6.337699999999999889e+00 3.819999999999999785e-02
6.347699999999999676e+00 3.869999999999999829e-02
6.357699999999999463e+00 3.969999999999999918e-02
6.367699999999999250e+00 4.089999999999999886e-02
6.377699999999999037e+00 4.229999999999999732e-02
6.387700000000000600e+00 4.370000000000000273e-02
6.397700000000000387e+00 4.499999999999999833e-02
6.407700000000000173e+00 4.610000000000000209e-02
6.417699999999999960e+00 4.689999999999999725e-02
6.427699999999999747e+00 4.739999999999999769e-02
6.437699999999999534e+00 4.780000000000000221e-02
6.447699999999999321e+00 4.789999999999999813e-02
6.457699999999999108e+00 4.789999999999999813e-02
6.467699999999998894e+00 4.780000000000000221e-02
6.477700000000000458e+00 4.760000000000000342e-02
6.487700000000000244e+00 4.719999999999999890e-02
6.497700000000000031e+00 4.660000000000000253e-02
6.507699999999999818e+00 4.590000000000000330e-02
6.517699999999999605e+00 4.490000000000000241e-02
6.527699999999999392e+00 4.390000000000000152e-02
6.537699999999999179e+00 4.270000000000000184e-02
6.547699999999998965e+00 4.139999999999999930e-02
6.557700000000000529e+00 4.019999999999999962e-02
6.567700000000000315e+00 3.899999999999999994e-02
6.577700000000000102e+00 3.780000000000000027e-02
6.587699999999999889e+00 3.670000000000000345e-02
6.597699999999999676e+00 3.570000000000000256e-02
6.607699999999999463e+00 3.459999999999999881e-02
6.617699999999999250e+00 3.359999999999999792e-02
6.627699999999999037e+00 3.259999999999999704e-02
6.637700000000000600e+00 3.160000000000000309e-02
6.647700000000000387e+00 3.059999999999999873e-02
6.657700000000000173e+00 2.960000000000000131e-02
6.667699999999999960e+00 2.860000000000000042e-02
6.677699999999999747e+00 2.779999999999999832e-02
6.687699999999999534e+00 2.699999999999999969e-02
6.697699999999999321e+00 2.639999999999999986e-02
6.707699999999999108e+00 2.589999999999999941e-02
6.717699999999998894e+00 2.580000000000000002e-02
6.727700000000000458e+00 2.589999999999999941e-02
6.737700000000000244e+00 2.620000000000000107e-02
6.747700000000000031e+00 2.680000000000000090e-02
6.757699999999999818e+00 2.740000000000000074e-02
6.767699999999999605e+00 2.809999999999999998e-02
6.777699999999999392e+00 2.869999999999999982e-02
6.787699999999999179e+00 2.920000000000000026e-02
6.797699999999998965e+00 2.949999999999999845e-02
6.807700000000000529e+00 2.960000000000000131e-02
6.817700000000000315e+00 2.949999999999999845e-02
6.827700000000000102e+00 2.910000000000000087e-02
6.837699999999999889e+00 2.860000000000000042e-02
6.847699999999999676e+00 2.800000000000000058e-02
6.857699999999999463e+00 2.719999999999999848e-02
6.867699999999999250e+00 2.639999999999999986e-02
6.877699999999999037e+00 2.560000000000000123e-02
6.887700000000000600e+00 2.469999999999999973e-02
6.897700000000000387e+00 2.400000000000000050e-02
6.907700000000000173e+00 2.330000000000000127e-02
6.917699999999999960e+00 2.280000000000000082e-02
6.927699999999999747e+00 2.239999999999999977e-02
6.937699999999999534e+00 2.220000000000000098e-02
6.947699999999999321e+00 2.220000000000000098e-02
6.957699999999999108e+00 2.220000000000000098e-02
6.967699999999998894e+00 2.239999999999999977e-02
6.977700000000000458e+00 2.259999999999999856e-02
6.987700000000000244e+00 2.280000000000000082e-02
6.997700000000000031e+00 2.299999999999999961e-02
7.007699999999999818e+00 2.309999999999999901e-02
7.017699999999999605e+00 2.319999999999999840e-02
7.027699999999999392e+00 2.330000000000000127e-02
7.037699999999999179e+00 2.330000000000000127e-02
7.047699999999998965e+00 2.330000000000000127e-02
7.057700000000000529e+00 2.340000000000000066e-02
7.067700000000000315e+00 2.350000000000000006e-02
7.077700000000000102e+00 2.359999999999999945e-02
7.087699999999999889e+00 2.369999999999999885e-02
7.097699999999999676e+00 2.390000000000000110e-02
7.107699999999999463e+00 2.400000000000000050e-02
7.117699999999999250e+00 2.400000000000000050e-02
7.127699999999999037e+00 2.390000000000000110e-02
7.137700000000000600e+00 2.369999999999999885e-02
7.147700000000000387e+00 2.330000000000000127e-02
7.157700000000000173e+00 2.280000000000000082e-02
7.167699999999999960e+00 2.210000000000000159e-02
7.177699999999999747e+00 2.129999999999999949e-02
7.187699999999999534e+00 2.050000000000000086e-02
7.197699999999999321e+00 1.969999999999999876e-02
7.207699999999999108e+00 1.890000000000000013e-02
7.217699999999998894e+00 1.820000000000000090e-02
7.227700000000000458e+00 1.770000000000000046e-02
7.237700000000000244e+00 1.720000000000000001e-02
7.247700000000000031e+00 1.689999999999999836e-02
7.257699999999999818e+00 1.660000000000000017e-02
7.267699999999999605e+00 1.650000000000000078e-02
7.277699999999999392e+00 1.650000000000000078e-02
7.287699999999999179e+00 1.650000000000000078e-02
7.297699999999998965e+00 1.650000000000000078e-02
7.307700000000000529e+00 1.669999999999999957e-02
7.317700000000000315e+00 1.679999999999999896e-02
7.327700000000000102e+00 1.700000000000000122e-02
7.337699999999999889e+00 1.729999999999999941e-02
7.347699999999999676e+00 1.760000000000000106e-02
7.357699999999999463e+00 1.799999999999999864e-02
7.367699999999999250e+00 1.839999999999999969e-02
7.377699999999999037e+00 1.890000000000000013e-02
7.387700000000000600e+00 1.930000000000000118e-02
7.397700000000000387e+00 1.980000000000000163e-02
7.407700000000000173e+00 2.019999999999999921e-02
7.417699999999999960e+00 2.050000000000000086e-02
7.427699999999999747e+00 2.069999999999999965e-02
7.437699999999999534e+00 2.089999999999999844e-02
7.447699999999999321e+00 2.089999999999999844e-02
7.457699999999999108e+00 2.079999999999999905e-02
7.467699999999998894e+00 2.069999999999999965e-02
7.477700000000000458e+00 2.050000000000000086e-02
7.487700000000000244e+00 2.019999999999999921e-02
7.497700000000000031e+00 2.000000000000000042e-02
7.507699999999999818e+00 1.969999999999999876e-02
7.517699999999999605e+00 1.949999999999999997e-02
7.527699999999999392e+00 1.919999999999999832e-02
7.537699999999999179e+00 1.899999999999999953e-02
7.547699999999998965e+00 1.880000000000000074e-02
7.557700000000000529e+00 1.849999999999999908e-02
7.567700000000000315e+00 1.820000000000000090e-02
7.577700000000000102e+00 1.770000000000000046e-02
7.587699999999999889e+00 1.729999999999999941e-02
7.597699999999999676e+00 1.669999999999999957e-02
7.607699999999999463e+00 1.609999999999999973e-02
7.617699999999999250e+00 1.559999999999999928e-02
7.627699999999999037e+00 1.519999999999999997e-02
7.637700000000000600e+00 1.490000000000000005e-02
7.647700000000000387e+00 1.469999999999999953e-02
7.657700000000000173e+00 1.469999999999999953e-02
7.667699999999999960e+00 1.490000000000000005e-02
7.677699999999999747e+00 1.510000000000000057e-02
7.687699999999999534e+00 1.540000000000000049e-02
7.697699999999999321e+00 1.580000000000000154e-02
7.707699999999999108e+00 1.609999999999999973e-02
7.717699999999998894e+00 1.629999999999999852e-02
7.727700000000000458e+00 1.650000000000000078e-02
7.737700000000000244e+00 1.650000000000000078e-02
7.747700000000000031e+00 1.640000000000000138e-02
7.757699999999999818e+00 1.609999999999999973e-02
7.767699999999999605e+00 1.569999999999999868e-02
7.777699999999999392e+00 1.499999999999999944e-02
7.787699999999999179e+00 1.430000000000000021e-02
7.797699999999998965e+00 1.340000000000000045e-02
7.807700000000000529e+00 1.239999999999999956e-02
7.817700000000000315e+00 1.119999999999999989e-02
7.827700000000000102e+00 1.009999999999999960e-02
7.837699999999999889e+00 8.940000000000000030e-03
7.847699999999999676e+00 7.810000000000000102e-03
7.857699999999999463e+00 6.740000000000000331e-03
7.867699999999999250e+00 5.769999999999999955e-03
7.877699999999999037e+00 4.939999999999999947e-03
7.887700000000000600e+00 4.259999999999999898e-03
7.897700000000000387e+00 3.759999999999999887e-03
7.907700000000000173e+00 3.439999999999999915e-03
7.917699999999999960e+00 3.289999999999999956e-03
7.927699999999999747e+00 3.279999999999999930e-03
7.937699999999999534e+00 3.380000000000000192e-03
7.947699999999999321e+00 3.540000000000000178e-03
7.957699999999999108e+00 3.700000000000000164e-03
7.967699999999998894e+00 3.820000000000000045e-03
7.977700000000000458e+00 3.870000000000000176e-03
7.987700000000000244e+00 3.830000000000000071e-03
7.997700000000000031e+00 3.690000000000000138e-03
8.007699999999999818e+00 3.459999999999999968e-03
8.017699999999999605e+00 3.160000000000000048e-03
8.027699999999999392e+00 2.830000000000000050e-03
8.037699999999999179e+00 2.490000000000000026e-03
8.047699999999998965e+00 2.170000000000000054e-03
8.057700000000000529e+00 1.889999999999999970e-03
8.067700000000000315e+00 1.670000000000000043e-03
8.077700000000000102e+00 1.500000000000000031e-03
8.087699999999999889e+00 1.410000000000000012e-03
8.097699999999999676e+00 1.399999999999999986e-03
8.107699999999999463e+00 1.459999999999999926e-03
8.117699999999999250e+00 1.590000000000000050e-03
8.127699999999999037e+00 1.789999999999999925e-03
8.137700000000000600e+00 2.040000000000000147e-03
8.147700000000000387e+00 2.330000000000000040e-03
8.157700000000000173e+00 2.629999999999999959e-03
8.167699999999999960e+00 2.939999999999999905e-03
8.177699999999999747e+00 3.249999999999999851e-03
8.187699999999999534e+00 3.540000000000000178e-03
8.197699999999999321e+00 3.830000000000000071e-03
8.207699999999999108e+00 4.129999999999999991e-03
8.217699999999998894e+00 4.429999999999999910e-03
8.227700000000000458e+00 4.729999999999999830e-03
8.237700000000000244e+00 5.040000000000000209e-03
8.247700000000000031e+00 5.329999999999999669e-03
8.257699999999999818e+00 5.570000000000000298e-03
8.267699999999999605e+00 5.760000000000000363e-03
8.277699999999999392e+00 5.859999999999999758e-03
8.287699999999999179e+00 5.870000000000000218e-03
8.297699999999998965e+00 5.799999999999999600e-03
8.307700000000000529e+00 5.669999999999999693e-03
8.317700000000000315e+00 5.499999999999999681e-03
8.327700000000000102e+00 5.300000000000000024e-03
8.337699999999999889e+00 5.089999999999999906e-03
8.347699999999999676e+00 4.890000000000000249e-03
8.357699999999999463e+00 4.669999999999999672e-03
8.367699999999999250e+00 4.440000000000000370e-03
8.377699999999999037e+00 4.179999999999999688e-03
8.387700000000000600e+00 3.880000000000000202e-03
8.397700000000000387e+00 3.550000000000000204e-03
8.407700000000000173e+00 3.200000000000000153e-03
8.417699999999999960e+00 2.830000000000000050e-03
8.427699999999999747e+00 2.480000000000000000e-03
8.437699999999999534e+00 2.160000000000000028e-03
8.447699999999999321e+00 1.879999999999999944e-03
8.457699999999999108e+00 1.660000000000000017e-03
8.467699999999998894e+00 1.469999999999999953e-03
8.477700000000000458e+00 1.330000000000000019e-03
8.487700000000000244e+00 1.219999999999999947e-03
8.497700000000000031e+00 1.129999999999999928e-03
8.507699999999999818e+00 1.049999999999999935e-03
8.517699999999999605e+00 1.000000000000000021e-03
8.527699999999999392e+00 9.669999999999999776e-04
8.537699999999999179e+00 9.550000000000000112e-04
8.547699999999998965e+00 9.659999999999999533e-04
8.557700000000000529e+00 9.979999999999999722e-04
8.567700000000000315e+00 1.049999999999999935e-03
8.577700000000000102e+00 1.110000000000000092e-03
8.587699999999999889e+00 1.170000000000000033e-03
8.597699999999999676e+00 1.229999999999999974e-03
8.607699999999999463e+00 1.289999999999999914e-03
8.617699999999999250e+00 1.330000000000000019e-03
8.627699999999999037e+00 1.360000000000000098e-03
8.637700000000000600e+00 1.389999999999999960e-03
8.647700000000000387e+00 1.410000000000000012e-03
8.657700000000000173e+00 1.430000000000000064e-03
8.667699999999999960e+00 1.449999999999999900e-03
8.677699999999999747e+00 1.459999999999999926e-03
8.687699999999999534e+00 1.469999999999999953e-03
8.697699999999999321e+00 1.459999999999999926e-03
8.707699999999999108e+00 1.440000000000000091e-03
8.717699999999998894e+00 1.399999999999999986e-03
8.727700000000000458e+00 1.340000000000000045e-03
8.737700000000000244e+00 1.260000000000000052e-03
8.747700000000000031e+00 1.180000000000000059e-03
8.757699999999999818e+00 1.080000000000000014e-03
8.767699999999999605e+00 9.890000000000000787e-04
8.777699999999999392e+00 9.089999999999999773e-04
8.787699999999999179e+00 8.480000000000000124e-04
8.797699999999998965e+00 8.140000000000000534e-04
8.807700000000000529e+00 8.120000000000000048e-04
8.817700000000000315e+00 8.419999999999999750e-04
8.827700000000000102e+00 9.020000000000000240e-04
8.837699999999999889e+00 9.870000000000000301e-04
8.847699999999999676e+00 1.090000000000000040e-03
8.857699999999999463e+00 1.199999999999999895e-03
8.867699999999999250e+00 1.309999999999999967e-03
8.877699999999999037e+00 1.420000000000000038e-03
8.887700000000000600e+00 1.510000000000000057e-03
8.897700000000000387e+00 1.590000000000000050e-03
8.907700000000000173e+00 1.639999999999999965e-03
8.917699999999999960e+00 1.670000000000000043e-03
8.927699999999999747e+00 1.670000000000000043e-03
8.937699999999999534e+00 1.639999999999999965e-03
8.947699999999999321e+00 1.590000000000000050e-03
8.957699999999999108e+00 1.520000000000000084e-03
8.967699999999998894e+00 1.430000000000000064e-03
8.977700000000000458e+00 1.330000000000000019e-03
8.987700000000000244e+00 1.209999999999999921e-03
8.997700000000000031e+00 1.090000000000000040e-03
9.007699999999999818e+00 9.610000000000000486e-04
9.017699999999999605e+00 8.319999999999999488e-04
9.027699999999999392e+00 7.050000000000000060e-04
9.037699999999999179e+00 5.839999999999999922e-04
9.047699999999998965e+00 4.739999999999999747e-04
9.057700000000000529e+00 3.780000000000000265e-04
9.067700000000000315e+00 2.990000000000000036e-04
9.077700000000000102e+00 2.369999999999999874e-04
9.087699999999999889e+00 1.930000000000000021e-04
9.097699999999999676e+00 1.630000000000000047e-04
9.107699999999999463e+00 1.450000000000000009e-04
9.117699999999999250e+00 1.350000000000000017e-04
9.127699999999999037e+00 1.289999999999999914e-04
9.137700000000000600e+00 1.250000000000000026e-04
9.147700000000000387e+00 1.200000000000000030e-04
9.157700000000000173e+00 1.150000000000000035e-04
9.167699999999999960e+00 1.090000000000000067e-04
9.177699999999999747e+00 1.039999999999999936e-04
9.187699999999999534e+00 1.019999999999999992e-04
9.197699999999999321e+00 1.039999999999999936e-04
9.207699999999999108e+00 1.119999999999999983e-04
9.217699999999998894e+00 1.269999999999999970e-04
9.227700000000000458e+00 1.459999999999999981e-04
9.237700000000000244e+00 1.689999999999999879e-04
9.247700000000000031e+00 1.930000000000000021e-04
9.257699999999999818e+00 2.159999999999999919e-04
9.267699999999999605e+00 2.329999999999999986e-04
9.277699999999999392e+00 2.439999999999999949e-04
9.287699999999999179e+00 2.469999999999999865e-04
9.297699999999998965e+00 2.410000000000000033e-04
9.307700000000000529e+00 2.300000000000000070e-04
9.317700000000000315e+00 2.139999999999999975e-04
9.327700000000000102e+00 1.979999999999999881e-04
9.337699999999999889e+00 1.840000000000000001e-04
9.347699999999999676e+00 1.740000000000000010e-04
9.357699999999999463e+00 1.689999999999999879e-04
9.367699999999999250e+00 1.689999999999999879e-04
9.377699999999999037e+00 1.730000000000000038e-04
9.387700000000000600e+00 1.789999999999999870e-04
9.397700000000000387e+00 1.859999999999999945e-04
9.407700000000000173e+00 1.900000000000000105e-04
9.417699999999999960e+00 1.900000000000000105e-04
9.427699999999999747e+00 1.859999999999999945e-04
9.437699999999999534e+00 1.759999999999999954e-04
9.447699999999999321e+00 1.620000000000000075e-04
9.457699999999999108e+00 1.440000000000000036e-04
9.467699999999998894e+00 1.230000000000000082e-04
9.477700000000000458e+00 1.019999999999999992e-04
9.487700000000000244e+00 8.179999999999999609e-05
9.497700000000000031e+00 6.310000000000000233e-05
9.507699999999999818e+00 4.679999999999999915e-05
9.517699999999999605e+00 3.339999999999999870e-05
9.527699999999999392e+00 2.300000000000000002e-05
9.537699999999999179e+00 1.520000000000000016e-05
9.547699999999998965e+00 9.629999999999999278e-06
9.557700000000000529e+00 5.869999999999999703e-06
9.567700000000000315e+00 3.440000000000000098e-06
9.577700000000000102e+00 1.930000000000000156e-06
9.587699999999999889e+00 1.039999999999999995e-06
9.597699999999999676e+00 5.400000000000000179e-07
9.607699999999999463e+00 2.680000000000000175e-07
9.617699999999999250e+00 1.280000000000000080e-07
9.627699999999999037e+00 5.829999999999999927e-08
9.637700000000000600e+00 2.550000000000000004e-08
9.647700000000000387e+00 1.069999999999999986e-08
9.657700000000000173e+00 4.310000000000000213e-09
9.667699999999999960e+00 1.660000000000000058e-09
9.677699999999999747e+00 6.150000000000000476e-10
9.687699999999999534e+00 2.179999999999999968e-10
9.697700000000001097e+00 7.400000000000000295e-11
9.707699999999999108e+00 2.409999999999999950e-11
9.717700000000000671e+00 7.520000000000000269e-12
9.727699999999998681e+00 2.249999999999999904e-12
9.737700000000000244e+00 6.429999999999999865e-13
9.747699999999998255e+00 1.770000000000000031e-13
9.757699999999999818e+00 4.640000000000000297e-14
9.767700000000001381e+00 1.170000000000000000e-14
9.777699999999999392e+00 2.820000000000000069e-15
9.787700000000000955e+00 5.689999999999999768e-16
9.797699999999998965e+00 1.269999999999999929e-16
9.807700000000000529e+00 1.910000000000000137e-21
9.817699999999998539e+00 7.980000000000000063e-22
