#  E (eV)   dos(E)     Int dos(E) EFermi =    6.306 eV
 -20.000  0.1836E-84  0.1836E-86
 -19.990  0.1836E-84  0.3673E-86
 -19.980  0.1836E-84  0.5509E-86
 -19.970  0.1836E-84  0.7345E-86
 -19.960  0.1836E-84  0.9182E-86
 -19.950  0.1836E-84  0.1102E-85
 -19.940  0.1836E-84  0.1285E-85
 -19.930  0.1836E-84  0.1469E-85
 -19.920  0.1836E-84  0.1653E-85
 -19.910  0.1836E-84  0.1836E-85
 -19.900  0.1836E-84  0.2020E-85
 -19.890  0.1836E-84  0.2204E-85
 -19.880  0.1836E-84  0.2387E-85
 -19.870  0.1836E-84  0.2571E-85
 -19.860  0.1836E-84  0.2755E-85
 -19.850  0.1836E-84  0.2938E-85
 -19.840  0.1836E-84  0.3122E-85
 -19.830  0.1836E-84  0.3305E-85
 -19.820  0.1836E-84  0.3489E-85
 -19.810  0.1836E-84  0.3673E-85
 -19.800  0.1836E-84  0.3856E-85
 -19.790  0.1836E-84  0.4040E-85
 -19.780  0.1836E-84  0.4224E-85
 -19.770  0.1836E-84  0.4407E-85
 -19.760  0.1836E-84  0.4591E-85
 -19.750  0.1836E-84  0.4775E-85
 -19.740  0.1836E-84  0.4958E-85
 -19.730  0.1836E-84  0.5142E-85
 -19.720  0.1836E-84  0.5325E-85
 -19.710  0.1836E-84  0.5509E-85
 -19.700  0.1836E-84  0.5693E-85
 -19.690  0.1836E-84  0.5876E-85
 -19.680  0.1836E-84  0.6060E-85
 -19.670  0.1836E-84  0.6244E-85
 -19.660  0.1836E-84  0.6427E-85
 -19.650  0.1836E-84  0.6611E-85
 -19.640  0.1836E-84  0.6795E-85
 -19.630  0.1836E-84  0.6978E-85
 -19.620  0.1836E-84  0.7162E-85
 -19.610  0.1836E-84  0.7345E-85
 -19.600  0.1836E-84  0.7529E-85
 -19.590  0.1836E-84  0.7713E-85
 -19.580  0.1836E-84  0.7896E-85
 -19.570  0.1836E-84  0.8080E-85
 -19.560  0.1836E-84  0.8264E-85
 -19.550  0.1836E-84  0.8447E-85
 -19.540  0.1836E-84  0.8631E-85
 -19.530  0.1836E-84  0.8815E-85
 -19.520  0.1836E-84  0.8998E-85
 -19.510  0.1836E-84  0.9182E-85
 -19.500  0.1836E-84  0.9365E-85
 -19.490  0.1836E-84  0.9549E-85
 -19.480  0.1836E-84  0.9733E-85
 -19.470  0.1836E-84  0.9916E-85
 -19.460  0.1836E-84  0.1010E-84
 -19.450  0.1836E-84  0.1028E-84
 -19.440  0.1836E-84  0.1047E-84
 -19.430  0.1836E-84  0.1065E-84
 -19.420  0.1836E-84  0.1083E-84
 -19.410  0.1836E-84  0.1102E-84
 -19.400  0.1836E-84  0.1120E-84
 -19.390  0.1836E-84  0.1139E-84
 -19.380  0.1836E-84  0.1157E-84
 -19.370  0.1836E-84  0.1175E-84
 -19.360  0.1836E-84  0.1194E-84
 -19.350  0.1836E-84  0.1212E-84
 -19.340  0.1836E-84  0.1230E-84
 -19.330  0.1836E-84  0.1249E-84
 -19.320  0.1836E-84  0.1267E-84
 -19.310  0.1836E-84  0.1285E-84
 -19.300  0.1836E-84  0.1304E-84
 -19.290  0.1836E-84  0.1322E-84
 -19.280  0.1836E-84  0.1341E-84
 -19.270  0.1836E-84  0.1359E-84
 -19.260  0.1836E-84  0.1377E-84
 -19.250  0.1836E-84  0.1396E-84
 -19.240  0.1836E-84  0.1414E-84
 -19.230  0.1836E-84  0.1432E-84
 -19.220  0.1836E-84  0.1451E-84
 -19.210  0.1836E-84  0.1469E-84
 -19.200  0.1836E-84  0.1487E-84
 -19.190  0.1836E-84  0.1506E-84
 -19.180  0.1836E-84  0.1524E-84
 -19.170  0.1836E-84  0.1543E-84
 -19.160  0.1836E-84  0.1561E-84
 -19.150  0.1836E-84  0.1579E-84
 -19.140  0.1836E-84  0.1598E-84
 -19.130  0.1836E-84  0.1616E-84
 -19.120  0.1836E-84  0.1634E-84
 -19.110  0.1836E-84  0.1653E-84
 -19.100  0.1836E-84  0.1671E-84
 -19.090  0.1836E-84  0.1689E-84
 -19.080  0.1836E-84  0.1708E-84
 -19.070  0.1836E-84  0.1726E-84
 -19.060  0.1836E-84  0.1745E-84
 -19.050  0.1836E-84  0.1763E-84
 -19.040  0.1836E-84  0.1781E-84
 -19.030  0.1836E-84  0.1800E-84
 -19.020  0.1836E-84  0.1818E-84
 -19.010  0.1836E-84  0.1836E-84
 -19.000  0.1836E-84  0.1855E-84
 -18.990  0.1836E-84  0.1873E-84
 -18.980  0.1836E-84  0.1891E-84
 -18.970  0.1836E-84  0.1910E-84
 -18.960  0.1836E-84  0.1928E-84
 -18.950  0.1836E-84  0.1947E-84
 -18.940  0.1836E-84  0.1965E-84
 -18.930  0.1836E-84  0.1983E-84
 -18.920  0.1836E-84  0.2002E-84
 -18.910  0.1836E-84  0.2020E-84
 -18.900  0.1836E-84  0.2038E-84
 -18.890  0.1836E-84  0.2057E-84
 -18.880  0.1836E-84  0.2075E-84
 -18.870  0.1836E-84  0.2093E-84
 -18.860  0.1836E-84  0.2112E-84
 -18.850  0.1836E-84  0.2130E-84
 -18.840  0.1836E-84  0.2149E-84
 -18.830  0.1836E-84  0.2167E-84
 -18.820  0.1836E-84  0.2185E-84
 -18.810  0.1836E-84  0.2204E-84
 -18.800  0.1836E-84  0.2222E-84
 -18.790  0.1836E-84  0.2240E-84
 -18.780  0.1836E-84  0.2259E-84
 -18.770  0.1836E-84  0.2277E-84
 -18.760  0.1836E-84  0.2295E-84
 -18.750  0.1836E-84  0.2314E-84
 -18.740  0.1836E-84  0.2332E-84
 -18.730  0.1836E-84  0.2351E-84
 -18.720  0.1836E-84  0.2369E-84
 -18.710  0.1836E-84  0.2387E-84
 -18.700  0.1836E-84  0.2406E-84
 -18.690  0.1836E-84  0.2424E-84
 -18.680  0.1836E-84  0.2442E-84
 -18.670  0.1836E-84  0.2461E-84
 -18.660  0.1836E-84  0.2479E-84
 -18.650  0.1836E-84  0.2497E-84
 -18.640  0.1836E-84  0.2516E-84
 -18.630  0.1836E-84  0.2534E-84
 -18.620  0.1836E-84  0.2553E-84
 -18.610  0.1836E-84  0.2571E-84
 -18.600  0.1836E-84  0.2589E-84
 -18.590  0.1836E-84  0.2608E-84
 -18.580  0.1836E-84  0.2626E-84
 -18.570  0.1836E-84  0.2644E-84
 -18.560  0.1836E-84  0.2663E-84
 -18.550  0.1836E-84  0.2681E-84
 -18.540  0.1836E-84  0.2699E-84
 -18.530  0.1836E-84  0.2718E-84
 -18.520  0.1836E-84  0.2736E-84
 -18.510  0.1836E-84  0.2755E-84
 -18.500  0.1836E-84  0.2773E-84
 -18.490  0.1836E-84  0.2791E-84
 -18.480  0.1836E-84  0.2810E-84
 -18.470  0.1836E-84  0.2828E-84
 -18.460  0.1836E-84  0.2846E-84
 -18.450  0.1836E-84  0.2865E-84
 -18.440  0.1836E-84  0.2883E-84
 -18.430  0.1836E-84  0.2901E-84
 -18.420  0.1836E-84  0.2920E-84
 -18.410  0.1836E-84  0.2938E-84
 -18.400  0.1836E-84  0.2957E-84
 -18.390  0.1836E-84  0.2975E-84
 -18.380  0.1836E-84  0.2993E-84
 -18.370  0.1836E-84  0.3012E-84
 -18.360  0.1836E-84  0.3030E-84
 -18.350  0.1836E-84  0.3048E-84
 -18.340  0.1836E-84  0.3067E-84
 -18.330  0.1836E-84  0.3085E-84
 -18.320  0.1836E-84  0.3103E-84
 -18.310  0.1836E-84  0.3122E-84
 -18.300  0.1836E-84  0.3140E-84
 -18.290  0.1836E-84  0.3159E-84
 -18.280  0.1836E-84  0.3177E-84
 -18.270  0.1836E-84  0.3195E-84
 -18.260  0.1836E-84  0.3214E-84
 -18.250  0.1836E-84  0.3232E-84
 -18.240  0.1836E-84  0.3250E-84
 -18.230  0.1836E-84  0.3269E-84
 -18.220  0.1836E-84  0.3287E-84
 -18.210  0.1836E-84  0.3305E-84
 -18.200  0.1836E-84  0.3324E-84
 -18.190  0.1836E-84  0.3342E-84
 -18.180  0.1836E-84  0.3361E-84
 -18.170  0.1836E-84  0.3379E-84
 -18.160  0.1836E-84  0.3397E-84
 -18.150  0.1836E-84  0.3416E-84
 -18.140  0.1836E-84  0.3434E-84
 -18.130  0.1836E-84  0.3452E-84
 -18.120  0.1836E-84  0.3471E-84
 -18.110  0.1836E-84  0.3489E-84
 -18.100  0.1836E-84  0.3507E-84
 -18.090  0.1836E-84  0.3526E-84
 -18.080  0.1836E-84  0.3544E-84
 -18.070  0.1836E-84  0.3563E-84
 -18.060  0.1836E-84  0.3581E-84
 -18.050  0.1836E-84  0.3599E-84
 -18.040  0.1836E-84  0.3618E-84
 -18.030  0.1836E-84  0.3636E-84
 -18.020  0.1836E-84  0.3654E-84
 -18.010  0.1836E-84  0.3673E-84
 -18.000  0.1836E-84  0.3691E-84
 -17.990  0.1836E-84  0.3709E-84
 -17.980  0.1836E-84  0.3728E-84
 -17.970  0.1836E-84  0.3746E-84
 -17.960  0.1836E-84  0.3765E-84
 -17.950  0.1836E-84  0.3783E-84
 -17.940  0.1836E-84  0.3801E-84
 -17.930  0.1836E-84  0.3820E-84
 -17.920  0.1836E-84  0.3838E-84
 -17.910  0.1836E-84  0.3856E-84
 -17.900  0.1836E-84  0.3875E-84
 -17.890  0.1836E-84  0.3893E-84
 -17.880  0.1836E-84  0.3911E-84
 -17.870  0.1836E-84  0.3930E-84
 -17.860  0.1836E-84  0.3948E-84
 -17.850  0.1836E-84  0.3967E-84
 -17.840  0.1836E-84  0.3985E-84
 -17.830  0.1836E-84  0.4003E-84
 -17.820  0.1836E-84  0.4022E-84
 -17.810  0.1836E-84  0.4040E-84
 -17.800  0.1836E-84  0.4058E-84
 -17.790  0.1836E-84  0.4077E-84
 -17.780  0.1836E-84  0.4095E-84
 -17.770  0.1836E-84  0.4113E-84
 -17.760  0.1836E-84  0.4132E-84
 -17.750  0.1836E-84  0.4150E-84
 -17.740  0.1836E-84  0.4169E-84
 -17.730  0.1836E-84  0.4187E-84
 -17.720  0.1836E-84  0.4205E-84
 -17.710  0.1836E-84  0.4224E-84
 -17.700  0.1836E-84  0.4242E-84
 -17.690  0.1836E-84  0.4260E-84
 -17.680  0.1836E-84  0.4279E-84
 -17.670  0.1836E-84  0.4297E-84
 -17.660  0.1836E-84  0.4315E-84
 -17.650  0.1836E-84  0.4334E-84
 -17.640  0.1836E-84  0.4352E-84
 -17.630  0.1836E-84  0.4371E-84
 -17.620  0.1836E-84  0.4389E-84
 -17.610  0.1836E-84  0.4407E-84
 -17.600  0.1836E-84  0.4426E-84
 -17.590  0.1836E-84  0.4444E-84
 -17.580  0.1836E-84  0.4462E-84
 -17.570  0.1836E-84  0.4481E-84
 -17.560  0.1836E-84  0.4499E-84
 -17.550  0.1836E-84  0.4517E-84
 -17.540  0.1836E-84  0.4536E-84
 -17.530  0.1836E-84  0.4554E-84
 -17.520  0.1836E-84  0.4573E-84
 -17.510  0.1836E-84  0.4591E-84
 -17.500  0.1836E-84  0.4609E-84
 -17.490  0.1836E-84  0.4628E-84
 -17.480  0.1836E-84  0.4646E-84
 -17.470  0.1836E-84  0.4664E-84
 -17.460  0.1836E-84  0.4683E-84
 -17.450  0.1836E-84  0.4701E-84
 -17.440  0.1836E-84  0.4719E-84
 -17.430  0.1836E-84  0.4738E-84
 -17.420  0.1836E-84  0.4756E-84
 -17.410  0.1836E-84  0.4775E-84
 -17.400  0.1836E-84  0.4793E-84
 -17.390  0.1836E-84  0.4811E-84
 -17.380  0.1836E-84  0.4830E-84
 -17.370  0.1836E-84  0.4848E-84
 -17.360  0.1836E-84  0.4866E-84
 -17.350  0.1836E-84  0.4885E-84
 -17.340  0.1836E-84  0.4903E-84
 -17.330  0.1836E-84  0.4921E-84
 -17.320  0.1836E-84  0.4940E-84
 -17.310  0.1836E-84  0.4958E-84
 -17.300  0.1836E-84  0.4977E-84
 -17.290  0.1836E-84  0.4995E-84
 -17.280  0.1836E-84  0.5013E-84
 -17.270  0.1836E-84  0.5032E-84
 -17.260  0.1836E-84  0.5050E-84
 -17.250  0.1836E-84  0.5068E-84
 -17.240  0.1836E-84  0.5087E-84
 -17.230  0.1836E-84  0.5105E-84
 -17.220  0.1836E-84  0.5123E-84
 -17.210  0.1836E-84  0.5142E-84
 -17.200  0.1836E-84  0.5160E-84
 -17.190  0.1836E-84  0.5179E-84
 -17.180  0.1836E-84  0.5197E-84
 -17.170  0.1836E-84  0.5215E-84
 -17.160  0.1836E-84  0.5234E-84
 -17.150  0.1836E-84  0.5252E-84
 -17.140  0.1836E-84  0.5270E-84
 -17.130  0.1836E-84  0.5289E-84
 -17.120  0.1836E-84  0.5307E-84
 -17.110  0.1836E-84  0.5325E-84
 -17.100  0.1836E-84  0.5344E-84
 -17.090  0.1836E-84  0.5362E-84
 -17.080  0.1836E-84  0.5381E-84
 -17.070  0.1836E-84  0.5399E-84
 -17.060  0.1836E-84  0.5417E-84
 -17.050  0.1836E-84  0.5436E-84
 -17.040  0.1836E-84  0.5454E-84
 -17.030  0.1836E-84  0.5472E-84
 -17.020  0.1836E-84  0.5491E-84
 -17.010  0.1836E-84  0.5509E-84
 -17.000  0.1836E-84  0.5527E-84
 -16.990  0.1836E-84  0.5546E-84
 -16.980  0.1836E-84  0.5564E-84
 -16.970  0.1836E-84  0.5583E-84
 -16.960  0.1836E-84  0.5601E-84
 -16.950  0.1836E-84  0.5619E-84
 -16.940  0.1836E-84  0.5638E-84
 -16.930  0.1836E-84  0.5656E-84
 -16.920  0.1836E-84  0.5674E-84
 -16.910  0.1836E-84  0.5693E-84
 -16.900  0.1836E-84  0.5711E-84
 -16.890  0.1836E-84  0.5729E-84
 -16.880  0.1836E-84  0.5748E-84
 -16.870  0.1836E-84  0.5766E-84
 -16.860  0.1836E-84  0.5785E-84
 -16.850  0.1836E-84  0.5803E-84
 -16.840  0.1836E-84  0.5821E-84
 -16.830  0.1836E-84  0.5840E-84
 -16.820  0.1836E-84  0.5858E-84
 -16.810  0.1836E-84  0.5876E-84
 -16.800  0.1836E-84  0.5895E-84
 -16.790  0.1836E-84  0.5913E-84
 -16.780  0.1836E-84  0.5931E-84
 -16.770  0.1836E-84  0.5950E-84
 -16.760  0.1836E-84  0.5968E-84
 -16.750  0.1836E-84  0.5987E-84
 -16.740  0.1836E-84  0.6005E-84
 -16.730  0.1836E-84  0.6023E-84
 -16.720  0.1836E-84  0.6042E-84
 -16.710  0.1836E-84  0.6060E-84
 -16.700  0.1836E-84  0.6078E-84
 -16.690  0.1836E-84  0.6097E-84
 -16.680  0.1836E-84  0.6115E-84
 -16.670  0.1836E-84  0.6133E-84
 -16.660  0.1836E-84  0.6152E-84
 -16.650  0.1836E-84  0.6170E-84
 -16.640  0.1836E-84  0.6189E-84
 -16.630  0.1836E-84  0.6207E-84
 -16.620  0.1836E-84  0.6225E-84
 -16.610  0.1836E-84  0.6244E-84
 -16.600  0.1836E-84  0.6262E-84
 -16.590  0.1836E-84  0.6280E-84
 -16.580  0.1836E-84  0.6299E-84
 -16.570  0.1836E-84  0.6317E-84
 -16.560  0.1836E-84  0.6335E-84
 -16.550  0.1836E-84  0.6354E-84
 -16.540  0.1836E-84  0.6372E-84
 -16.530  0.1836E-84  0.6391E-84
 -16.520  0.1836E-84  0.6409E-84
 -16.510  0.1836E-84  0.6427E-84
 -16.500  0.1836E-84  0.6446E-84
 -16.490  0.1836E-84  0.6464E-84
 -16.480  0.1836E-84  0.6482E-84
 -16.470  0.1836E-84  0.6501E-84
 -16.460  0.1836E-84  0.6519E-84
 -16.450  0.1836E-84  0.6537E-84
 -16.440  0.1836E-84  0.6556E-84
 -16.430  0.1836E-84  0.6574E-84
 -16.420  0.1836E-84  0.6593E-84
 -16.410  0.1836E-84  0.6611E-84
 -16.400  0.1836E-84  0.6629E-84
 -16.390  0.1836E-84  0.6648E-84
 -16.380  0.1836E-84  0.6666E-84
 -16.370  0.1836E-84  0.6684E-84
 -16.360  0.1836E-84  0.6703E-84
 -16.350  0.1836E-84  0.6721E-84
 -16.340  0.1836E-84  0.6739E-84
 -16.330  0.1836E-84  0.6758E-84
 -16.320  0.1836E-84  0.6776E-84
 -16.310  0.1836E-84  0.6795E-84
 -16.300  0.1836E-84  0.6813E-84
 -16.290  0.1836E-84  0.6831E-84
 -16.280  0.1836E-84  0.6850E-84
 -16.270  0.1836E-84  0.6868E-84
 -16.260  0.1836E-84  0.6886E-84
 -16.250  0.1836E-84  0.6905E-84
 -16.240  0.1836E-84  0.6923E-84
 -16.230  0.1836E-84  0.6941E-84
 -16.220  0.1836E-84  0.6960E-84
 -16.210  0.1836E-84  0.6978E-84
 -16.200  0.1836E-84  0.6997E-84
 -16.190  0.1836E-84  0.7015E-84
 -16.180  0.1836E-84  0.7033E-84
 -16.170  0.1836E-84  0.7052E-84
 -16.160  0.1836E-84  0.7070E-84
 -16.150  0.1836E-84  0.7088E-84
 -16.140  0.1836E-84  0.7107E-84
 -16.130  0.1836E-84  0.7125E-84
 -16.120  0.1836E-84  0.7143E-84
 -16.110  0.1836E-84  0.7162E-84
 -16.100  0.1836E-84  0.7180E-84
 -16.090  0.1836E-84  0.7199E-84
 -16.080  0.1836E-84  0.7217E-84
 -16.070  0.1836E-84  0.7235E-84
 -16.060  0.1836E-84  0.7254E-84
 -16.050  0.1836E-84  0.7272E-84
 -16.040  0.1836E-84  0.7290E-84
 -16.030  0.1836E-84  0.7309E-84
 -16.020  0.1836E-84  0.7327E-84
 -16.010  0.1836E-84  0.7345E-84
 -16.000  0.1836E-84  0.7364E-84
 -15.990  0.1836E-84  0.7382E-84
 -15.980  0.1836E-84  0.7401E-84
 -15.970  0.1836E-84  0.7419E-84
 -15.960  0.1836E-84  0.7437E-84
 -15.950  0.1836E-84  0.7456E-84
 -15.940  0.1836E-84  0.7474E-84
 -15.930  0.1836E-84  0.7492E-84
 -15.920  0.1836E-84  0.7511E-84
 -15.910  0.1836E-84  0.7529E-84
 -15.900  0.1836E-84  0.7547E-84
 -15.890  0.1836E-84  0.7566E-84
 -15.880  0.1836E-84  0.7584E-84
 -15.870  0.1836E-84  0.7603E-84
 -15.860  0.1836E-84  0.7621E-84
 -15.850  0.1836E-84  0.7639E-84
 -15.840  0.1836E-84  0.7658E-84
 -15.830  0.1836E-84  0.7676E-84
 -15.820  0.1836E-84  0.7694E-84
 -15.810  0.1836E-84  0.7713E-84
 -15.800  0.1836E-84  0.7731E-84
 -15.790  0.1836E-84  0.7749E-84
 -15.780  0.1836E-84  0.7768E-84
 -15.770  0.1836E-84  0.7786E-84
 -15.760  0.1836E-84  0.7805E-84
 -15.750  0.1836E-84  0.7823E-84
 -15.740  0.1836E-84  0.7841E-84
 -15.730  0.1836E-84  0.7860E-84
 -15.720  0.1836E-84  0.7878E-84
 -15.710  0.1836E-84  0.7896E-84
 -15.700  0.1836E-84  0.7915E-84
 -15.690  0.1836E-84  0.7933E-84
 -15.680  0.1836E-84  0.7951E-84
 -15.670  0.1836E-84  0.7970E-84
 -15.660  0.1836E-84  0.7988E-84
 -15.650  0.1836E-84  0.8007E-84
 -15.640  0.1836E-84  0.8025E-84
 -15.630  0.1836E-84  0.8043E-84
 -15.620  0.1836E-84  0.8062E-84
 -15.610  0.1836E-84  0.8080E-84
 -15.600  0.1836E-84  0.8098E-84
 -15.590  0.1836E-84  0.8117E-84
 -15.580  0.1836E-84  0.8135E-84
 -15.570  0.1836E-84  0.8153E-84
 -15.560  0.1836E-84  0.8172E-84
 -15.550  0.1836E-84  0.8190E-84
 -15.540  0.1836E-84  0.8209E-84
 -15.530  0.1836E-84  0.8227E-84
 -15.520  0.1836E-84  0.8245E-84
 -15.510  0.1836E-84  0.8264E-84
 -15.500  0.1836E-84  0.8282E-84
 -15.490  0.1836E-84  0.8300E-84
 -15.480  0.1836E-84  0.8319E-84
 -15.470  0.1836E-84  0.8337E-84
 -15.460  0.1836E-84  0.8355E-84
 -15.450  0.1836E-84  0.8374E-84
 -15.440  0.1836E-84  0.8392E-84
 -15.430  0.1836E-84  0.8411E-84
 -15.420  0.1836E-84  0.8429E-84
 -15.410  0.1836E-84  0.8447E-84
 -15.400  0.1836E-84  0.8466E-84
 -15.390  0.1836E-84  0.8484E-84
 -15.380  0.1836E-84  0.8502E-84
 -15.370  0.1836E-84  0.8521E-84
 -15.360  0.1836E-84  0.8539E-84
 -15.350  0.1836E-84  0.8557E-84
 -15.340  0.1836E-84  0.8576E-84
 -15.330  0.1836E-84  0.8594E-84
 -15.320  0.1836E-84  0.8613E-84
 -15.310  0.1836E-84  0.8631E-84
 -15.300  0.1836E-84  0.8649E-84
 -15.290  0.1836E-84  0.8668E-84
 -15.280  0.1836E-84  0.8686E-84
 -15.270  0.1836E-84  0.8704E-84
 -15.260  0.1836E-84  0.8723E-84
 -15.250  0.1836E-84  0.8741E-84
 -15.240  0.1836E-84  0.8759E-84
 -15.230  0.1836E-84  0.8778E-84
 -15.220  0.1836E-84  0.8796E-84
 -15.210  0.1836E-84  0.8815E-84
 -15.200  0.1836E-84  0.8833E-84
 -15.190  0.1836E-84  0.8851E-84
 -15.180  0.1836E-84  0.8870E-84
 -15.170  0.1836E-84  0.8888E-84
 -15.160  0.1836E-84  0.8906E-84
 -15.150  0.1836E-84  0.8925E-84
 -15.140  0.1836E-84  0.8943E-84
 -15.130  0.1836E-84  0.8961E-84
 -15.120  0.1836E-84  0.8980E-84
 -15.110  0.1836E-84  0.8998E-84
 -15.100  0.1836E-84  0.9017E-84
 -15.090  0.1836E-84  0.9035E-84
 -15.080  0.1836E-84  0.9053E-84
 -15.070  0.1836E-84  0.9072E-84
 -15.060  0.1836E-84  0.9090E-84
 -15.050  0.1836E-84  0.9108E-84
 -15.040  0.1836E-84  0.9127E-84
 -15.030  0.1836E-84  0.9145E-84
 -15.020  0.1836E-84  0.9163E-84
 -15.010  0.1836E-84  0.9182E-84
 -15.000  0.1836E-84  0.9200E-84
 -14.990  0.1836E-84  0.9219E-84
 -14.980  0.1836E-84  0.9237E-84
 -14.970  0.1836E-84  0.9255E-84
 -14.960  0.1836E-84  0.9274E-84
 -14.950  0.1836E-84  0.9292E-84
 -14.940  0.1836E-84  0.9310E-84
 -14.930  0.1836E-84  0.9329E-84
 -14.920  0.1836E-84  0.9347E-84
 -14.910  0.1836E-84  0.9365E-84
 -14.900  0.1836E-84  0.9384E-84
 -14.890  0.1836E-84  0.9402E-84
 -14.880  0.1836E-84  0.9421E-84
 -14.870  0.1836E-84  0.9439E-84
 -14.860  0.1836E-84  0.9457E-84
 -14.850  0.1836E-84  0.9476E-84
 -14.840  0.1836E-84  0.9494E-84
 -14.830  0.1836E-84  0.9512E-84
 -14.820  0.1836E-84  0.9531E-84
 -14.810  0.1836E-84  0.9549E-84
 -14.800  0.1836E-84  0.9567E-84
 -14.790  0.1836E-84  0.9586E-84
 -14.780  0.1836E-84  0.9604E-84
 -14.770  0.1836E-84  0.9623E-84
 -14.760  0.1836E-84  0.9641E-84
 -14.750  0.1836E-84  0.9659E-84
 -14.740  0.1836E-84  0.9678E-84
 -14.730  0.1836E-84  0.9696E-84
 -14.720  0.1836E-84  0.9714E-84
 -14.710  0.1836E-84  0.9733E-84
 -14.700  0.1836E-84  0.9751E-84
 -14.690  0.1836E-84  0.9769E-84
 -14.680  0.1836E-84  0.9788E-84
 -14.670  0.1836E-84  0.9806E-84
 -14.660  0.1836E-84  0.9825E-84
 -14.650  0.1836E-84  0.9843E-84
 -14.640  0.1836E-84  0.9861E-84
 -14.630  0.1836E-84  0.9880E-84
 -14.620  0.1836E-84  0.9898E-84
 -14.610  0.1836E-84  0.9916E-84
 -14.600  0.1836E-84  0.9935E-84
 -14.590  0.1836E-84  0.9953E-84
 -14.580  0.1836E-84  0.9971E-84
 -14.570  0.1836E-84  0.9990E-84
 -14.560  0.1836E-84  0.1001E-83
 -14.550  0.1836E-84  0.1003E-83
 -14.540  0.1836E-84  0.1004E-83
 -14.530  0.1836E-84  0.1006E-83
 -14.520  0.1836E-84  0.1008E-83
 -14.510  0.1836E-84  0.1010E-83
 -14.500  0.1836E-84  0.1012E-83
 -14.490  0.1836E-84  0.1014E-83
 -14.480  0.1836E-84  0.1016E-83
 -14.470  0.1836E-84  0.1017E-83
 -14.460  0.1836E-84  0.1019E-83
 -14.450  0.1836E-84  0.1021E-83
 -14.440  0.1836E-84  0.1023E-83
 -14.430  0.1836E-84  0.1025E-83
 -14.420  0.1836E-84  0.1027E-83
 -14.410  0.1836E-84  0.1028E-83
 -14.400  0.1836E-84  0.1030E-83
 -14.390  0.1836E-84  0.1032E-83
 -14.380  0.1836E-84  0.1034E-83
 -14.370  0.1836E-84  0.1036E-83
 -14.360  0.1836E-84  0.1038E-83
 -14.350  0.1836E-84  0.1039E-83
 -14.340  0.1836E-84  0.1041E-83
 -14.330  0.1836E-84  0.1043E-83
 -14.320  0.1836E-84  0.1045E-83
 -14.310  0.1836E-84  0.1047E-83
 -14.300  0.1836E-84  0.1049E-83
 -14.290  0.1836E-84  0.1050E-83
 -14.280  0.1836E-84  0.1052E-83
 -14.270  0.1836E-84  0.1054E-83
 -14.260  0.1836E-84  0.1056E-83
 -14.250  0.1836E-84  0.1058E-83
 -14.240  0.1836E-84  0.1060E-83
 -14.230  0.1836E-84  0.1061E-83
 -14.220  0.1836E-84  0.1063E-83
 -14.210  0.1836E-84  0.1065E-83
 -14.200  0.1836E-84  0.1067E-83
 -14.190  0.1836E-84  0.1069E-83
 -14.180  0.1836E-84  0.1071E-83
 -14.170  0.1836E-84  0.1072E-83
 -14.160  0.1836E-84  0.1074E-83
 -14.150  0.1836E-84  0.1076E-83
 -14.140  0.1836E-84  0.1078E-83
 -14.130  0.1836E-84  0.1080E-83
 -14.120  0.1836E-84  0.1082E-83
 -14.110  0.1836E-84  0.1083E-83
 -14.100  0.1836E-84  0.1085E-83
 -14.090  0.1836E-84  0.1087E-83
 -14.080  0.1836E-84  0.1089E-83
 -14.070  0.1836E-84  0.1091E-83
 -14.060  0.1836E-84  0.1093E-83
 -14.050  0.1836E-84  0.1094E-83
 -14.040  0.1836E-84  0.1096E-83
 -14.030  0.1836E-84  0.1098E-83
 -14.020  0.1836E-84  0.1100E-83
 -14.010  0.1836E-84  0.1102E-83
 -14.000  0.1836E-84  0.1104E-83
 -13.990  0.1836E-84  0.1105E-83
 -13.980  0.1836E-84  0.1107E-83
 -13.970  0.1836E-84  0.1109E-83
 -13.960  0.1836E-84  0.1111E-83
 -13.950  0.1836E-84  0.1113E-83
 -13.940  0.1836E-84  0.1115E-83
 -13.930  0.1836E-84  0.1117E-83
 -13.920  0.1836E-84  0.1118E-83
 -13.910  0.1836E-84  0.1120E-83
 -13.900  0.1836E-84  0.1122E-83
 -13.890  0.1836E-84  0.1124E-83
 -13.880  0.1836E-84  0.1126E-83
 -13.870  0.1836E-84  0.1128E-83
 -13.860  0.1836E-84  0.1129E-83
 -13.850  0.1836E-84  0.1131E-83
 -13.840  0.1836E-84  0.1133E-83
 -13.830  0.1836E-84  0.1135E-83
 -13.820  0.1836E-84  0.1137E-83
 -13.810  0.1836E-84  0.1139E-83
 -13.800  0.1836E-84  0.1140E-83
 -13.790  0.1836E-84  0.1142E-83
 -13.780  0.1836E-84  0.1144E-83
 -13.770  0.1836E-84  0.1146E-83
 -13.760  0.1836E-84  0.1148E-83
 -13.750  0.1836E-84  0.1150E-83
 -13.740  0.1836E-84  0.1151E-83
 -13.730  0.1836E-84  0.1153E-83
 -13.720  0.1836E-84  0.1155E-83
 -13.710  0.1836E-84  0.1157E-83
 -13.700  0.1836E-84  0.1159E-83
 -13.690  0.1836E-84  0.1161E-83
 -13.680  0.1836E-84  0.1162E-83
 -13.670  0.1836E-84  0.1164E-83
 -13.660  0.1836E-84  0.1166E-83
 -13.650  0.1836E-84  0.1168E-83
 -13.640  0.1836E-84  0.1170E-83
 -13.630  0.1836E-84  0.1172E-83
 -13.620  0.1836E-84  0.1173E-83
 -13.610  0.1836E-84  0.1175E-83
 -13.600  0.1836E-84  0.1177E-83
 -13.590  0.1836E-84  0.1179E-83
 -13.580  0.1836E-84  0.1181E-83
 -13.570  0.1836E-84  0.1183E-83
 -13.560  0.1836E-84  0.1184E-83
 -13.550  0.1836E-84  0.1186E-83
 -13.540  0.1836E-84  0.1188E-83
 -13.530  0.1836E-84  0.1190E-83
 -13.520  0.1836E-84  0.1192E-83
 -13.510  0.1836E-84  0.1194E-83
 -13.500  0.1836E-84  0.1195E-83
 -13.490  0.1836E-84  0.1197E-83
 -13.480  0.1836E-84  0.1199E-83
 -13.470  0.1836E-84  0.1201E-83
 -13.460  0.1836E-84  0.1203E-83
 -13.450  0.1836E-84  0.1205E-83
 -13.440  0.1836E-84  0.1206E-83
 -13.430  0.1836E-84  0.1208E-83
 -13.420  0.1836E-84  0.1210E-83
 -13.410  0.1836E-84  0.1212E-83
 -13.400  0.1836E-84  0.1214E-83
 -13.390  0.1836E-84  0.1216E-83
 -13.380  0.1836E-84  0.1218E-83
 -13.370  0.1836E-84  0.1219E-83
 -13.360  0.1836E-84  0.1221E-83
 -13.350  0.1836E-84  0.1223E-83
 -13.340  0.1836E-84  0.1225E-83
 -13.330  0.1836E-84  0.1227E-83
 -13.320  0.1836E-84  0.1229E-83
 -13.310  0.1836E-84  0.1230E-83
 -13.300  0.1836E-84  0.1232E-83
 -13.290  0.1836E-84  0.1234E-83
 -13.280  0.1836E-84  0.1236E-83
 -13.270  0.1836E-84  0.1238E-83
 -13.260  0.1836E-84  0.1240E-83
 -13.250  0.1836E-84  0.1241E-83
 -13.240  0.1836E-84  0.1243E-83
 -13.230  0.1836E-84  0.1245E-83
 -13.220  0.1836E-84  0.1247E-83
 -13.210  0.1836E-84  0.1249E-83
 -13.200  0.1836E-84  0.1251E-83
 -13.190  0.1836E-84  0.1252E-83
 -13.180  0.1836E-84  0.1254E-83
 -13.170  0.1836E-84  0.1256E-83
 -13.160  0.1836E-84  0.1258E-83
 -13.150  0.1836E-84  0.1260E-83
 -13.140  0.1836E-84  0.1262E-83
 -13.130  0.1836E-84  0.1263E-83
 -13.120  0.1836E-84  0.1265E-83
 -13.110  0.1836E-84  0.1267E-83
 -13.100  0.1836E-84  0.1269E-83
 -13.090  0.1836E-84  0.1271E-83
 -13.080  0.1836E-84  0.1273E-83
 -13.070  0.1836E-84  0.1274E-83
 -13.060  0.1836E-84  0.1276E-83
 -13.050  0.1836E-84  0.1278E-83
 -13.040  0.1836E-84  0.1280E-83
 -13.030  0.1836E-84  0.1282E-83
 -13.020  0.1836E-84  0.1284E-83
 -13.010  0.1836E-84  0.1285E-83
 -13.000  0.1836E-84  0.1287E-83
 -12.990  0.1836E-84  0.1289E-83
 -12.980  0.1836E-84  0.1291E-83
 -12.970  0.1836E-84  0.1293E-83
 -12.960  0.1836E-84  0.1295E-83
 -12.950  0.1836E-84  0.1296E-83
 -12.940  0.1836E-84  0.1298E-83
 -12.930  0.1836E-84  0.1300E-83
 -12.920  0.1836E-84  0.1302E-83
 -12.910  0.1836E-84  0.1304E-83
 -12.900  0.1836E-84  0.1306E-83
 -12.890  0.1836E-84  0.1307E-83
 -12.880  0.1836E-84  0.1309E-83
 -12.870  0.1836E-84  0.1311E-83
 -12.860  0.1836E-84  0.1313E-83
 -12.850  0.1836E-84  0.1315E-83
 -12.840  0.1836E-84  0.1317E-83
 -12.830  0.1836E-84  0.1319E-83
 -12.820  0.1836E-84  0.1320E-83
 -12.810  0.1836E-84  0.1322E-83
 -12.800  0.1836E-84  0.1324E-83
 -12.790  0.1836E-84  0.1326E-83
 -12.780  0.1836E-84  0.1328E-83
 -12.770  0.1836E-84  0.1330E-83
 -12.760  0.1836E-84  0.1331E-83
 -12.750  0.1836E-84  0.1333E-83
 -12.740  0.1836E-84  0.1335E-83
 -12.730  0.1836E-84  0.1337E-83
 -12.720  0.1836E-84  0.1339E-83
 -12.710  0.1836E-84  0.1341E-83
 -12.700  0.1836E-84  0.1342E-83
 -12.690  0.1836E-84  0.1344E-83
 -12.680  0.1836E-84  0.1346E-83
 -12.670  0.1836E-84  0.1348E-83
 -12.660  0.1836E-84  0.1350E-83
 -12.650  0.1836E-84  0.1352E-83
 -12.640  0.1836E-84  0.1353E-83
 -12.630  0.1836E-84  0.1355E-83
 -12.620  0.1836E-84  0.1357E-83
 -12.610  0.1836E-84  0.1359E-83
 -12.600  0.1836E-84  0.1361E-83
 -12.590  0.1836E-84  0.1363E-83
 -12.580  0.1836E-84  0.1364E-83
 -12.570  0.1836E-84  0.1366E-83
 -12.560  0.1836E-84  0.1368E-83
 -12.550  0.1836E-84  0.1370E-83
 -12.540  0.1836E-84  0.1372E-83
 -12.530  0.1836E-84  0.1374E-83
 -12.520  0.1836E-84  0.1375E-83
 -12.510  0.1836E-84  0.1377E-83
 -12.500  0.1836E-84  0.1379E-83
 -12.490  0.1836E-84  0.1381E-83
 -12.480  0.1836E-84  0.1383E-83
 -12.470  0.1836E-84  0.1385E-83
 -12.460  0.1836E-84  0.1386E-83
 -12.450  0.1836E-84  0.1388E-83
 -12.440  0.1836E-84  0.1390E-83
 -12.430  0.1836E-84  0.1392E-83
 -12.420  0.1836E-84  0.1394E-83
 -12.410  0.1836E-84  0.1396E-83
 -12.400  0.1836E-84  0.1397E-83
 -12.390  0.1836E-84  0.1399E-83
 -12.380  0.1836E-84  0.1401E-83
 -12.370  0.1836E-84  0.1403E-83
 -12.360  0.1836E-84  0.1405E-83
 -12.350  0.1836E-84  0.1407E-83
 -12.340  0.1836E-84  0.1408E-83
 -12.330  0.1836E-84  0.1410E-83
 -12.320  0.1836E-84  0.1412E-83
 -12.310  0.1836E-84  0.1414E-83
 -12.300  0.1836E-84  0.1416E-83
 -12.290  0.1836E-84  0.1418E-83
 -12.280  0.1836E-84  0.1420E-83
 -12.270  0.1836E-84  0.1421E-83
 -12.260  0.1836E-84  0.1423E-83
 -12.250  0.1836E-84  0.1425E-83
 -12.240  0.1836E-84  0.1427E-83
 -12.230  0.1836E-84  0.1429E-83
 -12.220  0.1836E-84  0.1431E-83
 -12.210  0.1836E-84  0.1432E-83
 -12.200  0.1836E-84  0.1434E-83
 -12.190  0.1836E-84  0.1436E-83
 -12.180  0.1836E-84  0.1438E-83
 -12.170  0.1836E-84  0.1440E-83
 -12.160  0.1836E-84  0.1442E-83
 -12.150  0.1836E-84  0.1443E-83
 -12.140  0.1836E-84  0.1445E-83
 -12.130  0.1836E-84  0.1447E-83
 -12.120  0.1836E-84  0.1449E-83
 -12.110  0.1836E-84  0.1451E-83
 -12.100  0.1836E-84  0.1453E-83
 -12.090  0.1836E-84  0.1454E-83
 -12.080  0.1836E-84  0.1456E-83
 -12.070  0.1836E-84  0.1458E-83
 -12.060  0.1836E-84  0.1460E-83
 -12.050  0.1836E-84  0.1462E-83
 -12.040  0.1836E-84  0.1464E-83
 -12.030  0.1836E-84  0.1465E-83
 -12.020  0.1836E-84  0.1467E-83
 -12.010  0.1836E-84  0.1469E-83
 -12.000  0.1836E-84  0.1471E-83
 -11.990  0.1836E-84  0.1473E-83
 -11.980  0.1836E-84  0.1475E-83
 -11.970  0.1836E-84  0.1476E-83
 -11.960  0.1836E-84  0.1478E-83
 -11.950  0.1836E-84  0.1480E-83
 -11.940  0.1836E-84  0.1482E-83
 -11.930  0.1836E-84  0.1484E-83
 -11.920  0.1836E-84  0.1486E-83
 -11.910  0.1836E-84  0.1487E-83
 -11.900  0.1836E-84  0.1489E-83
 -11.890  0.1836E-84  0.1491E-83
 -11.880  0.1836E-84  0.1493E-83
 -11.870  0.1836E-84  0.1495E-83
 -11.860  0.1836E-84  0.1497E-83
 -11.850  0.1836E-84  0.1498E-83
 -11.840  0.1836E-84  0.1500E-83
 -11.830  0.1836E-84  0.1502E-83
 -11.820  0.1836E-84  0.1504E-83
 -11.810  0.1836E-84  0.1506E-83
 -11.800  0.1836E-84  0.1508E-83
 -11.790  0.1836E-84  0.1509E-83
 -11.780  0.1836E-84  0.1511E-83
 -11.770  0.1836E-84  0.1513E-83
 -11.760  0.1836E-84  0.1515E-83
 -11.750  0.1836E-84  0.1517E-83
 -11.740  0.1836E-84  0.1519E-83
 -11.730  0.1836E-84  0.1521E-83
 -11.720  0.1836E-84  0.1522E-83
 -11.710  0.1836E-84  0.1524E-83
 -11.700  0.1836E-84  0.1526E-83
 -11.690  0.1836E-84  0.1528E-83
 -11.680  0.1836E-84  0.1530E-83
 -11.670  0.1836E-84  0.1532E-83
 -11.660  0.1836E-84  0.1533E-83
 -11.650  0.1836E-84  0.1535E-83
 -11.640  0.1836E-84  0.1537E-83
 -11.630  0.1836E-84  0.1539E-83
 -11.620  0.1836E-84  0.1541E-83
 -11.610  0.1836E-84  0.1543E-83
 -11.600  0.1836E-84  0.1544E-83
 -11.590  0.1836E-84  0.1546E-83
 -11.580  0.1836E-84  0.1548E-83
 -11.570  0.1836E-84  0.1550E-83
 -11.560  0.1836E-84  0.1552E-83
 -11.550  0.1836E-84  0.1554E-83
 -11.540  0.1836E-84  0.1555E-83
 -11.530  0.1836E-84  0.1557E-83
 -11.520  0.1836E-84  0.1559E-83
 -11.510  0.1836E-84  0.1561E-83
 -11.500  0.1836E-84  0.1563E-83
 -11.490  0.1836E-84  0.1565E-83
 -11.480  0.1836E-84  0.1566E-83
 -11.470  0.1836E-84  0.1568E-83
 -11.460  0.1836E-84  0.1570E-83
 -11.450  0.1836E-84  0.1572E-83
 -11.440  0.1836E-84  0.1574E-83
 -11.430  0.1836E-84  0.1576E-83
 -11.420  0.1836E-84  0.1577E-83
 -11.410  0.1836E-84  0.1579E-83
 -11.400  0.1836E-84  0.1581E-83
 -11.390  0.1836E-84  0.1583E-83
 -11.380  0.1836E-84  0.1585E-83
 -11.370  0.1836E-84  0.1587E-83
 -11.360  0.1836E-84  0.1588E-83
 -11.350  0.1836E-84  0.1590E-83
 -11.340  0.1836E-84  0.1592E-83
 -11.330  0.1836E-84  0.1594E-83
 -11.320  0.1836E-84  0.1596E-83
 -11.310  0.1836E-84  0.1598E-83
 -11.300  0.1836E-84  0.1599E-83
 -11.290  0.1836E-84  0.1601E-83
 -11.280  0.1836E-84  0.1603E-83
 -11.270  0.1836E-84  0.1605E-83
 -11.260  0.1836E-84  0.1607E-83
 -11.250  0.1836E-84  0.1609E-83
 -11.240  0.1836E-84  0.1610E-83
 -11.230  0.1836E-84  0.1612E-83
 -11.220  0.1836E-84  0.1614E-83
 -11.210  0.1836E-84  0.1616E-83
 -11.200  0.1836E-84  0.1618E-83
 -11.190  0.1836E-84  0.1620E-83
 -11.180  0.1836E-84  0.1622E-83
 -11.170  0.1836E-84  0.1623E-83
 -11.160  0.1836E-84  0.1625E-83
 -11.150  0.1836E-84  0.1627E-83
 -11.140  0.1836E-84  0.1629E-83
 -11.130  0.1836E-84  0.1631E-83
 -11.120  0.1836E-84  0.1633E-83
 -11.110  0.1836E-84  0.1634E-83
 -11.100  0.1836E-84  0.1636E-83
 -11.090  0.1836E-84  0.1638E-83
 -11.080  0.1836E-84  0.1640E-83
 -11.070  0.1836E-84  0.1642E-83
 -11.060  0.1836E-84  0.1644E-83
 -11.050  0.1836E-84  0.1645E-83
 -11.040  0.1836E-84  0.1647E-83
 -11.030  0.1836E-84  0.1649E-83
 -11.020  0.1836E-84  0.1651E-83
 -11.010  0.1836E-84  0.1653E-83
 -11.000  0.1836E-84  0.1655E-83
 -10.990  0.1836E-84  0.1656E-83
 -10.980  0.1836E-84  0.1658E-83
 -10.970  0.1836E-84  0.1660E-83
 -10.960  0.1836E-84  0.1662E-83
 -10.950  0.1836E-84  0.1664E-83
 -10.940  0.1836E-84  0.1666E-83
 -10.930  0.1836E-84  0.1667E-83
 -10.920  0.1836E-84  0.1669E-83
 -10.910  0.1836E-84  0.1671E-83
 -10.900  0.1836E-84  0.1673E-83
 -10.890  0.1836E-84  0.1675E-83
 -10.880  0.1836E-84  0.1677E-83
 -10.870  0.1836E-84  0.1678E-83
 -10.860  0.1836E-84  0.1680E-83
 -10.850  0.1836E-84  0.1682E-83
 -10.840  0.1836E-84  0.1684E-83
 -10.830  0.1836E-84  0.1686E-83
 -10.820  0.1836E-84  0.1688E-83
 -10.810  0.1836E-84  0.1689E-83
 -10.800  0.1836E-84  0.1691E-83
 -10.790  0.1836E-84  0.1693E-83
 -10.780  0.1836E-84  0.1695E-83
 -10.770  0.1836E-84  0.1697E-83
 -10.760  0.1836E-84  0.1699E-83
 -10.750  0.1836E-84  0.1700E-83
 -10.740  0.1836E-84  0.1702E-83
 -10.730  0.1836E-84  0.1704E-83
 -10.720  0.1836E-84  0.1706E-83
 -10.710  0.1836E-84  0.1708E-83
 -10.700  0.1836E-84  0.1710E-83
 -10.690  0.1836E-84  0.1711E-83
 -10.680  0.1836E-84  0.1713E-83
 -10.670  0.1836E-84  0.1715E-83
 -10.660  0.1836E-84  0.1717E-83
 -10.650  0.1836E-84  0.1719E-83
 -10.640  0.1836E-84  0.1721E-83
 -10.630  0.1836E-84  0.1723E-83
 -10.620  0.1836E-84  0.1724E-83
 -10.610  0.1836E-84  0.1726E-83
 -10.600  0.1836E-84  0.1728E-83
 -10.590  0.1836E-84  0.1730E-83
 -10.580  0.1836E-84  0.1732E-83
 -10.570  0.1836E-84  0.1734E-83
 -10.560  0.1836E-84  0.1735E-83
 -10.550  0.1836E-84  0.1737E-83
 -10.540  0.1836E-84  0.1739E-83
 -10.530  0.1836E-84  0.1741E-83
 -10.520  0.1836E-84  0.1743E-83
 -10.510  0.1836E-84  0.1745E-83
 -10.500  0.1836E-84  0.1746E-83
 -10.490  0.1836E-84  0.1748E-83
 -10.480  0.1836E-84  0.1750E-83
 -10.470  0.1836E-84  0.1752E-83
 -10.460  0.1836E-84  0.1754E-83
 -10.450  0.1836E-84  0.1756E-83
 -10.440  0.1836E-84  0.1757E-83
 -10.430  0.1836E-84  0.1759E-83
 -10.420  0.1836E-84  0.1761E-83
 -10.410  0.1836E-84  0.1763E-83
 -10.400  0.1836E-84  0.1765E-83
 -10.390  0.1836E-84  0.1767E-83
 -10.380  0.1836E-84  0.1768E-83
 -10.370  0.1836E-84  0.1770E-83
 -10.360  0.1836E-84  0.1772E-83
 -10.350  0.1836E-84  0.1774E-83
 -10.340  0.1836E-84  0.1776E-83
 -10.330  0.1836E-84  0.1778E-83
 -10.320  0.1836E-84  0.1779E-83
 -10.310  0.1836E-84  0.1781E-83
 -10.300  0.1836E-84  0.1783E-83
 -10.290  0.1836E-84  0.1785E-83
 -10.280  0.1836E-84  0.1787E-83
 -10.270  0.1836E-84  0.1789E-83
 -10.260  0.1836E-84  0.1790E-83
 -10.250  0.1836E-84  0.1792E-83
 -10.240  0.1836E-84  0.1794E-83
 -10.230  0.1836E-84  0.1796E-83
 -10.220  0.1836E-84  0.1798E-83
 -10.210  0.1836E-84  0.1800E-83
 -10.200  0.1836E-84  0.1801E-83
 -10.190  0.1836E-84  0.1803E-83
 -10.180  0.1836E-84  0.1805E-83
 -10.170  0.1836E-84  0.1807E-83
 -10.160  0.1836E-84  0.1809E-83
 -10.150  0.1836E-84  0.1811E-83
 -10.140  0.1836E-84  0.1812E-83
 -10.130  0.1836E-84  0.1814E-83
 -10.120  0.1836E-84  0.1816E-83
 -10.110  0.1836E-84  0.1818E-83
 -10.100  0.1836E-84  0.1820E-83
 -10.090  0.1836E-84  0.1822E-83
 -10.080  0.1836E-84  0.1824E-83
 -10.070  0.1836E-84  0.1825E-83
 -10.060  0.1836E-84  0.1827E-83
 -10.050  0.1836E-84  0.1829E-83
 -10.040  0.1836E-84  0.1831E-83
 -10.030  0.1836E-84  0.1833E-83
 -10.020  0.1836E-84  0.1835E-83
 -10.010  0.1836E-84  0.1836E-83
 -10.000  0.1836E-84  0.1838E-83
  -9.990  0.1836E-84  0.1840E-83
  -9.980  0.1836E-84  0.1842E-83
  -9.970  0.1836E-84  0.1844E-83
  -9.960  0.1836E-84  0.1846E-83
  -9.950  0.1836E-84  0.1847E-83
  -9.940  0.1836E-84  0.1849E-83
  -9.930  0.1836E-84  0.1851E-83
  -9.920  0.1836E-84  0.1853E-83
  -9.910  0.1836E-84  0.1855E-83
  -9.900  0.1836E-84  0.1857E-83
  -9.890  0.1836E-84  0.1858E-83
  -9.880  0.1836E-84  0.1860E-83
  -9.870  0.1836E-84  0.1862E-83
  -9.860  0.1836E-84  0.1864E-83
  -9.850  0.1836E-84  0.1866E-83
  -9.840  0.1836E-84  0.1868E-83
  -9.830  0.1836E-84  0.1869E-83
  -9.820  0.1836E-84  0.1871E-83
  -9.810  0.1836E-84  0.1873E-83
  -9.800  0.1836E-84  0.1875E-83
  -9.790  0.1836E-84  0.1877E-83
  -9.780  0.1836E-84  0.1879E-83
  -9.770  0.1836E-84  0.1880E-83
  -9.760  0.1836E-84  0.1882E-83
  -9.750  0.1836E-84  0.1884E-83
  -9.740  0.1836E-84  0.1886E-83
  -9.730  0.1836E-84  0.1888E-83
  -9.720  0.1836E-84  0.1890E-83
  -9.710  0.1836E-84  0.1891E-83
  -9.700  0.1836E-84  0.1893E-83
  -9.690  0.1836E-84  0.1895E-83
  -9.680  0.1836E-84  0.1897E-83
  -9.670  0.1836E-84  0.1899E-83
  -9.660  0.1836E-84  0.1901E-83
  -9.650  0.1836E-84  0.1902E-83
  -9.640  0.1836E-84  0.1904E-83
  -9.630  0.1836E-84  0.1906E-83
  -9.620  0.1836E-84  0.1908E-83
  -9.610  0.1836E-84  0.1910E-83
  -9.600  0.1836E-84  0.1912E-83
  -9.590  0.1836E-84  0.1913E-83
  -9.580  0.1836E-84  0.1915E-83
  -9.570  0.1836E-84  0.1917E-83
  -9.560  0.1836E-84  0.1919E-83
  -9.550  0.1836E-84  0.1921E-83
  -9.540  0.1836E-84  0.1923E-83
  -9.530  0.1836E-84  0.1925E-83
  -9.520  0.1836E-84  0.1926E-83
  -9.510  0.1836E-84  0.1928E-83
  -9.500  0.1836E-84  0.1930E-83
  -9.490  0.1836E-84  0.1932E-83
  -9.480  0.1836E-84  0.1934E-83
  -9.470  0.1836E-84  0.1936E-83
  -9.460  0.1836E-84  0.1937E-83
  -9.450  0.1836E-84  0.1939E-83
  -9.440  0.1836E-84  0.1941E-83
  -9.430  0.1836E-84  0.1943E-83
  -9.420  0.1836E-84  0.1945E-83
  -9.410  0.1836E-84  0.1947E-83
  -9.400  0.1836E-84  0.1948E-83
  -9.390  0.1836E-84  0.1950E-83
  -9.380  0.1836E-84  0.1952E-83
  -9.370  0.1836E-84  0.1954E-83
  -9.360  0.1836E-84  0.1956E-83
  -9.350  0.1836E-84  0.1958E-83
  -9.340  0.1836E-84  0.1959E-83
  -9.330  0.1836E-84  0.1961E-83
  -9.320  0.1836E-84  0.1963E-83
  -9.310  0.1836E-84  0.1965E-83
  -9.300  0.1836E-84  0.1967E-83
  -9.290  0.1836E-84  0.1969E-83
  -9.280  0.1836E-84  0.1970E-83
  -9.270  0.1836E-84  0.1972E-83
  -9.260  0.1836E-84  0.1974E-83
  -9.250  0.1836E-84  0.1976E-83
  -9.240  0.1836E-84  0.1978E-83
  -9.230  0.1836E-84  0.1980E-83
  -9.220  0.1836E-84  0.1981E-83
  -9.210  0.1836E-84  0.1983E-83
  -9.200  0.1836E-84  0.1985E-83
  -9.190  0.1836E-84  0.1987E-83
  -9.180  0.1836E-84  0.1989E-83
  -9.170  0.1836E-84  0.1991E-83
  -9.160  0.1836E-84  0.1992E-83
  -9.150  0.1836E-84  0.1994E-83
  -9.140  0.1836E-84  0.1996E-83
  -9.130  0.1836E-84  0.1998E-83
  -9.120  0.1836E-84  0.2000E-83
  -9.110  0.1836E-84  0.2002E-83
  -9.100  0.1836E-84  0.2003E-83
  -9.090  0.1836E-84  0.2005E-83
  -9.080  0.1836E-84  0.2007E-83
  -9.070  0.1836E-84  0.2009E-83
  -9.060  0.1836E-84  0.2011E-83
  -9.050  0.1836E-84  0.2013E-83
  -9.040  0.1836E-84  0.2014E-83
  -9.030  0.1836E-84  0.2016E-83
  -9.020  0.1836E-84  0.2018E-83
  -9.010  0.1836E-84  0.2020E-83
  -9.000  0.1836E-84  0.2022E-83
  -8.990  0.1836E-84  0.2024E-83
  -8.980  0.1836E-84  0.2026E-83
  -8.970  0.1836E-84  0.2027E-83
  -8.960  0.1836E-84  0.2029E-83
  -8.950  0.1836E-84  0.2031E-83
  -8.940  0.1836E-84  0.2033E-83
  -8.930  0.1836E-84  0.2035E-83
  -8.920  0.1836E-84  0.2037E-83
  -8.910  0.1836E-84  0.2038E-83
  -8.900  0.1836E-84  0.2040E-83
  -8.890  0.1836E-84  0.2042E-83
  -8.880  0.1836E-84  0.2044E-83
  -8.870  0.1836E-84  0.2046E-83
  -8.860  0.1836E-84  0.2048E-83
  -8.850  0.1836E-84  0.2049E-83
  -8.840  0.1836E-84  0.2051E-83
  -8.830  0.1836E-84  0.2053E-83
  -8.820  0.1836E-84  0.2055E-83
  -8.810  0.1836E-84  0.2057E-83
  -8.800  0.1836E-84  0.2059E-83
  -8.790  0.1836E-84  0.2060E-83
  -8.780  0.1836E-84  0.2062E-83
  -8.770  0.1836E-84  0.2064E-83
  -8.760  0.1836E-84  0.2066E-83
  -8.750  0.1836E-84  0.2068E-83
  -8.740  0.1836E-84  0.2070E-83
  -8.730  0.1836E-84  0.2071E-83
  -8.720  0.1836E-84  0.2073E-83
  -8.710  0.1836E-84  0.2075E-83
  -8.700  0.1836E-84  0.2077E-83
  -8.690  0.1836E-84  0.2079E-83
  -8.680  0.1836E-84  0.2081E-83
  -8.670  0.1836E-84  0.2082E-83
  -8.660  0.1836E-84  0.2084E-83
  -8.650  0.1836E-84  0.2086E-83
  -8.640  0.1836E-84  0.2088E-83
  -8.630  0.1836E-84  0.2090E-83
  -8.620  0.1836E-84  0.2092E-83
  -8.610  0.1836E-84  0.2093E-83
  -8.600  0.1836E-84  0.2095E-83
  -8.590  0.1836E-84  0.2097E-83
  -8.580  0.1836E-84  0.2099E-83
  -8.570  0.1836E-84  0.2101E-83
  -8.560  0.1836E-84  0.2103E-83
  -8.550  0.1836E-84  0.2104E-83
  -8.540  0.1836E-84  0.2106E-83
  -8.530  0.1836E-84  0.2108E-83
  -8.520  0.1836E-84  0.2110E-83
  -8.510  0.1836E-84  0.2112E-83
  -8.500  0.1836E-84  0.2114E-83
  -8.490  0.1836E-84  0.2115E-83
  -8.480  0.1836E-84  0.2117E-83
  -8.470  0.1836E-84  0.2119E-83
  -8.460  0.1836E-84  0.2121E-83
  -8.450  0.1836E-84  0.2123E-83
  -8.440  0.1836E-84  0.2125E-83
  -8.430  0.1836E-84  0.2127E-83
  -8.420  0.1836E-84  0.2128E-83
  -8.410  0.1836E-84  0.2130E-83
  -8.400  0.1836E-84  0.2132E-83
  -8.390  0.1836E-84  0.2134E-83
  -8.380  0.1836E-84  0.2136E-83
  -8.370  0.1836E-84  0.2138E-83
  -8.360  0.1836E-84  0.2139E-83
  -8.350  0.1836E-84  0.2141E-83
  -8.340  0.1836E-84  0.2143E-83
  -8.330  0.1836E-84  0.2145E-83
  -8.320  0.1836E-84  0.2147E-83
  -8.310  0.1836E-84  0.2149E-83
  -8.300  0.1836E-84  0.2150E-83
  -8.290  0.1836E-84  0.2152E-83
  -8.280  0.1836E-84  0.2154E-83
  -8.270  0.1836E-84  0.2156E-83
  -8.260  0.1836E-84  0.2158E-83
  -8.250  0.1836E-84  0.2160E-83
  -8.240  0.1836E-84  0.2161E-83
  -8.230  0.1836E-84  0.2163E-83
  -8.220  0.1836E-84  0.2165E-83
  -8.210  0.1836E-84  0.2167E-83
  -8.200  0.1836E-84  0.2169E-83
  -8.190  0.1836E-84  0.2171E-83
  -8.180  0.1836E-84  0.2172E-83
  -8.170  0.1836E-84  0.2174E-83
  -8.160  0.1836E-84  0.2176E-83
  -8.150  0.1836E-84  0.2178E-83
  -8.140  0.1836E-84  0.2180E-83
  -8.130  0.1836E-84  0.2182E-83
  -8.120  0.1836E-84  0.2183E-83
  -8.110  0.1836E-84  0.2185E-83
  -8.100  0.1836E-84  0.2187E-83
  -8.090  0.1836E-84  0.2189E-83
  -8.080  0.1836E-84  0.2191E-83
  -8.070  0.1836E-84  0.2193E-83
  -8.060  0.1836E-84  0.2194E-83
  -8.050  0.1836E-84  0.2196E-83
  -8.040  0.1836E-84  0.2198E-83
  -8.030  0.1836E-84  0.2200E-83
  -8.020  0.1836E-84  0.2202E-83
  -8.010  0.1836E-84  0.2204E-83
  -8.000  0.1836E-84  0.2205E-83
  -7.990  0.1836E-84  0.2207E-83
  -7.980  0.1836E-84  0.2209E-83
  -7.970  0.1836E-84  0.2211E-83
  -7.960  0.1836E-84  0.2213E-83
  -7.950  0.1836E-84  0.2215E-83
  -7.940  0.1836E-84  0.2216E-83
  -7.930  0.1836E-84  0.2218E-83
  -7.920  0.1836E-84  0.2220E-83
  -7.910  0.1836E-84  0.2222E-83
  -7.900  0.1836E-84  0.2224E-83
  -7.890  0.1836E-84  0.2226E-83
  -7.880  0.1836E-84  0.2228E-83
  -7.870  0.1836E-84  0.2229E-83
  -7.860  0.1836E-84  0.2231E-83
  -7.850  0.1836E-84  0.2233E-83
  -7.840  0.1836E-84  0.2235E-83
  -7.830  0.1836E-84  0.2237E-83
  -7.820  0.1836E-84  0.2239E-83
  -7.810  0.1836E-84  0.2240E-83
  -7.800  0.1836E-84  0.2242E-83
  -7.790  0.1836E-84  0.2244E-83
  -7.780  0.1836E-84  0.2246E-83
  -7.770  0.1836E-84  0.2248E-83
  -7.760  0.1836E-84  0.2250E-83
  -7.750  0.1836E-84  0.2251E-83
  -7.740  0.1836E-84  0.2253E-83
  -7.730  0.1836E-84  0.2255E-83
  -7.720  0.1836E-84  0.2257E-83
  -7.710  0.1836E-84  0.2259E-83
  -7.700  0.1836E-84  0.2261E-83
  -7.690  0.1836E-84  0.2262E-83
  -7.680  0.1836E-84  0.2264E-83
  -7.670  0.1836E-84  0.2266E-83
  -7.660  0.1836E-84  0.2268E-83
  -7.650  0.1836E-84  0.2270E-83
  -7.640  0.1836E-84  0.2272E-83
  -7.630  0.1836E-84  0.2273E-83
  -7.620  0.1836E-84  0.2275E-83
  -7.610  0.1836E-84  0.2277E-83
  -7.600  0.1836E-84  0.2279E-83
  -7.590  0.1836E-84  0.2281E-83
  -7.580  0.1836E-84  0.2283E-83
  -7.570  0.1836E-84  0.2284E-83
  -7.560  0.1836E-84  0.2286E-83
  -7.550  0.1836E-84  0.2288E-83
  -7.540  0.1836E-84  0.2290E-83
  -7.530  0.1836E-84  0.2292E-83
  -7.520  0.1836E-84  0.2294E-83
  -7.510  0.1836E-84  0.2295E-83
  -7.500  0.1836E-84  0.2297E-83
  -7.490  0.1836E-84  0.2299E-83
  -7.480  0.1836E-84  0.2301E-83
  -7.470  0.1836E-84  0.2303E-83
  -7.460  0.1836E-84  0.2305E-83
  -7.450  0.1836E-84  0.2306E-83
  -7.440  0.1836E-84  0.2308E-83
  -7.430  0.1836E-84  0.2310E-83
  -7.420  0.1836E-84  0.2312E-83
  -7.410  0.1836E-84  0.2314E-83
  -7.400  0.1836E-84  0.2316E-83
  -7.390  0.1836E-84  0.2317E-83
  -7.380  0.1836E-84  0.2319E-83
  -7.370  0.1836E-84  0.2321E-83
  -7.360  0.1836E-84  0.2323E-83
  -7.350  0.1836E-84  0.2325E-83
  -7.340  0.1836E-84  0.2327E-83
  -7.330  0.1836E-84  0.2329E-83
  -7.320  0.1836E-84  0.2330E-83
  -7.310  0.1836E-84  0.2332E-83
  -7.300  0.1836E-84  0.2334E-83
  -7.290  0.1836E-84  0.2336E-83
  -7.280  0.1836E-84  0.2338E-83
  -7.270  0.1836E-84  0.2340E-83
  -7.260  0.1836E-84  0.2341E-83
  -7.250  0.1836E-84  0.2343E-83
  -7.240  0.1836E-84  0.2345E-83
  -7.230  0.1836E-84  0.2347E-83
  -7.220  0.1836E-84  0.2349E-83
  -7.210  0.1836E-84  0.2351E-83
  -7.200  0.1836E-84  0.2352E-83
  -7.190  0.1836E-84  0.2354E-83
  -7.180  0.1836E-84  0.2356E-83
  -7.170  0.1836E-84  0.2358E-83
  -7.160  0.1836E-84  0.2360E-83
  -7.150  0.1836E-84  0.2362E-83
  -7.140  0.1836E-84  0.2363E-83
  -7.130  0.1836E-84  0.2365E-83
  -7.120  0.1836E-84  0.2367E-83
  -7.110  0.1836E-84  0.2369E-83
  -7.100  0.1836E-84  0.2371E-83
  -7.090  0.1836E-84  0.2373E-83
  -7.080  0.1836E-84  0.2374E-83
  -7.070  0.1836E-84  0.2376E-83
  -7.060  0.1836E-84  0.2378E-83
  -7.050  0.1836E-84  0.2380E-83
  -7.040  0.1836E-84  0.2382E-83
  -7.030  0.1836E-84  0.2384E-83
  -7.020  0.1836E-84  0.2385E-83
  -7.010  0.1836E-84  0.2387E-83
  -7.000  0.1836E-84  0.2389E-83
  -6.990  0.1836E-84  0.2391E-83
  -6.980  0.1836E-84  0.2393E-83
  -6.970  0.1836E-84  0.2395E-83
  -6.960  0.1836E-84  0.2396E-83
  -6.950  0.1836E-84  0.2398E-83
  -6.940  0.1836E-84  0.2400E-83
  -6.930  0.1836E-84  0.2402E-83
  -6.920  0.1836E-84  0.2404E-83
  -6.910  0.1836E-84  0.2406E-83
  -6.900  0.1836E-84  0.2407E-83
  -6.890  0.1836E-84  0.2409E-83
  -6.880  0.1836E-84  0.2411E-83
  -6.870  0.1836E-84  0.2413E-83
  -6.860  0.1836E-84  0.2415E-83
  -6.850  0.1836E-84  0.2417E-83
  -6.840  0.1836E-84  0.2418E-83
  -6.830  0.1836E-84  0.2420E-83
  -6.820  0.1836E-84  0.2422E-83
  -6.810  0.1836E-84  0.2424E-83
  -6.800  0.1836E-84  0.2426E-83
  -6.790  0.1836E-84  0.2428E-83
  -6.780  0.1839E-84  0.2430E-83
  -6.770  0.2025E-84  0.2432E-83
  -6.760  0.1246E-83  0.2444E-83
  -6.750  0.5757E-82  0.3020E-83
  -6.740  0.2970E-80  0.3272E-82
  -6.730  0.1472E-78  0.1505E-80
  -6.720  0.6989E-77  0.7140E-79
  -6.710  0.3179E-75  0.3250E-77
  -6.700  0.1385E-73  0.1417E-75
  -6.690  0.5777E-72  0.5918E-74
  -6.680  0.2309E-70  0.2368E-72
  -6.670  0.8838E-69  0.9074E-71
  -6.660  0.3241E-67  0.3331E-69
  -6.650  0.1138E-65  0.1172E-67
  -6.640  0.3830E-64  0.3947E-66
  -6.630  0.1234E-62  0.1274E-64
  -6.620  0.3811E-61  0.3938E-63
  -6.610  0.1127E-59  0.1166E-61
  -6.600  0.3193E-58  0.3310E-60
  -6.590  0.8667E-57  0.8998E-59
  -6.580  0.2253E-55  0.2343E-57
  -6.570  0.5613E-54  0.5847E-56
  -6.560  0.1339E-52  0.1398E-54
  -6.550  0.3062E-51  0.3202E-53
  -6.540  0.6707E-50  0.7027E-52
  -6.530  0.1407E-48  0.1478E-50
  -6.520  0.2830E-47  0.2977E-49
  -6.510  0.5451E-46  0.5749E-48
  -6.500  0.1006E-44  0.1064E-46
  -6.490  0.1779E-43  0.1885E-45
  -6.480  0.3015E-42  0.3203E-44
  -6.470  0.4895E-41  0.5215E-43
  -6.460  0.7616E-40  0.8138E-42
  -6.450  0.1136E-38  0.1217E-40
  -6.440  0.1622E-37  0.1744E-39
  -6.430  0.2221E-36  0.2396E-38
  -6.420  0.2915E-35  0.3154E-37
  -6.410  0.3666E-34  0.3981E-36
  -6.400  0.4418E-33  0.4816E-35
  -6.390  0.5103E-32  0.5585E-34
  -6.380  0.5650E-31  0.6209E-33
  -6.370  0.5996E-30  0.6617E-32
  -6.360  0.6100E-29  0.6761E-31
  -6.350  0.5947E-28  0.6624E-30
  -6.340  0.5559E-27  0.6221E-29
  -6.330  0.4981E-26  0.5603E-28
  -6.320  0.4278E-25  0.4839E-27
  -6.310  0.3523E-24  0.4007E-26
  -6.300  0.2781E-23  0.3182E-25
  -6.290  0.2105E-22  0.2423E-24
  -6.280  0.1528E-21  0.1770E-23
  -6.270  0.1063E-20  0.1240E-22
  -6.260  0.7092E-20  0.8332E-22
  -6.250  0.4537E-19  0.5370E-21
  -6.240  0.2783E-18  0.3320E-20
  -6.230  0.1637E-17  0.1969E-19
  -6.220  0.9234E-17  0.1120E-18
  -6.210  0.4995E-16  0.6115E-18
  -6.200  0.2591E-15  0.3203E-17
  -6.190  0.1289E-14  0.1609E-16
  -6.180  0.6151E-14  0.7760E-16
  -6.170  0.2815E-13  0.3591E-15
  -6.160  0.1235E-12  0.1594E-14
  -6.150  0.5201E-12  0.6795E-14
  -6.140  0.2100E-11  0.2780E-13
  -6.130  0.8135E-11  0.1091E-12
  -6.120  0.3023E-10  0.4114E-12
  -6.110  0.1078E-09  0.1489E-11
  -6.100  0.3685E-09  0.5174E-11
  -6.090  0.1209E-08  0.1727E-10
  -6.080  0.3808E-08  0.5534E-10
  -6.070  0.1151E-07  0.1704E-09
  -6.060  0.3337E-07  0.5041E-09
  -6.050  0.9289E-07  0.1433E-08
  -6.040  0.2482E-06  0.3915E-08
  -6.030  0.6369E-06  0.1028E-07
  -6.020  0.1570E-05  0.2598E-07
  -6.010  0.3715E-05  0.6313E-07
  -6.000  0.8447E-05  0.1476E-06
  -5.990  0.1846E-04  0.3322E-06
  -5.980  0.3878E-04  0.7200E-06
  -5.970  0.7834E-04  0.1503E-05
  -5.960  0.1522E-03  0.3026E-05
  -5.950  0.2847E-03  0.5873E-05
  -5.940  0.5126E-03  0.1100E-04
  -5.930  0.8892E-03  0.1989E-04
  -5.920  0.1487E-02  0.3476E-04
  -5.910  0.2398E-02  0.5873E-04
  -5.900  0.3732E-02  0.9606E-04
  -5.890  0.5612E-02  0.1522E-03
  -5.880  0.8161E-02  0.2338E-03
  -5.870  0.1149E-01  0.3486E-03
  -5.860  0.1567E-01  0.5053E-03
  -5.850  0.2074E-01  0.7127E-03
  -5.840  0.2668E-01  0.9795E-03
  -5.830  0.3341E-01  0.1314E-02
  -5.820  0.4079E-01  0.1721E-02
  -5.810  0.4865E-01  0.2208E-02
  -5.800  0.5680E-01  0.2776E-02
  -5.790  0.6504E-01  0.3426E-02
  -5.780  0.7320E-01  0.4158E-02
  -5.770  0.8113E-01  0.4970E-02
  -5.760  0.8873E-01  0.5857E-02
  -5.750  0.9594E-01  0.6816E-02
  -5.740  0.1028E+00  0.7844E-02
  -5.730  0.1092E+00  0.8936E-02
  -5.720  0.1153E+00  0.1009E-01
  -5.710  0.1211E+00  0.1130E-01
  -5.700  0.1266E+00  0.1257E-01
  -5.690  0.1318E+00  0.1388E-01
  -5.680  0.1367E+00  0.1525E-01
  -5.670  0.1414E+00  0.1666E-01
  -5.660  0.1459E+00  0.1812E-01
  -5.650  0.1502E+00  0.1963E-01
  -5.640  0.1544E+00  0.2117E-01
  -5.630  0.1586E+00  0.2276E-01
  -5.620  0.1629E+00  0.2438E-01
  -5.610  0.1672E+00  0.2606E-01
  -5.600  0.1714E+00  0.2777E-01
  -5.590  0.1755E+00  0.2953E-01
  -5.580  0.1793E+00  0.3132E-01
  -5.570  0.1828E+00  0.3315E-01
  -5.560  0.1859E+00  0.3501E-01
  -5.550  0.1888E+00  0.3689E-01
  -5.540  0.1917E+00  0.3881E-01
  -5.530  0.1948E+00  0.4076E-01
  -5.520  0.1983E+00  0.4274E-01
  -5.510  0.2021E+00  0.4476E-01
  -5.500  0.2063E+00  0.4683E-01
  -5.490  0.2106E+00  0.4893E-01
  -5.480  0.2148E+00  0.5108E-01
  -5.470  0.2184E+00  0.5326E-01
  -5.460  0.2214E+00  0.5548E-01
  -5.450  0.2236E+00  0.5771E-01
  -5.440  0.2253E+00  0.5997E-01
  -5.430  0.2267E+00  0.6223E-01
  -5.420  0.2282E+00  0.6452E-01
  -5.410  0.2302E+00  0.6682E-01
  -5.400  0.2331E+00  0.6915E-01
  -5.390  0.2369E+00  0.7152E-01
  -5.380  0.2415E+00  0.7393E-01
  -5.370  0.2467E+00  0.7640E-01
  -5.360  0.2517E+00  0.7892E-01
  -5.350  0.2562E+00  0.8148E-01
  -5.340  0.2598E+00  0.8408E-01
  -5.330  0.2621E+00  0.8670E-01
  -5.320  0.2632E+00  0.8933E-01
  -5.310  0.2634E+00  0.9196E-01
  -5.300  0.2631E+00  0.9460E-01
  -5.290  0.2630E+00  0.9723E-01
  -5.280  0.2636E+00  0.9986E-01
  -5.270  0.2653E+00  0.1025E+00
  -5.260  0.2684E+00  0.1052E+00
  -5.250  0.2729E+00  0.1079E+00
  -5.240  0.2785E+00  0.1107E+00
  -5.230  0.2846E+00  0.1136E+00
  -5.220  0.2907E+00  0.1165E+00
  -5.210  0.2959E+00  0.1194E+00
  -5.200  0.2999E+00  0.1224E+00
  -5.190  0.3024E+00  0.1254E+00
  -5.180  0.3034E+00  0.1285E+00
  -5.170  0.3031E+00  0.1315E+00
  -5.160  0.3021E+00  0.1345E+00
  -5.150  0.3008E+00  0.1375E+00
  -5.140  0.2998E+00  0.1405E+00
  -5.130  0.2995E+00  0.1435E+00
  -5.120  0.3004E+00  0.1465E+00
  -5.110  0.3025E+00  0.1496E+00
  -5.100  0.3061E+00  0.1526E+00
  -5.090  0.3110E+00  0.1557E+00
  -5.080  0.3170E+00  0.1589E+00
  -5.070  0.3237E+00  0.1621E+00
  -5.060  0.3307E+00  0.1654E+00
  -5.050  0.3372E+00  0.1688E+00
  -5.040  0.3428E+00  0.1722E+00
  -5.030  0.3466E+00  0.1757E+00
  -5.020  0.3485E+00  0.1792E+00
  -5.010  0.3482E+00  0.1827E+00
  -5.000  0.3460E+00  0.1861E+00
  -4.990  0.3424E+00  0.1896E+00
  -4.980  0.3384E+00  0.1929E+00
  -4.970  0.3349E+00  0.1963E+00
  -4.960  0.3328E+00  0.1996E+00
  -4.950  0.3328E+00  0.2030E+00
  -4.940  0.3354E+00  0.2063E+00
  -4.930  0.3405E+00  0.2097E+00
  -4.920  0.3476E+00  0.2132E+00
  -4.910  0.3559E+00  0.2167E+00
  -4.900  0.3646E+00  0.2204E+00
  -4.890  0.3729E+00  0.2241E+00
  -4.880  0.3801E+00  0.2279E+00
  -4.870  0.3856E+00  0.2318E+00
  -4.860  0.3893E+00  0.2357E+00
  -4.850  0.3912E+00  0.2396E+00
  -4.840  0.3911E+00  0.2435E+00
  -4.830  0.3895E+00  0.2474E+00
  -4.820  0.3865E+00  0.2513E+00
  -4.810  0.3827E+00  0.2551E+00
  -4.800  0.3785E+00  0.2589E+00
  -4.790  0.3748E+00  0.2626E+00
  -4.780  0.3722E+00  0.2663E+00
  -4.770  0.3713E+00  0.2701E+00
  -4.760  0.3728E+00  0.2738E+00
  -4.750  0.3768E+00  0.2775E+00
  -4.740  0.3831E+00  0.2814E+00
  -4.730  0.3912E+00  0.2853E+00
  -4.720  0.4003E+00  0.2893E+00
  -4.710  0.4095E+00  0.2934E+00
  -4.700  0.4179E+00  0.2976E+00
  -4.690  0.4249E+00  0.3018E+00
  -4.680  0.4300E+00  0.3061E+00
  -4.670  0.4333E+00  0.3104E+00
  -4.660  0.4347E+00  0.3148E+00
  -4.650  0.4348E+00  0.3191E+00
  -4.640  0.4338E+00  0.3235E+00
  -4.630  0.4322E+00  0.3278E+00
  -4.620  0.4300E+00  0.3321E+00
  -4.610  0.4276E+00  0.3364E+00
  -4.600  0.4251E+00  0.3406E+00
  -4.590  0.4225E+00  0.3449E+00
  -4.580  0.4200E+00  0.3491E+00
  -4.570  0.4180E+00  0.3532E+00
  -4.560  0.4169E+00  0.3574E+00
  -4.550  0.4173E+00  0.3616E+00
  -4.540  0.4198E+00  0.3658E+00
  -4.530  0.4248E+00  0.3700E+00
  -4.520  0.4325E+00  0.3743E+00
  -4.510  0.4428E+00  0.3788E+00
  -4.500  0.4547E+00  0.3833E+00
  -4.490  0.4672E+00  0.3880E+00
  -4.480  0.4788E+00  0.3928E+00
  -4.470  0.4883E+00  0.3977E+00
  -4.460  0.4946E+00  0.4026E+00
  -4.450  0.4971E+00  0.4076E+00
  -4.440  0.4960E+00  0.4125E+00
  -4.430  0.4917E+00  0.4175E+00
  -4.420  0.4853E+00  0.4223E+00
  -4.410  0.4779E+00  0.4271E+00
  -4.400  0.4706E+00  0.4318E+00
  -4.390  0.4644E+00  0.4364E+00
  -4.380  0.4598E+00  0.4410E+00
  -4.370  0.4572E+00  0.4456E+00
  -4.360  0.4566E+00  0.4502E+00
  -4.350  0.4582E+00  0.4548E+00
  -4.340  0.4616E+00  0.4594E+00
  -4.330  0.4670E+00  0.4640E+00
  -4.320  0.4742E+00  0.4688E+00
  -4.310  0.4831E+00  0.4736E+00
  -4.300  0.4935E+00  0.4786E+00
  -4.290  0.5051E+00  0.4836E+00
  -4.280  0.5171E+00  0.4888E+00
  -4.270  0.5288E+00  0.4941E+00
  -4.260  0.5390E+00  0.4995E+00
  -4.250  0.5467E+00  0.5049E+00
  -4.240  0.5513E+00  0.5104E+00
  -4.230  0.5523E+00  0.5160E+00
  -4.220  0.5499E+00  0.5215E+00
  -4.210  0.5446E+00  0.5269E+00
  -4.200  0.5376E+00  0.5323E+00
  -4.190  0.5298E+00  0.5376E+00
  -4.180  0.5224E+00  0.5428E+00
  -4.170  0.5164E+00  0.5480E+00
  -4.160  0.5124E+00  0.5531E+00
  -4.150  0.5106E+00  0.5582E+00
  -4.140  0.5112E+00  0.5633E+00
  -4.130  0.5140E+00  0.5684E+00
  -4.120  0.5189E+00  0.5736E+00
  -4.110  0.5255E+00  0.5789E+00
  -4.100  0.5335E+00  0.5842E+00
  -4.090  0.5426E+00  0.5897E+00
  -4.080  0.5523E+00  0.5952E+00
  -4.070  0.5622E+00  0.6008E+00
  -4.060  0.5719E+00  0.6065E+00
  -4.050  0.5810E+00  0.6123E+00
  -4.040  0.5892E+00  0.6182E+00
  -4.030  0.5963E+00  0.6242E+00
  -4.020  0.6021E+00  0.6302E+00
  -4.010  0.6068E+00  0.6363E+00
  -4.000  0.6101E+00  0.6424E+00
  -3.990  0.6121E+00  0.6485E+00
  -3.980  0.6127E+00  0.6546E+00
  -3.970  0.6119E+00  0.6607E+00
  -3.960  0.6098E+00  0.6668E+00
  -3.950  0.6064E+00  0.6729E+00
  -3.940  0.6020E+00  0.6789E+00
  -3.930  0.5969E+00  0.6849E+00
  -3.920  0.5918E+00  0.6908E+00
  -3.910  0.5874E+00  0.6967E+00
  -3.900  0.5844E+00  0.7025E+00
  -3.890  0.5835E+00  0.7084E+00
  -3.880  0.5855E+00  0.7142E+00
  -3.870  0.5907E+00  0.7201E+00
  -3.860  0.5992E+00  0.7261E+00
  -3.850  0.6105E+00  0.7322E+00
  -3.840  0.6241E+00  0.7385E+00
  -3.830  0.6390E+00  0.7448E+00
  -3.820  0.6544E+00  0.7514E+00
  -3.810  0.6694E+00  0.7581E+00
  -3.800  0.6832E+00  0.7649E+00
  -3.790  0.6956E+00  0.7719E+00
  -3.780  0.7060E+00  0.7789E+00
  -3.770  0.7143E+00  0.7861E+00
  -3.760  0.7205E+00  0.7933E+00
  -3.750  0.7242E+00  0.8005E+00
  -3.740  0.7257E+00  0.8078E+00
  -3.730  0.7248E+00  0.8150E+00
  -3.720  0.7218E+00  0.8222E+00
  -3.710  0.7171E+00  0.8294E+00
  -3.700  0.7113E+00  0.8365E+00
  -3.690  0.7049E+00  0.8436E+00
  -3.680  0.6988E+00  0.8506E+00
  -3.670  0.6943E+00  0.8575E+00
  -3.660  0.6923E+00  0.8644E+00
  -3.650  0.6941E+00  0.8714E+00
  -3.640  0.7007E+00  0.8784E+00
  -3.630  0.7131E+00  0.8855E+00
  -3.620  0.7313E+00  0.8928E+00
  -3.610  0.7550E+00  0.9004E+00
  -3.600  0.7833E+00  0.9082E+00
  -3.590  0.8144E+00  0.9164E+00
  -3.580  0.8464E+00  0.9248E+00
  -3.570  0.8773E+00  0.9336E+00
  -3.560  0.9050E+00  0.9426E+00
  -3.550  0.9280E+00  0.9519E+00
  -3.540  0.9451E+00  0.9614E+00
  -3.530  0.9554E+00  0.9709E+00
  -3.520  0.9587E+00  0.9805E+00
  -3.510  0.9551E+00  0.9901E+00
  -3.500  0.9451E+00  0.9995E+00
  -3.490  0.9294E+00  0.1009E+01
  -3.480  0.9092E+00  0.1018E+01
  -3.470  0.8857E+00  0.1027E+01
  -3.460  0.8609E+00  0.1035E+01
  -3.450  0.8365E+00  0.1044E+01
  -3.440  0.8148E+00  0.1052E+01
  -3.430  0.7976E+00  0.1060E+01
  -3.420  0.7870E+00  0.1068E+01
  -3.410  0.7842E+00  0.1076E+01
  -3.400  0.7900E+00  0.1083E+01
  -3.390  0.8040E+00  0.1092E+01
  -3.380  0.8248E+00  0.1100E+01
  -3.370  0.8501E+00  0.1108E+01
  -3.360  0.8766E+00  0.1117E+01
  -3.350  0.9011E+00  0.1126E+01
  -3.340  0.9201E+00  0.1135E+01
  -3.330  0.9313E+00  0.1145E+01
  -3.320  0.9333E+00  0.1154E+01
  -3.310  0.9261E+00  0.1163E+01
  -3.300  0.9108E+00  0.1172E+01
  -3.290  0.8894E+00  0.1181E+01
  -3.280  0.8646E+00  0.1190E+01
  -3.270  0.8389E+00  0.1198E+01
  -3.260  0.8146E+00  0.1206E+01
  -3.250  0.7932E+00  0.1214E+01
  -3.240  0.7756E+00  0.1222E+01
  -3.230  0.7619E+00  0.1230E+01
  -3.220  0.7520E+00  0.1237E+01
  -3.210  0.7454E+00  0.1245E+01
  -3.200  0.7417E+00  0.1252E+01
  -3.190  0.7407E+00  0.1259E+01
  -3.180  0.7426E+00  0.1267E+01
  -3.170  0.7476E+00  0.1274E+01
  -3.160  0.7560E+00  0.1282E+01
  -3.150  0.7675E+00  0.1290E+01
  -3.140  0.7816E+00  0.1297E+01
  -3.130  0.7966E+00  0.1305E+01
  -3.120  0.8106E+00  0.1313E+01
  -3.110  0.8214E+00  0.1322E+01
  -3.100  0.8270E+00  0.1330E+01
  -3.090  0.8260E+00  0.1338E+01
  -3.080  0.8181E+00  0.1346E+01
  -3.070  0.8040E+00  0.1354E+01
  -3.060  0.7854E+00  0.1362E+01
  -3.050  0.7644E+00  0.1370E+01
  -3.040  0.7432E+00  0.1377E+01
  -3.030  0.7239E+00  0.1385E+01
  -3.020  0.7079E+00  0.1392E+01
  -3.010  0.6962E+00  0.1399E+01
  -3.000  0.6887E+00  0.1406E+01
  -2.990  0.6850E+00  0.1412E+01
  -2.980  0.6842E+00  0.1419E+01
  -2.970  0.6855E+00  0.1426E+01
  -2.960  0.6880E+00  0.1433E+01
  -2.950  0.6911E+00  0.1440E+01
  -2.940  0.6945E+00  0.1447E+01
  -2.930  0.6983E+00  0.1454E+01
  -2.920  0.7024E+00  0.1461E+01
  -2.910  0.7067E+00  0.1468E+01
  -2.900  0.7110E+00  0.1475E+01
  -2.890  0.7145E+00  0.1482E+01
  -2.880  0.7164E+00  0.1489E+01
  -2.870  0.7157E+00  0.1496E+01
  -2.860  0.7119E+00  0.1504E+01
  -2.850  0.7046E+00  0.1511E+01
  -2.840  0.6944E+00  0.1518E+01
  -2.830  0.6824E+00  0.1524E+01
  -2.820  0.6697E+00  0.1531E+01
  -2.810  0.6578E+00  0.1538E+01
  -2.800  0.6476E+00  0.1544E+01
  -2.790  0.6398E+00  0.1551E+01
  -2.780  0.6341E+00  0.1557E+01
  -2.770  0.6301E+00  0.1563E+01
  -2.760  0.6269E+00  0.1569E+01
  -2.750  0.6235E+00  0.1576E+01
  -2.740  0.6197E+00  0.1582E+01
  -2.730  0.6151E+00  0.1588E+01
  -2.720  0.6105E+00  0.1594E+01
  -2.710  0.6065E+00  0.1600E+01
  -2.700  0.6044E+00  0.1606E+01
  -2.690  0.6049E+00  0.1612E+01
  -2.680  0.6083E+00  0.1618E+01
  -2.670  0.6144E+00  0.1625E+01
  -2.660  0.6221E+00  0.1631E+01
  -2.650  0.6297E+00  0.1637E+01
  -2.640  0.6355E+00  0.1643E+01
  -2.630  0.6377E+00  0.1650E+01
  -2.620  0.6352E+00  0.1656E+01
  -2.610  0.6275E+00  0.1662E+01
  -2.600  0.6150E+00  0.1669E+01
  -2.590  0.5986E+00  0.1675E+01
  -2.580  0.5800E+00  0.1680E+01
  -2.570  0.5607E+00  0.1686E+01
  -2.560  0.5424E+00  0.1691E+01
  -2.550  0.5265E+00  0.1697E+01
  -2.540  0.5143E+00  0.1702E+01
  -2.530  0.5066E+00  0.1707E+01
  -2.520  0.5036E+00  0.1712E+01
  -2.510  0.5052E+00  0.1717E+01
  -2.500  0.5109E+00  0.1722E+01
  -2.490  0.5199E+00  0.1727E+01
  -2.480  0.5311E+00  0.1733E+01
  -2.470  0.5432E+00  0.1738E+01
  -2.460  0.5550E+00  0.1744E+01
  -2.450  0.5653E+00  0.1749E+01
  -2.440  0.5727E+00  0.1755E+01
  -2.430  0.5761E+00  0.1761E+01
  -2.420  0.5746E+00  0.1766E+01
  -2.410  0.5674E+00  0.1772E+01
  -2.400  0.5544E+00  0.1778E+01
  -2.390  0.5363E+00  0.1783E+01
  -2.380  0.5141E+00  0.1788E+01
  -2.370  0.4897E+00  0.1793E+01
  -2.360  0.4653E+00  0.1798E+01
  -2.350  0.4431E+00  0.1802E+01
  -2.340  0.4250E+00  0.1806E+01
  -2.330  0.4125E+00  0.1810E+01
  -2.320  0.4062E+00  0.1815E+01
  -2.310  0.4062E+00  0.1819E+01
  -2.300  0.4117E+00  0.1823E+01
  -2.290  0.4216E+00  0.1827E+01
  -2.280  0.4345E+00  0.1831E+01
  -2.270  0.4489E+00  0.1836E+01
  -2.260  0.4632E+00  0.1840E+01
  -2.250  0.4759E+00  0.1845E+01
  -2.240  0.4857E+00  0.1850E+01
  -2.230  0.4915E+00  0.1855E+01
  -2.220  0.4925E+00  0.1860E+01
  -2.210  0.4880E+00  0.1865E+01
  -2.200  0.4781E+00  0.1870E+01
  -2.190  0.4631E+00  0.1874E+01
  -2.180  0.4441E+00  0.1879E+01
  -2.170  0.4223E+00  0.1883E+01
  -2.160  0.3993E+00  0.1887E+01
  -2.150  0.3770E+00  0.1891E+01
  -2.140  0.3568E+00  0.1894E+01
  -2.130  0.3400E+00  0.1898E+01
  -2.120  0.3272E+00  0.1901E+01
  -2.110  0.3189E+00  0.1904E+01
  -2.100  0.3149E+00  0.1907E+01
  -2.090  0.3148E+00  0.1910E+01
  -2.080  0.3182E+00  0.1913E+01
  -2.070  0.3244E+00  0.1917E+01
  -2.060  0.3327E+00  0.1920E+01
  -2.050  0.3424E+00  0.1923E+01
  -2.040  0.3523E+00  0.1927E+01
  -2.030  0.3613E+00  0.1931E+01
  -2.020  0.3682E+00  0.1934E+01
  -2.010  0.3717E+00  0.1938E+01
  -2.000  0.3706E+00  0.1942E+01
  -1.990  0.3644E+00  0.1945E+01
  -1.980  0.3529E+00  0.1949E+01
  -1.970  0.3367E+00  0.1952E+01
  -1.960  0.3170E+00  0.1955E+01
  -1.950  0.2954E+00  0.1958E+01
  -1.940  0.2735E+00  0.1961E+01
  -1.930  0.2531E+00  0.1964E+01
  -1.920  0.2354E+00  0.1966E+01
  -1.910  0.2213E+00  0.1968E+01
  -1.900  0.2109E+00  0.1970E+01
  -1.890  0.2041E+00  0.1972E+01
  -1.880  0.2001E+00  0.1974E+01
  -1.870  0.1978E+00  0.1976E+01
  -1.860  0.1963E+00  0.1978E+01
  -1.850  0.1944E+00  0.1980E+01
  -1.840  0.1913E+00  0.1982E+01
  -1.830  0.1865E+00  0.1984E+01
  -1.820  0.1797E+00  0.1986E+01
  -1.810  0.1710E+00  0.1988E+01
  -1.800  0.1609E+00  0.1989E+01
  -1.790  0.1501E+00  0.1991E+01
  -1.780  0.1391E+00  0.1992E+01
  -1.770  0.1288E+00  0.1993E+01
  -1.760  0.1195E+00  0.1995E+01
  -1.750  0.1116E+00  0.1996E+01
  -1.740  0.1053E+00  0.1997E+01
  -1.730  0.1006E+00  0.1998E+01
  -1.720  0.9726E-01  0.1999E+01
  -1.710  0.9517E-01  0.2000E+01
  -1.700  0.9407E-01  0.2001E+01
  -1.690  0.9368E-01  0.2002E+01
  -1.680  0.9373E-01  0.2002E+01
  -1.670  0.9396E-01  0.2003E+01
  -1.660  0.9407E-01  0.2004E+01
  -1.650  0.9382E-01  0.2005E+01
  -1.640  0.9302E-01  0.2006E+01
  -1.630  0.9158E-01  0.2007E+01
  -1.620  0.8963E-01  0.2008E+01
  -1.610  0.8744E-01  0.2009E+01
  -1.600  0.8554E-01  0.2010E+01
  -1.590  0.8462E-01  0.2011E+01
  -1.580  0.8546E-01  0.2011E+01
  -1.570  0.8883E-01  0.2012E+01
  -1.560  0.9535E-01  0.2013E+01
  -1.550  0.1054E+00  0.2014E+01
  -1.540  0.1190E+00  0.2016E+01
  -1.530  0.1358E+00  0.2017E+01
  -1.520  0.1551E+00  0.2018E+01
  -1.510  0.1760E+00  0.2020E+01
  -1.500  0.1975E+00  0.2022E+01
  -1.490  0.2185E+00  0.2024E+01
  -1.480  0.2380E+00  0.2027E+01
  -1.470  0.2551E+00  0.2029E+01
  -1.460  0.2691E+00  0.2032E+01
  -1.450  0.2794E+00  0.2035E+01
  -1.440  0.2855E+00  0.2038E+01
  -1.430  0.2873E+00  0.2040E+01
  -1.420  0.2847E+00  0.2043E+01
  -1.410  0.2779E+00  0.2046E+01
  -1.400  0.2677E+00  0.2049E+01
  -1.390  0.2550E+00  0.2051E+01
  -1.380  0.2412E+00  0.2054E+01
  -1.370  0.2276E+00  0.2056E+01
  -1.360  0.2159E+00  0.2058E+01
  -1.350  0.2074E+00  0.2060E+01
  -1.340  0.2036E+00  0.2062E+01
  -1.330  0.2053E+00  0.2064E+01
  -1.320  0.2135E+00  0.2066E+01
  -1.310  0.2285E+00  0.2069E+01
  -1.300  0.2505E+00  0.2071E+01
  -1.290  0.2790E+00  0.2074E+01
  -1.280  0.3127E+00  0.2077E+01
  -1.270  0.3498E+00  0.2081E+01
  -1.260  0.3876E+00  0.2085E+01
  -1.250  0.4230E+00  0.2089E+01
  -1.240  0.4528E+00  0.2093E+01
  -1.230  0.4742E+00  0.2098E+01
  -1.220  0.4853E+00  0.2103E+01
  -1.210  0.4855E+00  0.2108E+01
  -1.200  0.4756E+00  0.2113E+01
  -1.190  0.4575E+00  0.2117E+01
  -1.180  0.4341E+00  0.2121E+01
  -1.170  0.4085E+00  0.2126E+01
  -1.160  0.3836E+00  0.2129E+01
  -1.150  0.3619E+00  0.2133E+01
  -1.140  0.3449E+00  0.2136E+01
  -1.130  0.3334E+00  0.2140E+01
  -1.120  0.3278E+00  0.2143E+01
  -1.110  0.3279E+00  0.2146E+01
  -1.100  0.3340E+00  0.2150E+01
  -1.090  0.3460E+00  0.2153E+01
  -1.080  0.3643E+00  0.2157E+01
  -1.070  0.3891E+00  0.2161E+01
  -1.060  0.4201E+00  0.2165E+01
  -1.050  0.4564E+00  0.2169E+01
  -1.040  0.4963E+00  0.2174E+01
  -1.030  0.5374E+00  0.2180E+01
  -1.020  0.5766E+00  0.2186E+01
  -1.010  0.6108E+00  0.2192E+01
  -1.000  0.6372E+00  0.2198E+01
  -0.990  0.6538E+00  0.2205E+01
  -0.980  0.6602E+00  0.2211E+01
  -0.970  0.6571E+00  0.2218E+01
  -0.960  0.6467E+00  0.2224E+01
  -0.950  0.6320E+00  0.2231E+01
  -0.940  0.6166E+00  0.2237E+01
  -0.930  0.6041E+00  0.2243E+01
  -0.920  0.5977E+00  0.2249E+01
  -0.910  0.5997E+00  0.2255E+01
  -0.900  0.6118E+00  0.2261E+01
  -0.890  0.6348E+00  0.2267E+01
  -0.880  0.6690E+00  0.2274E+01
  -0.870  0.7140E+00  0.2281E+01
  -0.860  0.7695E+00  0.2289E+01
  -0.850  0.8348E+00  0.2297E+01
  -0.840  0.9093E+00  0.2306E+01
  -0.830  0.9921E+00  0.2316E+01
  -0.820  0.1082E+01  0.2327E+01
  -0.810  0.1177E+01  0.2339E+01
  -0.800  0.1275E+01  0.2351E+01
  -0.790  0.1372E+01  0.2365E+01
  -0.780  0.1465E+01  0.2380E+01
  -0.770  0.1548E+01  0.2395E+01
  -0.760  0.1617E+01  0.2411E+01
  -0.750  0.1668E+01  0.2428E+01
  -0.740  0.1698E+01  0.2445E+01
  -0.730  0.1705E+01  0.2462E+01
  -0.720  0.1690E+01  0.2479E+01
  -0.710  0.1655E+01  0.2496E+01
  -0.700  0.1604E+01  0.2512E+01
  -0.690  0.1542E+01  0.2527E+01
  -0.680  0.1475E+01  0.2542E+01
  -0.670  0.1408E+01  0.2556E+01
  -0.660  0.1344E+01  0.2569E+01
  -0.650  0.1286E+01  0.2582E+01
  -0.640  0.1236E+01  0.2595E+01
  -0.630  0.1194E+01  0.2606E+01
  -0.620  0.1159E+01  0.2618E+01
  -0.610  0.1130E+01  0.2629E+01
  -0.600  0.1105E+01  0.2640E+01
  -0.590  0.1085E+01  0.2651E+01
  -0.580  0.1067E+01  0.2662E+01
  -0.570  0.1052E+01  0.2672E+01
  -0.560  0.1038E+01  0.2683E+01
  -0.550  0.1025E+01  0.2693E+01
  -0.540  0.1013E+01  0.2703E+01
  -0.530  0.9998E+00  0.2713E+01
  -0.520  0.9851E+00  0.2723E+01
  -0.510  0.9684E+00  0.2733E+01
  -0.500  0.9497E+00  0.2742E+01
  -0.490  0.9293E+00  0.2752E+01
  -0.480  0.9081E+00  0.2761E+01
  -0.470  0.8868E+00  0.2769E+01
  -0.460  0.8662E+00  0.2778E+01
  -0.450  0.8470E+00  0.2787E+01
  -0.440  0.8295E+00  0.2795E+01
  -0.430  0.8139E+00  0.2803E+01
  -0.420  0.8004E+00  0.2811E+01
  -0.410  0.7890E+00  0.2819E+01
  -0.400  0.7798E+00  0.2827E+01
  -0.390  0.7730E+00  0.2834E+01
  -0.380  0.7681E+00  0.2842E+01
  -0.370  0.7645E+00  0.2850E+01
  -0.360  0.7612E+00  0.2857E+01
  -0.350  0.7570E+00  0.2865E+01
  -0.340  0.7510E+00  0.2872E+01
  -0.330  0.7424E+00  0.2880E+01
  -0.320  0.7312E+00  0.2887E+01
  -0.310  0.7182E+00  0.2894E+01
  -0.300  0.7048E+00  0.2901E+01
  -0.290  0.6927E+00  0.2908E+01
  -0.280  0.6835E+00  0.2915E+01
  -0.270  0.6782E+00  0.2922E+01
  -0.260  0.6771E+00  0.2929E+01
  -0.250  0.6794E+00  0.2936E+01
  -0.240  0.6837E+00  0.2942E+01
  -0.230  0.6879E+00  0.2949E+01
  -0.220  0.6901E+00  0.2956E+01
  -0.210  0.6887E+00  0.2963E+01
  -0.200  0.6828E+00  0.2970E+01
  -0.190  0.6726E+00  0.2977E+01
  -0.180  0.6589E+00  0.2983E+01
  -0.170  0.6435E+00  0.2990E+01
  -0.160  0.6282E+00  0.2996E+01
  -0.150  0.6145E+00  0.3002E+01
  -0.140  0.6039E+00  0.3008E+01
  -0.130  0.5969E+00  0.3014E+01
  -0.120  0.5933E+00  0.3020E+01
  -0.110  0.5927E+00  0.3026E+01
  -0.100  0.5940E+00  0.3032E+01
  -0.090  0.5962E+00  0.3038E+01
  -0.080  0.5980E+00  0.3044E+01
  -0.070  0.5987E+00  0.3050E+01
  -0.060  0.5977E+00  0.3056E+01
  -0.050  0.5947E+00  0.3062E+01
  -0.040  0.5896E+00  0.3068E+01
  -0.030  0.5825E+00  0.3073E+01
  -0.020  0.5738E+00  0.3079E+01
  -0.010  0.5638E+00  0.3085E+01
   0.000  0.5530E+00  0.3090E+01
   0.010  0.5421E+00  0.3096E+01
   0.020  0.5316E+00  0.3101E+01
   0.030  0.5223E+00  0.3106E+01
   0.040  0.5148E+00  0.3111E+01
   0.050  0.5098E+00  0.3117E+01
   0.060  0.5080E+00  0.3122E+01
   0.070  0.5096E+00  0.3127E+01
   0.080  0.5146E+00  0.3132E+01
   0.090  0.5225E+00  0.3137E+01
   0.100  0.5322E+00  0.3142E+01
   0.110  0.5422E+00  0.3148E+01
   0.120  0.5506E+00  0.3153E+01
   0.130  0.5554E+00  0.3159E+01
   0.140  0.5552E+00  0.3164E+01
   0.150  0.5492E+00  0.3170E+01
   0.160  0.5375E+00  0.3175E+01
   0.170  0.5210E+00  0.3181E+01
   0.180  0.5016E+00  0.3186E+01
   0.190  0.4817E+00  0.3190E+01
   0.200  0.4638E+00  0.3195E+01
   0.210  0.4499E+00  0.3200E+01
   0.220  0.4414E+00  0.3204E+01
   0.230  0.4388E+00  0.3208E+01
   0.240  0.4417E+00  0.3213E+01
   0.250  0.4486E+00  0.3217E+01
   0.260  0.4578E+00  0.3222E+01
   0.270  0.4671E+00  0.3226E+01
   0.280  0.4747E+00  0.3231E+01
   0.290  0.4788E+00  0.3236E+01
   0.300  0.4787E+00  0.3241E+01
   0.310  0.4739E+00  0.3246E+01
   0.320  0.4653E+00  0.3250E+01
   0.330  0.4540E+00  0.3255E+01
   0.340  0.4419E+00  0.3259E+01
   0.350  0.4307E+00  0.3263E+01
   0.360  0.4223E+00  0.3268E+01
   0.370  0.4178E+00  0.3272E+01
   0.380  0.4176E+00  0.3276E+01
   0.390  0.4212E+00  0.3280E+01
   0.400  0.4274E+00  0.3285E+01
   0.410  0.4345E+00  0.3289E+01
   0.420  0.4405E+00  0.3293E+01
   0.430  0.4440E+00  0.3298E+01
   0.440  0.4440E+00  0.3302E+01
   0.450  0.4401E+00  0.3307E+01
   0.460  0.4329E+00  0.3311E+01
   0.470  0.4237E+00  0.3315E+01
   0.480  0.4138E+00  0.3319E+01
   0.490  0.4049E+00  0.3323E+01
   0.500  0.3982E+00  0.3327E+01
   0.510  0.3944E+00  0.3331E+01
   0.520  0.3936E+00  0.3335E+01
   0.530  0.3956E+00  0.3339E+01
   0.540  0.3993E+00  0.3343E+01
   0.550  0.4035E+00  0.3347E+01
   0.560  0.4066E+00  0.3351E+01
   0.570  0.4074E+00  0.3355E+01
   0.580  0.4048E+00  0.3359E+01
   0.590  0.3982E+00  0.3363E+01
   0.600  0.3878E+00  0.3367E+01
   0.610  0.3744E+00  0.3371E+01
   0.620  0.3594E+00  0.3375E+01
   0.630  0.3445E+00  0.3378E+01
   0.640  0.3319E+00  0.3381E+01
   0.650  0.3234E+00  0.3385E+01
   0.660  0.3203E+00  0.3388E+01
   0.670  0.3235E+00  0.3391E+01
   0.680  0.3327E+00  0.3394E+01
   0.690  0.3470E+00  0.3398E+01
   0.700  0.3647E+00  0.3401E+01
   0.710  0.3834E+00  0.3405E+01
   0.720  0.4005E+00  0.3409E+01
   0.730  0.4133E+00  0.3413E+01
   0.740  0.4198E+00  0.3418E+01
   0.750  0.4185E+00  0.3422E+01
   0.760  0.4092E+00  0.3426E+01
   0.770  0.3929E+00  0.3430E+01
   0.780  0.3714E+00  0.3434E+01
   0.790  0.3475E+00  0.3437E+01
   0.800  0.3240E+00  0.3440E+01
   0.810  0.3039E+00  0.3443E+01
   0.820  0.2894E+00  0.3446E+01
   0.830  0.2820E+00  0.3449E+01
   0.840  0.2822E+00  0.3452E+01
   0.850  0.2895E+00  0.3455E+01
   0.860  0.3024E+00  0.3458E+01
   0.870  0.3189E+00  0.3461E+01
   0.880  0.3364E+00  0.3464E+01
   0.890  0.3522E+00  0.3468E+01
   0.900  0.3640E+00  0.3471E+01
   0.910  0.3699E+00  0.3475E+01
   0.920  0.3689E+00  0.3479E+01
   0.930  0.3607E+00  0.3482E+01
   0.940  0.3463E+00  0.3486E+01
   0.950  0.3274E+00  0.3489E+01
   0.960  0.3062E+00  0.3492E+01
   0.970  0.2854E+00  0.3495E+01
   0.980  0.2675E+00  0.3498E+01
   0.990  0.2546E+00  0.3500E+01
   1.000  0.2483E+00  0.3503E+01
   1.010  0.2490E+00  0.3505E+01
   1.020  0.2563E+00  0.3508E+01
   1.030  0.2690E+00  0.3511E+01
   1.040  0.2851E+00  0.3513E+01
   1.050  0.3022E+00  0.3516E+01
   1.060  0.3180E+00  0.3520E+01
   1.070  0.3304E+00  0.3523E+01
   1.080  0.3380E+00  0.3526E+01
   1.090  0.3402E+00  0.3530E+01
   1.100  0.3374E+00  0.3533E+01
   1.110  0.3303E+00  0.3536E+01
   1.120  0.3203E+00  0.3540E+01
   1.130  0.3088E+00  0.3543E+01
   1.140  0.2972E+00  0.3546E+01
   1.150  0.2864E+00  0.3548E+01
   1.160  0.2774E+00  0.3551E+01
   1.170  0.2708E+00  0.3554E+01
   1.180  0.2667E+00  0.3557E+01
   1.190  0.2652E+00  0.3559E+01
   1.200  0.2661E+00  0.3562E+01
   1.210  0.2688E+00  0.3565E+01
   1.220  0.2724E+00  0.3567E+01
   1.230  0.2757E+00  0.3570E+01
   1.240  0.2776E+00  0.3573E+01
   1.250  0.2769E+00  0.3576E+01
   1.260  0.2731E+00  0.3578E+01
   1.270  0.2660E+00  0.3581E+01
   1.280  0.2562E+00  0.3584E+01
   1.290  0.2448E+00  0.3586E+01
   1.300  0.2332E+00  0.3588E+01
   1.310  0.2229E+00  0.3591E+01
   1.320  0.2153E+00  0.3593E+01
   1.330  0.2115E+00  0.3595E+01
   1.340  0.2120E+00  0.3597E+01
   1.350  0.2169E+00  0.3599E+01
   1.360  0.2258E+00  0.3601E+01
   1.370  0.2380E+00  0.3604E+01
   1.380  0.2524E+00  0.3606E+01
   1.390  0.2675E+00  0.3609E+01
   1.400  0.2817E+00  0.3612E+01
   1.410  0.2932E+00  0.3615E+01
   1.420  0.3007E+00  0.3618E+01
   1.430  0.3030E+00  0.3621E+01
   1.440  0.2996E+00  0.3624E+01
   1.450  0.2908E+00  0.3627E+01
   1.460  0.2776E+00  0.3629E+01
   1.470  0.2615E+00  0.3632E+01
   1.480  0.2444E+00  0.3635E+01
   1.490  0.2281E+00  0.3637E+01
   1.500  0.2143E+00  0.3639E+01
   1.510  0.2044E+00  0.3641E+01
   1.520  0.1990E+00  0.3643E+01
   1.530  0.1984E+00  0.3645E+01
   1.540  0.2022E+00  0.3647E+01
   1.550  0.2099E+00  0.3649E+01
   1.560  0.2203E+00  0.3651E+01
   1.570  0.2323E+00  0.3654E+01
   1.580  0.2445E+00  0.3656E+01
   1.590  0.2557E+00  0.3659E+01
   1.600  0.2649E+00  0.3661E+01
   1.610  0.2715E+00  0.3664E+01
   1.620  0.2757E+00  0.3667E+01
   1.630  0.2782E+00  0.3670E+01
   1.640  0.2803E+00  0.3672E+01
   1.650  0.2839E+00  0.3675E+01
   1.660  0.2910E+00  0.3678E+01
   1.670  0.3034E+00  0.3681E+01
   1.680  0.3224E+00  0.3684E+01
   1.690  0.3484E+00  0.3688E+01
   1.700  0.3813E+00  0.3692E+01
   1.710  0.4199E+00  0.3696E+01
   1.720  0.4628E+00  0.3700E+01
   1.730  0.5081E+00  0.3706E+01
   1.740  0.5538E+00  0.3711E+01
   1.750  0.5986E+00  0.3717E+01
   1.760  0.6411E+00  0.3723E+01
   1.770  0.6811E+00  0.3730E+01
   1.780  0.7183E+00  0.3737E+01
   1.790  0.7531E+00  0.3745E+01
   1.800  0.7860E+00  0.3753E+01
   1.810  0.8172E+00  0.3761E+01
   1.820  0.8467E+00  0.3769E+01
   1.830  0.8743E+00  0.3778E+01
   1.840  0.8997E+00  0.3787E+01
   1.850  0.9225E+00  0.3796E+01
   1.860  0.9425E+00  0.3806E+01
   1.870  0.9603E+00  0.3815E+01
   1.880  0.9766E+00  0.3825E+01
   1.890  0.9930E+00  0.3835E+01
   1.900  0.1011E+01  0.3845E+01
   1.910  0.1032E+01  0.3856E+01
   1.920  0.1056E+01  0.3866E+01
   1.930  0.1084E+01  0.3877E+01
   1.940  0.1114E+01  0.3888E+01
   1.950  0.1144E+01  0.3900E+01
   1.960  0.1172E+01  0.3911E+01
   1.970  0.1196E+01  0.3923E+01
   1.980  0.1214E+01  0.3935E+01
   1.990  0.1227E+01  0.3948E+01
   2.000  0.1233E+01  0.3960E+01
   2.010  0.1234E+01  0.3972E+01
   2.020  0.1232E+01  0.3985E+01
   2.030  0.1227E+01  0.3997E+01
   2.040  0.1222E+01  0.4009E+01
   2.050  0.1217E+01  0.4021E+01
   2.060  0.1211E+01  0.4033E+01
   2.070  0.1205E+01  0.4045E+01
   2.080  0.1197E+01  0.4057E+01
   2.090  0.1188E+01  0.4069E+01
   2.100  0.1176E+01  0.4081E+01
   2.110  0.1163E+01  0.4093E+01
   2.120  0.1149E+01  0.4104E+01
   2.130  0.1136E+01  0.4116E+01
   2.140  0.1126E+01  0.4127E+01
   2.150  0.1118E+01  0.4138E+01
   2.160  0.1114E+01  0.4149E+01
   2.170  0.1114E+01  0.4160E+01
   2.180  0.1116E+01  0.4171E+01
   2.190  0.1121E+01  0.4183E+01
   2.200  0.1125E+01  0.4194E+01
   2.210  0.1128E+01  0.4205E+01
   2.220  0.1128E+01  0.4216E+01
   2.230  0.1124E+01  0.4228E+01
   2.240  0.1115E+01  0.4239E+01
   2.250  0.1102E+01  0.4250E+01
   2.260  0.1086E+01  0.4261E+01
   2.270  0.1067E+01  0.4271E+01
   2.280  0.1047E+01  0.4282E+01
   2.290  0.1029E+01  0.4292E+01
   2.300  0.1015E+01  0.4302E+01
   2.310  0.1005E+01  0.4312E+01
   2.320  0.1002E+01  0.4322E+01
   2.330  0.1004E+01  0.4332E+01
   2.340  0.1011E+01  0.4343E+01
   2.350  0.1021E+01  0.4353E+01
   2.360  0.1032E+01  0.4363E+01
   2.370  0.1043E+01  0.4374E+01
   2.380  0.1050E+01  0.4384E+01
   2.390  0.1054E+01  0.4395E+01
   2.400  0.1053E+01  0.4405E+01
   2.410  0.1049E+01  0.4416E+01
   2.420  0.1041E+01  0.4426E+01
   2.430  0.1032E+01  0.4436E+01
   2.440  0.1022E+01  0.4447E+01
   2.450  0.1013E+01  0.4457E+01
   2.460  0.1005E+01  0.4467E+01
   2.470  0.9996E+00  0.4477E+01
   2.480  0.9978E+00  0.4487E+01
   2.490  0.1000E+01  0.4497E+01
   2.500  0.1007E+01  0.4507E+01
   2.510  0.1018E+01  0.4517E+01
   2.520  0.1034E+01  0.4527E+01
   2.530  0.1053E+01  0.4538E+01
   2.540  0.1075E+01  0.4549E+01
   2.550  0.1098E+01  0.4560E+01
   2.560  0.1119E+01  0.4571E+01
   2.570  0.1136E+01  0.4582E+01
   2.580  0.1148E+01  0.4594E+01
   2.590  0.1153E+01  0.4605E+01
   2.600  0.1149E+01  0.4617E+01
   2.610  0.1135E+01  0.4628E+01
   2.620  0.1114E+01  0.4639E+01
   2.630  0.1087E+01  0.4650E+01
   2.640  0.1057E+01  0.4661E+01
   2.650  0.1028E+01  0.4671E+01
   2.660  0.1002E+01  0.4681E+01
   2.670  0.9831E+00  0.4691E+01
   2.680  0.9737E+00  0.4700E+01
   2.690  0.9748E+00  0.4710E+01
   2.700  0.9862E+00  0.4720E+01
   2.710  0.1007E+01  0.4730E+01
   2.720  0.1034E+01  0.4740E+01
   2.730  0.1067E+01  0.4751E+01
   2.740  0.1101E+01  0.4762E+01
   2.750  0.1135E+01  0.4773E+01
   2.760  0.1166E+01  0.4785E+01
   2.770  0.1192E+01  0.4797E+01
   2.780  0.1212E+01  0.4809E+01
   2.790  0.1225E+01  0.4821E+01
   2.800  0.1230E+01  0.4834E+01
   2.810  0.1226E+01  0.4846E+01
   2.820  0.1213E+01  0.4858E+01
   2.830  0.1193E+01  0.4870E+01
   2.840  0.1166E+01  0.4882E+01
   2.850  0.1137E+01  0.4893E+01
   2.860  0.1106E+01  0.4904E+01
   2.870  0.1079E+01  0.4915E+01
   2.880  0.1057E+01  0.4925E+01
   2.890  0.1043E+01  0.4936E+01
   2.900  0.1040E+01  0.4946E+01
   2.910  0.1047E+01  0.4957E+01
   2.920  0.1063E+01  0.4967E+01
   2.930  0.1088E+01  0.4978E+01
   2.940  0.1119E+01  0.4989E+01
   2.950  0.1152E+01  0.5001E+01
   2.960  0.1187E+01  0.5013E+01
   2.970  0.1220E+01  0.5025E+01
   2.980  0.1249E+01  0.5037E+01
   2.990  0.1273E+01  0.5050E+01
   3.000  0.1294E+01  0.5063E+01
   3.010  0.1310E+01  0.5076E+01
   3.020  0.1325E+01  0.5090E+01
   3.030  0.1338E+01  0.5103E+01
   3.040  0.1350E+01  0.5116E+01
   3.050  0.1361E+01  0.5130E+01
   3.060  0.1371E+01  0.5144E+01
   3.070  0.1379E+01  0.5157E+01
   3.080  0.1383E+01  0.5171E+01
   3.090  0.1382E+01  0.5185E+01
   3.100  0.1378E+01  0.5199E+01
   3.110  0.1371E+01  0.5213E+01
   3.120  0.1364E+01  0.5226E+01
   3.130  0.1358E+01  0.5240E+01
   3.140  0.1357E+01  0.5253E+01
   3.150  0.1363E+01  0.5267E+01
   3.160  0.1375E+01  0.5281E+01
   3.170  0.1393E+01  0.5295E+01
   3.180  0.1415E+01  0.5309E+01
   3.190  0.1439E+01  0.5323E+01
   3.200  0.1463E+01  0.5338E+01
   3.210  0.1482E+01  0.5353E+01
   3.220  0.1498E+01  0.5368E+01
   3.230  0.1507E+01  0.5383E+01
   3.240  0.1510E+01  0.5398E+01
   3.250  0.1508E+01  0.5413E+01
   3.260  0.1503E+01  0.5428E+01
   3.270  0.1497E+01  0.5443E+01
   3.280  0.1491E+01  0.5458E+01
   3.290  0.1488E+01  0.5473E+01
   3.300  0.1489E+01  0.5488E+01
   3.310  0.1497E+01  0.5503E+01
   3.320  0.1509E+01  0.5518E+01
   3.330  0.1526E+01  0.5533E+01
   3.340  0.1546E+01  0.5548E+01
   3.350  0.1564E+01  0.5564E+01
   3.360  0.1580E+01  0.5580E+01
   3.370  0.1589E+01  0.5596E+01
   3.380  0.1592E+01  0.5612E+01
   3.390  0.1588E+01  0.5628E+01
   3.400  0.1579E+01  0.5643E+01
   3.410  0.1566E+01  0.5659E+01
   3.420  0.1552E+01  0.5675E+01
   3.430  0.1539E+01  0.5690E+01
   3.440  0.1528E+01  0.5705E+01
   3.450  0.1520E+01  0.5720E+01
   3.460  0.1515E+01  0.5736E+01
   3.470  0.1512E+01  0.5751E+01
   3.480  0.1510E+01  0.5766E+01
   3.490  0.1508E+01  0.5781E+01
   3.500  0.1505E+01  0.5796E+01
   3.510  0.1499E+01  0.5811E+01
   3.520  0.1492E+01  0.5826E+01
   3.530  0.1481E+01  0.5841E+01
   3.540  0.1469E+01  0.5855E+01
   3.550  0.1455E+01  0.5870E+01
   3.560  0.1440E+01  0.5884E+01
   3.570  0.1426E+01  0.5899E+01
   3.580  0.1413E+01  0.5913E+01
   3.590  0.1403E+01  0.5927E+01
   3.600  0.1395E+01  0.5941E+01
   3.610  0.1390E+01  0.5955E+01
   3.620  0.1385E+01  0.5968E+01
   3.630  0.1381E+01  0.5982E+01
   3.640  0.1377E+01  0.5996E+01
   3.650  0.1374E+01  0.6010E+01
   3.660  0.1372E+01  0.6023E+01
   3.670  0.1371E+01  0.6037E+01
   3.680  0.1372E+01  0.6051E+01
   3.690  0.1377E+01  0.6065E+01
   3.700  0.1386E+01  0.6078E+01
   3.710  0.1401E+01  0.6092E+01
   3.720  0.1419E+01  0.6107E+01
   3.730  0.1441E+01  0.6121E+01
   3.740  0.1465E+01  0.6136E+01
   3.750  0.1488E+01  0.6151E+01
   3.760  0.1508E+01  0.6166E+01
   3.770  0.1522E+01  0.6181E+01
   3.780  0.1526E+01  0.6196E+01
   3.790  0.1521E+01  0.6211E+01
   3.800  0.1505E+01  0.6226E+01
   3.810  0.1479E+01  0.6241E+01
   3.820  0.1447E+01  0.6256E+01
   3.830  0.1410E+01  0.6270E+01
   3.840  0.1373E+01  0.6284E+01
   3.850  0.1339E+01  0.6297E+01
   3.860  0.1310E+01  0.6310E+01
   3.870  0.1291E+01  0.6323E+01
   3.880  0.1281E+01  0.6336E+01
   3.890  0.1281E+01  0.6349E+01
   3.900  0.1290E+01  0.6361E+01
   3.910  0.1307E+01  0.6375E+01
   3.920  0.1328E+01  0.6388E+01
   3.930  0.1352E+01  0.6401E+01
   3.940  0.1374E+01  0.6415E+01
   3.950  0.1392E+01  0.6429E+01
   3.960  0.1405E+01  0.6443E+01
   3.970  0.1409E+01  0.6457E+01
   3.980  0.1406E+01  0.6471E+01
   3.990  0.1396E+01  0.6485E+01
   4.000  0.1380E+01  0.6499E+01
   4.010  0.1359E+01  0.6513E+01
   4.020  0.1335E+01  0.6526E+01
   4.030  0.1311E+01  0.6539E+01
   4.040  0.1289E+01  0.6552E+01
   4.050  0.1269E+01  0.6565E+01
   4.060  0.1255E+01  0.6577E+01
   4.070  0.1247E+01  0.6590E+01
   4.080  0.1245E+01  0.6602E+01
   4.090  0.1250E+01  0.6615E+01
   4.100  0.1261E+01  0.6627E+01
   4.110  0.1275E+01  0.6640E+01
   4.120  0.1292E+01  0.6653E+01
   4.130  0.1308E+01  0.6666E+01
   4.140  0.1321E+01  0.6679E+01
   4.150  0.1331E+01  0.6692E+01
   4.160  0.1337E+01  0.6706E+01
   4.170  0.1338E+01  0.6719E+01
   4.180  0.1335E+01  0.6733E+01
   4.190  0.1329E+01  0.6746E+01
   4.200  0.1320E+01  0.6759E+01
   4.210  0.1311E+01  0.6772E+01
   4.220  0.1301E+01  0.6785E+01
   4.230  0.1293E+01  0.6798E+01
   4.240  0.1285E+01  0.6811E+01
   4.250  0.1280E+01  0.6824E+01
   4.260  0.1276E+01  0.6836E+01
   4.270  0.1272E+01  0.6849E+01
   4.280  0.1269E+01  0.6862E+01
   4.290  0.1266E+01  0.6875E+01
   4.300  0.1262E+01  0.6887E+01
   4.310  0.1258E+01  0.6900E+01
   4.320  0.1254E+01  0.6912E+01
   4.330  0.1250E+01  0.6925E+01
   4.340  0.1247E+01  0.6937E+01
   4.350  0.1246E+01  0.6950E+01
   4.360  0.1245E+01  0.6962E+01
   4.370  0.1244E+01  0.6975E+01
   4.380  0.1241E+01  0.6987E+01
   4.390  0.1235E+01  0.6999E+01
   4.400  0.1227E+01  0.7012E+01
   4.410  0.1215E+01  0.7024E+01
   4.420  0.1203E+01  0.7036E+01
   4.430  0.1191E+01  0.7048E+01
   4.440  0.1182E+01  0.7060E+01
   4.450  0.1178E+01  0.7071E+01
   4.460  0.1180E+01  0.7083E+01
   4.470  0.1187E+01  0.7095E+01
   4.480  0.1200E+01  0.7107E+01
   4.490  0.1215E+01  0.7119E+01
   4.500  0.1229E+01  0.7131E+01
   4.510  0.1241E+01  0.7144E+01
   4.520  0.1247E+01  0.7156E+01
   4.530  0.1246E+01  0.7169E+01
   4.540  0.1238E+01  0.7181E+01
   4.550  0.1223E+01  0.7193E+01
   4.560  0.1204E+01  0.7205E+01
   4.570  0.1185E+01  0.7217E+01
   4.580  0.1169E+01  0.7229E+01
   4.590  0.1157E+01  0.7241E+01
   4.600  0.1153E+01  0.7252E+01
   4.610  0.1154E+01  0.7264E+01
   4.620  0.1159E+01  0.7275E+01
   4.630  0.1167E+01  0.7287E+01
   4.640  0.1174E+01  0.7299E+01
   4.650  0.1177E+01  0.7310E+01
   4.660  0.1177E+01  0.7322E+01
   4.670  0.1172E+01  0.7334E+01
   4.680  0.1165E+01  0.7346E+01
   4.690  0.1155E+01  0.7357E+01
   4.700  0.1146E+01  0.7369E+01
   4.710  0.1139E+01  0.7380E+01
   4.720  0.1134E+01  0.7391E+01
   4.730  0.1132E+01  0.7403E+01
   4.740  0.1132E+01  0.7414E+01
   4.750  0.1132E+01  0.7425E+01
   4.760  0.1131E+01  0.7437E+01
   4.770  0.1126E+01  0.7448E+01
   4.780  0.1118E+01  0.7459E+01
   4.790  0.1106E+01  0.7470E+01
   4.800  0.1090E+01  0.7481E+01
   4.810  0.1071E+01  0.7492E+01
   4.820  0.1049E+01  0.7502E+01
   4.830  0.1027E+01  0.7512E+01
   4.840  0.1004E+01  0.7522E+01
   4.850  0.9795E+00  0.7532E+01
   4.860  0.9544E+00  0.7542E+01
   4.870  0.9285E+00  0.7551E+01
   4.880  0.9018E+00  0.7560E+01
   4.890  0.8750E+00  0.7569E+01
   4.900  0.8487E+00  0.7577E+01
   4.910  0.8240E+00  0.7586E+01
   4.920  0.8017E+00  0.7594E+01
   4.930  0.7825E+00  0.7601E+01
   4.940  0.7668E+00  0.7609E+01
   4.950  0.7545E+00  0.7617E+01
   4.960  0.7449E+00  0.7624E+01
   4.970  0.7370E+00  0.7631E+01
   4.980  0.7293E+00  0.7639E+01
   4.990  0.7207E+00  0.7646E+01
   5.000  0.7100E+00  0.7653E+01
   5.010  0.6969E+00  0.7660E+01
   5.020  0.6817E+00  0.7667E+01
   5.030  0.6655E+00  0.7673E+01
   5.040  0.6496E+00  0.7680E+01
   5.050  0.6359E+00  0.7686E+01
   5.060  0.6255E+00  0.7693E+01
   5.070  0.6192E+00  0.7699E+01
   5.080  0.6169E+00  0.7705E+01
   5.090  0.6177E+00  0.7711E+01
   5.100  0.6198E+00  0.7717E+01
   5.110  0.6216E+00  0.7724E+01
   5.120  0.6214E+00  0.7730E+01
   5.130  0.6179E+00  0.7736E+01
   5.140  0.6108E+00  0.7742E+01
   5.150  0.6005E+00  0.7748E+01
   5.160  0.5880E+00  0.7754E+01
   5.170  0.5747E+00  0.7760E+01
   5.180  0.5619E+00  0.7765E+01
   5.190  0.5506E+00  0.7771E+01
   5.200  0.5412E+00  0.7776E+01
   5.210  0.5337E+00  0.7782E+01
   5.220  0.5271E+00  0.7787E+01
   5.230  0.5206E+00  0.7792E+01
   5.240  0.5131E+00  0.7797E+01
   5.250  0.5040E+00  0.7802E+01
   5.260  0.4930E+00  0.7807E+01
   5.270  0.4804E+00  0.7812E+01
   5.280  0.4670E+00  0.7817E+01
   5.290  0.4539E+00  0.7821E+01
   5.300  0.4419E+00  0.7826E+01
   5.310  0.4320E+00  0.7830E+01
   5.320  0.4243E+00  0.7834E+01
   5.330  0.4186E+00  0.7838E+01
   5.340  0.4145E+00  0.7842E+01
   5.350  0.4110E+00  0.7847E+01
   5.360  0.4074E+00  0.7851E+01
   5.370  0.4031E+00  0.7855E+01
   5.380  0.3978E+00  0.7859E+01
   5.390  0.3919E+00  0.7863E+01
   5.400  0.3856E+00  0.7866E+01
   5.410  0.3796E+00  0.7870E+01
   5.420  0.3743E+00  0.7874E+01
   5.430  0.3699E+00  0.7878E+01
   5.440  0.3665E+00  0.7881E+01
   5.450  0.3637E+00  0.7885E+01
   5.460  0.3612E+00  0.7889E+01
   5.470  0.3586E+00  0.7892E+01
   5.480  0.3553E+00  0.7896E+01
   5.490  0.3513E+00  0.7899E+01
   5.500  0.3463E+00  0.7903E+01
   5.510  0.3404E+00  0.7906E+01
   5.520  0.3340E+00  0.7909E+01
   5.530  0.3273E+00  0.7913E+01
   5.540  0.3209E+00  0.7916E+01
   5.550  0.3151E+00  0.7919E+01
   5.560  0.3102E+00  0.7922E+01
   5.570  0.3060E+00  0.7925E+01
   5.580  0.3025E+00  0.7928E+01
   5.590  0.2990E+00  0.7931E+01
   5.600  0.2949E+00  0.7934E+01
   5.610  0.2898E+00  0.7937E+01
   5.620  0.2833E+00  0.7940E+01
   5.630  0.2751E+00  0.7943E+01
   5.640  0.2657E+00  0.7945E+01
   5.650  0.2555E+00  0.7948E+01
   5.660  0.2452E+00  0.7950E+01
   5.670  0.2355E+00  0.7953E+01
   5.680  0.2269E+00  0.7955E+01
   5.690  0.2195E+00  0.7957E+01
   5.700  0.2134E+00  0.7959E+01
   5.710  0.2081E+00  0.7961E+01
   5.720  0.2034E+00  0.7963E+01
   5.730  0.1990E+00  0.7965E+01
   5.740  0.1947E+00  0.7967E+01
   5.750  0.1905E+00  0.7969E+01
   5.760  0.1868E+00  0.7971E+01
   5.770  0.1836E+00  0.7973E+01
   5.780  0.1811E+00  0.7975E+01
   5.790  0.1793E+00  0.7977E+01
   5.800  0.1777E+00  0.7978E+01
   5.810  0.1759E+00  0.7980E+01
   5.820  0.1734E+00  0.7982E+01
   5.830  0.1698E+00  0.7984E+01
   5.840  0.1646E+00  0.7985E+01
   5.850  0.1579E+00  0.7987E+01
   5.860  0.1497E+00  0.7988E+01
   5.870  0.1404E+00  0.7990E+01
   5.880  0.1303E+00  0.7991E+01
   5.890  0.1199E+00  0.7992E+01
   5.900  0.1095E+00  0.7993E+01
   5.910  0.9923E-01  0.7994E+01
   5.920  0.8938E-01  0.7995E+01
   5.930  0.7997E-01  0.7996E+01
   5.940  0.7099E-01  0.7997E+01
   5.950  0.6244E-01  0.7997E+01
   5.960  0.5429E-01  0.7998E+01
   5.970  0.4655E-01  0.7998E+01
   5.980  0.3924E-01  0.7999E+01
   5.990  0.3243E-01  0.7999E+01
   6.000  0.2621E-01  0.7999E+01
   6.010  0.2066E-01  0.7999E+01
   6.020  0.1585E-01  0.8000E+01
   6.030  0.1180E-01  0.8000E+01
   6.040  0.8518E-02  0.8000E+01
   6.050  0.5948E-02  0.8000E+01
   6.060  0.4013E-02  0.8000E+01
   6.070  0.2612E-02  0.8000E+01
   6.080  0.1640E-02  0.8000E+01
   6.090  0.9915E-03  0.8000E+01
   6.100  0.5771E-03  0.8000E+01
   6.110  0.3232E-03  0.8000E+01
   6.120  0.1740E-03  0.8000E+01
   6.130  0.9009E-04  0.8000E+01
   6.140  0.4482E-04  0.8000E+01
   6.150  0.2142E-04  0.8000E+01
   6.160  0.9837E-05  0.8000E+01
   6.170  0.4338E-05  0.8000E+01
   6.180  0.1837E-05  0.8000E+01
   6.190  0.7470E-06  0.8000E+01
   6.200  0.2916E-06  0.8000E+01
   6.210  0.1093E-06  0.8000E+01
   6.220  0.3933E-07  0.8000E+01
   6.230  0.1358E-07  0.8000E+01
   6.240  0.4502E-08  0.8000E+01
   6.250  0.1432E-08  0.8000E+01
   6.260  0.4373E-09  0.8000E+01
   6.270  0.1283E-09  0.8000E+01
   6.280  0.3685E-10  0.8000E+01
   6.290  0.1303E-10  0.8000E+01
   6.300  0.1520E-10  0.8000E+01
   6.310  0.4712E-10  0.8000E+01
   6.320  0.1635E-09  0.8000E+01
   6.330  0.5496E-09  0.8000E+01
   6.340  0.1772E-08  0.8000E+01
   6.350  0.5472E-08  0.8000E+01
   6.360  0.1620E-07  0.8000E+01
   6.370  0.4595E-07  0.8000E+01
   6.380  0.1249E-06  0.8000E+01
   6.390  0.3255E-06  0.8000E+01
   6.400  0.8135E-06  0.8000E+01
   6.410  0.1950E-05  0.8000E+01
   6.420  0.4483E-05  0.8000E+01
   6.430  0.9893E-05  0.8000E+01
   6.440  0.2096E-04  0.8000E+01
   6.450  0.4267E-04  0.8000E+01
   6.460  0.8352E-04  0.8000E+01
   6.470  0.1573E-03  0.8000E+01
   6.480  0.2852E-03  0.8000E+01
   6.490  0.4986E-03  0.8000E+01
   6.500  0.8413E-03  0.8000E+01
   6.510  0.1372E-02  0.8000E+01
   6.520  0.2166E-02  0.8000E+01
   6.530  0.3314E-02  0.8000E+01
   6.540  0.4921E-02  0.8000E+01
   6.550  0.7104E-02  0.8000E+01
   6.560  0.9981E-02  0.8000E+01
   6.570  0.1366E-01  0.8000E+01
   6.580  0.1824E-01  0.8001E+01
   6.590  0.2377E-01  0.8001E+01
   6.600  0.3025E-01  0.8001E+01
   6.610  0.3764E-01  0.8002E+01
   6.620  0.4583E-01  0.8002E+01
   6.630  0.5468E-01  0.8003E+01
   6.640  0.6401E-01  0.8003E+01
   6.650  0.7367E-01  0.8004E+01
   6.660  0.8354E-01  0.8005E+01
   6.670  0.9353E-01  0.8006E+01
   6.680  0.1036E+00  0.8007E+01
   6.690  0.1137E+00  0.8008E+01
   6.700  0.1236E+00  0.8009E+01
   6.710  0.1334E+00  0.8010E+01
   6.720  0.1428E+00  0.8012E+01
   6.730  0.1517E+00  0.8013E+01
   6.740  0.1600E+00  0.8015E+01
   6.750  0.1677E+00  0.8017E+01
   6.760  0.1753E+00  0.8018E+01
   6.770  0.1832E+00  0.8020E+01
   6.780  0.1922E+00  0.8022E+01
   6.790  0.2027E+00  0.8024E+01
   6.800  0.2153E+00  0.8026E+01
   6.810  0.2298E+00  0.8029E+01
   6.820  0.2457E+00  0.8031E+01
   6.830  0.2619E+00  0.8034E+01
   6.840  0.2773E+00  0.8036E+01
   6.850  0.2905E+00  0.8039E+01
   6.860  0.3006E+00  0.8042E+01
   6.870  0.3072E+00  0.8045E+01
   6.880  0.3104E+00  0.8049E+01
   6.890  0.3111E+00  0.8052E+01
   6.900  0.3105E+00  0.8055E+01
   6.910  0.3097E+00  0.8058E+01
   6.920  0.3099E+00  0.8061E+01
   6.930  0.3118E+00  0.8064E+01
   6.940  0.3157E+00  0.8067E+01
   6.950  0.3214E+00  0.8070E+01
   6.960  0.3286E+00  0.8074E+01
   6.970  0.3366E+00  0.8077E+01
   6.980  0.3450E+00  0.8081E+01
   6.990  0.3533E+00  0.8084E+01
   7.000  0.3614E+00  0.8088E+01
   7.010  0.3692E+00  0.8091E+01
   7.020  0.3765E+00  0.8095E+01
   7.030  0.3834E+00  0.8099E+01
   7.040  0.3896E+00  0.8103E+01
   7.050  0.3949E+00  0.8107E+01
   7.060  0.3991E+00  0.8111E+01
   7.070  0.4025E+00  0.8115E+01
   7.080  0.4052E+00  0.8119E+01
   7.090  0.4080E+00  0.8123E+01
   7.100  0.4119E+00  0.8127E+01
   7.110  0.4177E+00  0.8131E+01
   7.120  0.4262E+00  0.8136E+01
   7.130  0.4379E+00  0.8140E+01
   7.140  0.4523E+00  0.8144E+01
   7.150  0.4688E+00  0.8149E+01
   7.160  0.4861E+00  0.8154E+01
   7.170  0.5028E+00  0.8159E+01
   7.180  0.5177E+00  0.8164E+01
   7.190  0.5297E+00  0.8170E+01
   7.200  0.5384E+00  0.8175E+01
   7.210  0.5437E+00  0.8180E+01
   7.220  0.5461E+00  0.8186E+01
   7.230  0.5459E+00  0.8191E+01
   7.240  0.5439E+00  0.8197E+01
   7.250  0.5406E+00  0.8202E+01
   7.260  0.5365E+00  0.8207E+01
   7.270  0.5321E+00  0.8213E+01
   7.280  0.5278E+00  0.8218E+01
   7.290  0.5239E+00  0.8223E+01
   7.300  0.5207E+00  0.8229E+01
   7.310  0.5184E+00  0.8234E+01
   7.320  0.5170E+00  0.8239E+01
   7.330  0.5167E+00  0.8244E+01
   7.340  0.5176E+00  0.8249E+01
   7.350  0.5197E+00  0.8254E+01
   7.360  0.5234E+00  0.8260E+01
   7.370  0.5289E+00  0.8265E+01
   7.380  0.5365E+00  0.8270E+01
   7.390  0.5464E+00  0.8276E+01
   7.400  0.5585E+00  0.8281E+01
   7.410  0.5723E+00  0.8287E+01
   7.420  0.5870E+00  0.8293E+01
   7.430  0.6020E+00  0.8299E+01
   7.440  0.6163E+00  0.8305E+01
   7.450  0.6297E+00  0.8311E+01
   7.460  0.6421E+00  0.8318E+01
   7.470  0.6539E+00  0.8324E+01
   7.480  0.6659E+00  0.8331E+01
   7.490  0.6787E+00  0.8338E+01
   7.500  0.6929E+00  0.8345E+01
   7.510  0.7084E+00  0.8352E+01
   7.520  0.7251E+00  0.8359E+01
   7.530  0.7419E+00  0.8367E+01
   7.540  0.7581E+00  0.8374E+01
   7.550  0.7727E+00  0.8382E+01
   7.560  0.7853E+00  0.8390E+01
   7.570  0.7956E+00  0.8398E+01
   7.580  0.8039E+00  0.8406E+01
   7.590  0.8108E+00  0.8414E+01
   7.600  0.8170E+00  0.8422E+01
   7.610  0.8228E+00  0.8430E+01
   7.620  0.8286E+00  0.8438E+01
   7.630  0.8345E+00  0.8447E+01
   7.640  0.8403E+00  0.8455E+01
   7.650  0.8458E+00  0.8464E+01
   7.660  0.8509E+00  0.8472E+01
   7.670  0.8557E+00  0.8481E+01
   7.680  0.8605E+00  0.8489E+01
   7.690  0.8658E+00  0.8498E+01
   7.700  0.8719E+00  0.8507E+01
   7.710  0.8791E+00  0.8516E+01
   7.720  0.8877E+00  0.8524E+01
   7.730  0.8977E+00  0.8533E+01
   7.740  0.9089E+00  0.8542E+01
   7.750  0.9214E+00  0.8552E+01
   7.760  0.9350E+00  0.8561E+01
   7.770  0.9494E+00  0.8571E+01
   7.780  0.9642E+00  0.8580E+01
   7.790  0.9788E+00  0.8590E+01
   7.800  0.9920E+00  0.8600E+01
   7.810  0.1003E+01  0.8610E+01
   7.820  0.1010E+01  0.8620E+01
   7.830  0.1013E+01  0.8630E+01
   7.840  0.1012E+01  0.8640E+01
   7.850  0.1007E+01  0.8650E+01
   7.860  0.9992E+00  0.8660E+01
   7.870  0.9908E+00  0.8670E+01
   7.880  0.9835E+00  0.8680E+01
   7.890  0.9789E+00  0.8690E+01
   7.900  0.9784E+00  0.8700E+01
   7.910  0.9826E+00  0.8709E+01
   7.920  0.9919E+00  0.8719E+01
   7.930  0.1006E+01  0.8729E+01
   7.940  0.1026E+01  0.8740E+01
   7.950  0.1050E+01  0.8750E+01
   7.960  0.1079E+01  0.8761E+01
   7.970  0.1112E+01  0.8772E+01
   7.980  0.1149E+01  0.8784E+01
   7.990  0.1188E+01  0.8795E+01
   8.000  0.1230E+01  0.8808E+01
   8.010  0.1271E+01  0.8820E+01
   8.020  0.1312E+01  0.8834E+01
   8.030  0.1350E+01  0.8847E+01
   8.040  0.1385E+01  0.8861E+01
   8.050  0.1416E+01  0.8875E+01
   8.060  0.1442E+01  0.8890E+01
   8.070  0.1463E+01  0.8904E+01
   8.080  0.1481E+01  0.8919E+01
   8.090  0.1495E+01  0.8934E+01
   8.100  0.1508E+01  0.8949E+01
   8.110  0.1519E+01  0.8964E+01
   8.120  0.1531E+01  0.8980E+01
   8.130  0.1544E+01  0.8995E+01
   8.140  0.1556E+01  0.9011E+01
   8.150  0.1568E+01  0.9026E+01
   8.160  0.1578E+01  0.9042E+01
   8.170  0.1585E+01  0.9058E+01
   8.180  0.1587E+01  0.9074E+01
   8.190  0.1585E+01  0.9090E+01
   8.200  0.1580E+01  0.9105E+01
   8.210  0.1574E+01  0.9121E+01
   8.220  0.1569E+01  0.9137E+01
   8.230  0.1566E+01  0.9152E+01
   8.240  0.1569E+01  0.9168E+01
   8.250  0.1577E+01  0.9184E+01
   8.260  0.1591E+01  0.9200E+01
   8.270  0.1608E+01  0.9216E+01
   8.280  0.1625E+01  0.9232E+01
   8.290  0.1641E+01  0.9249E+01
   8.300  0.1651E+01  0.9265E+01
   8.310  0.1654E+01  0.9282E+01
   8.320  0.1650E+01  0.9298E+01
   8.330  0.1637E+01  0.9314E+01
   8.340  0.1620E+01  0.9331E+01
   8.350  0.1599E+01  0.9347E+01
   8.360  0.1578E+01  0.9362E+01
   8.370  0.1560E+01  0.9378E+01
   8.380  0.1546E+01  0.9393E+01
   8.390  0.1536E+01  0.9409E+01
   8.400  0.1529E+01  0.9424E+01
   8.410  0.1525E+01  0.9439E+01
   8.420  0.1521E+01  0.9455E+01
   8.430  0.1516E+01  0.9470E+01
   8.440  0.1508E+01  0.9485E+01
   8.450  0.1498E+01  0.9500E+01
   8.460  0.1486E+01  0.9515E+01
   8.470  0.1472E+01  0.9529E+01
   8.480  0.1459E+01  0.9544E+01
   8.490  0.1445E+01  0.9558E+01
   8.500  0.1432E+01  0.9573E+01
   8.510  0.1418E+01  0.9587E+01
   8.520  0.1404E+01  0.9601E+01
   8.530  0.1388E+01  0.9615E+01
   8.540  0.1370E+01  0.9629E+01
   8.550  0.1352E+01  0.9642E+01
   8.560  0.1334E+01  0.9655E+01
   8.570  0.1318E+01  0.9669E+01
   8.580  0.1306E+01  0.9682E+01
   8.590  0.1299E+01  0.9695E+01
   8.600  0.1299E+01  0.9708E+01
   8.610  0.1305E+01  0.9721E+01
   8.620  0.1315E+01  0.9734E+01
   8.630  0.1328E+01  0.9747E+01
   8.640  0.1342E+01  0.9760E+01
   8.650  0.1353E+01  0.9774E+01
   8.660  0.1359E+01  0.9788E+01
   8.670  0.1359E+01  0.9801E+01
   8.680  0.1352E+01  0.9815E+01
   8.690  0.1339E+01  0.9828E+01
   8.700  0.1320E+01  0.9841E+01
   8.710  0.1298E+01  0.9854E+01
   8.720  0.1275E+01  0.9867E+01
   8.730  0.1253E+01  0.9880E+01
   8.740  0.1233E+01  0.9892E+01
   8.750  0.1216E+01  0.9904E+01
   8.760  0.1204E+01  0.9916E+01
   8.770  0.1196E+01  0.9928E+01
   8.780  0.1191E+01  0.9940E+01
   8.790  0.1187E+01  0.9952E+01
   8.800  0.1183E+01  0.9964E+01
   8.810  0.1176E+01  0.9975E+01
   8.820  0.1165E+01  0.9987E+01
   8.830  0.1150E+01  0.9999E+01
   8.840  0.1130E+01  0.1001E+02
   8.850  0.1106E+01  0.1002E+02
   8.860  0.1081E+01  0.1003E+02
   8.870  0.1056E+01  0.1004E+02
   8.880  0.1034E+01  0.1005E+02
   8.890  0.1018E+01  0.1006E+02
   8.900  0.1010E+01  0.1007E+02
   8.910  0.1009E+01  0.1008E+02
   8.920  0.1014E+01  0.1009E+02
   8.930  0.1024E+01  0.1010E+02
   8.940  0.1036E+01  0.1011E+02
   8.950  0.1046E+01  0.1012E+02
   8.960  0.1052E+01  0.1013E+02
   8.970  0.1053E+01  0.1015E+02
   8.980  0.1048E+01  0.1016E+02
   8.990  0.1038E+01  0.1017E+02
   9.000  0.1023E+01  0.1018E+02
   9.010  0.1007E+01  0.1019E+02
   9.020  0.9909E+00  0.1020E+02
   9.030  0.9775E+00  0.1021E+02
   9.040  0.9686E+00  0.1022E+02
   9.050  0.9657E+00  0.1023E+02
   9.060  0.9695E+00  0.1024E+02
   9.070  0.9807E+00  0.1024E+02
   9.080  0.9991E+00  0.1025E+02
   9.090  0.1025E+01  0.1027E+02
   9.100  0.1057E+01  0.1028E+02
   9.110  0.1094E+01  0.1029E+02
   9.120  0.1138E+01  0.1030E+02
   9.130  0.1186E+01  0.1031E+02
   9.140  0.1238E+01  0.1032E+02
   9.150  0.1295E+01  0.1034E+02
   9.160  0.1357E+01  0.1035E+02
   9.170  0.1423E+01  0.1036E+02
   9.180  0.1497E+01  0.1038E+02
   9.190  0.1578E+01  0.1039E+02
   9.200  0.1668E+01  0.1041E+02
   9.210  0.1766E+01  0.1043E+02
   9.220  0.1872E+01  0.1045E+02
   9.230  0.1984E+01  0.1047E+02
   9.240  0.2097E+01  0.1049E+02
   9.250  0.2207E+01  0.1051E+02
   9.260  0.2309E+01  0.1053E+02
   9.270  0.2397E+01  0.1056E+02
   9.280  0.2469E+01  0.1058E+02
   9.290  0.2520E+01  0.1061E+02
   9.300  0.2547E+01  0.1063E+02
   9.310  0.2552E+01  0.1066E+02
   9.320  0.2532E+01  0.1068E+02
   9.330  0.2491E+01  0.1071E+02
   9.340  0.2431E+01  0.1073E+02
   9.350  0.2355E+01  0.1076E+02
   9.360  0.2269E+01  0.1078E+02
   9.370  0.2178E+01  0.1080E+02
   9.380  0.2087E+01  0.1082E+02
   9.390  0.2002E+01  0.1084E+02
   9.400  0.1928E+01  0.1086E+02
   9.410  0.1866E+01  0.1088E+02
   9.420  0.1819E+01  0.1090E+02
   9.430  0.1786E+01  0.1092E+02
   9.440  0.1766E+01  0.1093E+02
   9.450  0.1754E+01  0.1095E+02
   9.460  0.1749E+01  0.1097E+02
   9.470  0.1746E+01  0.1099E+02
   9.480  0.1744E+01  0.1100E+02
   9.490  0.1742E+01  0.1102E+02
   9.500  0.1739E+01  0.1104E+02
   9.510  0.1735E+01  0.1105E+02
   9.520  0.1733E+01  0.1107E+02
   9.530  0.1732E+01  0.1109E+02
   9.540  0.1734E+01  0.1111E+02
   9.550  0.1738E+01  0.1112E+02
   9.560  0.1745E+01  0.1114E+02
   9.570  0.1751E+01  0.1116E+02
   9.580  0.1756E+01  0.1118E+02
   9.590  0.1756E+01  0.1119E+02
   9.600  0.1751E+01  0.1121E+02
   9.610  0.1739E+01  0.1123E+02
   9.620  0.1721E+01  0.1125E+02
   9.630  0.1698E+01  0.1126E+02
   9.640  0.1673E+01  0.1128E+02
   9.650  0.1648E+01  0.1130E+02
   9.660  0.1624E+01  0.1131E+02
   9.670  0.1604E+01  0.1133E+02
   9.680  0.1587E+01  0.1134E+02
   9.690  0.1573E+01  0.1136E+02
   9.700  0.1562E+01  0.1138E+02
   9.710  0.1552E+01  0.1139E+02
   9.720  0.1544E+01  0.1141E+02
   9.730  0.1537E+01  0.1142E+02
   9.740  0.1531E+01  0.1144E+02
   9.750  0.1528E+01  0.1145E+02
   9.760  0.1527E+01  0.1147E+02
   9.770  0.1530E+01  0.1148E+02
   9.780  0.1536E+01  0.1150E+02
   9.790  0.1546E+01  0.1151E+02
   9.800  0.1559E+01  0.1153E+02
   9.810  0.1573E+01  0.1155E+02
   9.820  0.1587E+01  0.1156E+02
   9.830  0.1599E+01  0.1158E+02
   9.840  0.1609E+01  0.1159E+02
   9.850  0.1613E+01  0.1161E+02
   9.860  0.1611E+01  0.1163E+02
   9.870  0.1602E+01  0.1164E+02
   9.880  0.1588E+01  0.1166E+02
   9.890  0.1568E+01  0.1167E+02
   9.900  0.1546E+01  0.1169E+02
   9.910  0.1523E+01  0.1170E+02
   9.920  0.1503E+01  0.1172E+02
   9.930  0.1489E+01  0.1173E+02
   9.940  0.1481E+01  0.1175E+02
   9.950  0.1480E+01  0.1176E+02
   9.960  0.1486E+01  0.1178E+02
   9.970  0.1497E+01  0.1179E+02
   9.980  0.1511E+01  0.1181E+02
   9.990  0.1524E+01  0.1182E+02
  10.000  0.1534E+01  0.1184E+02
  10.010  0.1538E+01  0.1185E+02
  10.020  0.1533E+01  0.1187E+02
  10.030  0.1518E+01  0.1189E+02
  10.040  0.1492E+01  0.1190E+02
  10.050  0.1456E+01  0.1191E+02
  10.060  0.1411E+01  0.1193E+02
  10.070  0.1360E+01  0.1194E+02
  10.080  0.1305E+01  0.1196E+02
  10.090  0.1250E+01  0.1197E+02
  10.100  0.1199E+01  0.1198E+02
  10.110  0.1153E+01  0.1199E+02
  10.120  0.1115E+01  0.1200E+02
  10.130  0.1086E+01  0.1201E+02
  10.140  0.1064E+01  0.1202E+02
  10.150  0.1050E+01  0.1203E+02
  10.160  0.1041E+01  0.1204E+02
  10.170  0.1036E+01  0.1206E+02
  10.180  0.1033E+01  0.1207E+02
  10.190  0.1031E+01  0.1208E+02
  10.200  0.1028E+01  0.1209E+02
  10.210  0.1026E+01  0.1210E+02
  10.220  0.1024E+01  0.1211E+02
  10.230  0.1022E+01  0.1212E+02
  10.240  0.1021E+01  0.1213E+02
  10.250  0.1020E+01  0.1214E+02
  10.260  0.1020E+01  0.1215E+02
  10.270  0.1022E+01  0.1216E+02
  10.280  0.1025E+01  0.1217E+02
  10.290  0.1028E+01  0.1218E+02
  10.300  0.1032E+01  0.1219E+02
  10.310  0.1036E+01  0.1220E+02
  10.320  0.1040E+01  0.1221E+02
  10.330  0.1045E+01  0.1222E+02
  10.340  0.1051E+01  0.1223E+02
  10.350  0.1060E+01  0.1224E+02
  10.360  0.1074E+01  0.1225E+02
  10.370  0.1095E+01  0.1226E+02
  10.380  0.1127E+01  0.1227E+02
  10.390  0.1170E+01  0.1229E+02
  10.400  0.1226E+01  0.1230E+02
  10.410  0.1293E+01  0.1231E+02
  10.420  0.1368E+01  0.1232E+02
  10.430  0.1447E+01  0.1234E+02
  10.440  0.1526E+01  0.1235E+02
  10.450  0.1599E+01  0.1237E+02
  10.460  0.1662E+01  0.1239E+02
  10.470  0.1710E+01  0.1240E+02
  10.480  0.1742E+01  0.1242E+02
  10.490  0.1757E+01  0.1244E+02
  10.500  0.1755E+01  0.1246E+02
  10.510  0.1738E+01  0.1247E+02
  10.520  0.1708E+01  0.1249E+02
  10.530  0.1668E+01  0.1251E+02
  10.540  0.1622E+01  0.1252E+02
  10.550  0.1573E+01  0.1254E+02
  10.560  0.1525E+01  0.1255E+02
  10.570  0.1479E+01  0.1257E+02
  10.580  0.1437E+01  0.1258E+02
  10.590  0.1402E+01  0.1260E+02
  10.600  0.1374E+01  0.1261E+02
  10.610  0.1351E+01  0.1263E+02
  10.620  0.1334E+01  0.1264E+02
  10.630  0.1320E+01  0.1265E+02
  10.640  0.1308E+01  0.1266E+02
  10.650  0.1297E+01  0.1268E+02
  10.660  0.1285E+01  0.1269E+02
  10.670  0.1270E+01  0.1270E+02
  10.680  0.1252E+01  0.1272E+02
  10.690  0.1230E+01  0.1273E+02
  10.700  0.1204E+01  0.1274E+02
  10.710  0.1176E+01  0.1275E+02
  10.720  0.1145E+01  0.1276E+02
  10.730  0.1114E+01  0.1277E+02
  10.740  0.1084E+01  0.1279E+02
  10.750  0.1056E+01  0.1280E+02
  10.760  0.1031E+01  0.1281E+02
  10.770  0.1011E+01  0.1282E+02
  10.780  0.9972E+00  0.1283E+02
  10.790  0.9907E+00  0.1284E+02
  10.800  0.9924E+00  0.1285E+02
  10.810  0.1003E+01  0.1286E+02
  10.820  0.1023E+01  0.1287E+02
  10.830  0.1053E+01  0.1288E+02
  10.840  0.1091E+01  0.1289E+02
  10.850  0.1135E+01  0.1290E+02
  10.860  0.1184E+01  0.1291E+02
  10.870  0.1235E+01  0.1292E+02
  10.880  0.1284E+01  0.1294E+02
  10.890  0.1329E+01  0.1295E+02
  10.900  0.1368E+01  0.1296E+02
  10.910  0.1398E+01  0.1298E+02
  10.920  0.1420E+01  0.1299E+02
  10.930  0.1434E+01  0.1301E+02
  10.940  0.1441E+01  0.1302E+02
  10.950  0.1440E+01  0.1303E+02
  10.960  0.1435E+01  0.1305E+02
  10.970  0.1426E+01  0.1306E+02
  10.980  0.1414E+01  0.1308E+02
  10.990  0.1399E+01  0.1309E+02
  11.000  0.1383E+01  0.1311E+02
  11.010  0.1366E+01  0.1312E+02
  11.020  0.1348E+01  0.1313E+02
  11.030  0.1332E+01  0.1315E+02
  11.040  0.1317E+01  0.1316E+02
  11.050  0.1303E+01  0.1317E+02
  11.060  0.1290E+01  0.1318E+02
  11.070  0.1279E+01  0.1320E+02
  11.080  0.1268E+01  0.1321E+02
  11.090  0.1257E+01  0.1322E+02
  11.100  0.1247E+01  0.1324E+02
  11.110  0.1237E+01  0.1325E+02
  11.120  0.1229E+01  0.1326E+02
  11.130  0.1222E+01  0.1327E+02
  11.140  0.1217E+01  0.1328E+02
  11.150  0.1213E+01  0.1330E+02
  11.160  0.1210E+01  0.1331E+02
  11.170  0.1205E+01  0.1332E+02
  11.180  0.1197E+01  0.1333E+02
  11.190  0.1184E+01  0.1334E+02
  11.200  0.1165E+01  0.1336E+02
  11.210  0.1139E+01  0.1337E+02
  11.220  0.1109E+01  0.1338E+02
  11.230  0.1077E+01  0.1339E+02
  11.240  0.1046E+01  0.1340E+02
  11.250  0.1020E+01  0.1341E+02
  11.260  0.1003E+01  0.1342E+02
  11.270  0.9959E+00  0.1343E+02
  11.280  0.1000E+01  0.1344E+02
  11.290  0.1015E+01  0.1345E+02
  11.300  0.1038E+01  0.1346E+02
  11.310  0.1066E+01  0.1347E+02
  11.320  0.1096E+01  0.1348E+02
  11.330  0.1124E+01  0.1349E+02
  11.340  0.1147E+01  0.1350E+02
  11.350  0.1164E+01  0.1352E+02
  11.360  0.1174E+01  0.1353E+02
  11.370  0.1177E+01  0.1354E+02
  11.380  0.1174E+01  0.1355E+02
  11.390  0.1168E+01  0.1356E+02
  11.400  0.1159E+01  0.1357E+02
  11.410  0.1151E+01  0.1359E+02
  11.420  0.1144E+01  0.1360E+02
  11.430  0.1139E+01  0.1361E+02
  11.440  0.1136E+01  0.1362E+02
  11.450  0.1136E+01  0.1363E+02
  11.460  0.1139E+01  0.1364E+02
  11.470  0.1144E+01  0.1365E+02
  11.480  0.1153E+01  0.1367E+02
  11.490  0.1165E+01  0.1368E+02
  11.500  0.1182E+01  0.1369E+02
  11.510  0.1203E+01  0.1370E+02
  11.520  0.1229E+01  0.1371E+02
  11.530  0.1258E+01  0.1373E+02
  11.540  0.1287E+01  0.1374E+02
  11.550  0.1316E+01  0.1375E+02
  11.560  0.1340E+01  0.1377E+02
  11.570  0.1358E+01  0.1378E+02
  11.580  0.1365E+01  0.1379E+02
  11.590  0.1362E+01  0.1381E+02
  11.600  0.1348E+01  0.1382E+02
  11.610  0.1324E+01  0.1383E+02
  11.620  0.1293E+01  0.1385E+02
  11.630  0.1258E+01  0.1386E+02
  11.640  0.1223E+01  0.1387E+02
  11.650  0.1191E+01  0.1388E+02
  11.660  0.1165E+01  0.1390E+02
  11.670  0.1145E+01  0.1391E+02
  11.680  0.1133E+01  0.1392E+02
  11.690  0.1126E+01  0.1393E+02
  11.700  0.1122E+01  0.1394E+02
  11.710  0.1119E+01  0.1395E+02
  11.720  0.1115E+01  0.1396E+02
  11.730  0.1108E+01  0.1397E+02
  11.740  0.1098E+01  0.1398E+02
  11.750  0.1083E+01  0.1400E+02
  11.760  0.1065E+01  0.1401E+02
  11.770  0.1043E+01  0.1402E+02
  11.780  0.1020E+01  0.1403E+02
  11.790  0.9947E+00  0.1404E+02
  11.800  0.9687E+00  0.1405E+02
  11.810  0.9424E+00  0.1406E+02
  11.820  0.9164E+00  0.1407E+02
  11.830  0.8912E+00  0.1407E+02
  11.840  0.8679E+00  0.1408E+02
  11.850  0.8474E+00  0.1409E+02
  11.860  0.8308E+00  0.1410E+02
  11.870  0.8194E+00  0.1411E+02
  11.880  0.8138E+00  0.1412E+02
  11.890  0.8148E+00  0.1412E+02
  11.900  0.8222E+00  0.1413E+02
  11.910  0.8356E+00  0.1414E+02
  11.920  0.8542E+00  0.1415E+02
  11.930  0.8765E+00  0.1416E+02
  11.940  0.9009E+00  0.1417E+02
  11.950  0.9255E+00  0.1418E+02
  11.960  0.9484E+00  0.1419E+02
  11.970  0.9680E+00  0.1420E+02
  11.980  0.9828E+00  0.1421E+02
  11.990  0.9921E+00  0.1421E+02
  12.000  0.9958E+00  0.1422E+02
  12.010  0.9949E+00  0.1423E+02
  12.020  0.9912E+00  0.1424E+02
  12.030  0.9871E+00  0.1425E+02
  12.040  0.9856E+00  0.1426E+02
  12.050  0.9893E+00  0.1427E+02
  12.060  0.1001E+01  0.1428E+02
  12.070  0.1021E+01  0.1429E+02
  12.080  0.1050E+01  0.1431E+02
  12.090  0.1087E+01  0.1432E+02
  12.100  0.1131E+01  0.1433E+02
  12.110  0.1178E+01  0.1434E+02
  12.120  0.1225E+01  0.1435E+02
  12.130  0.1269E+01  0.1436E+02
  12.140  0.1307E+01  0.1438E+02
  12.150  0.1337E+01  0.1439E+02
  12.160  0.1355E+01  0.1440E+02
  12.170  0.1362E+01  0.1442E+02
  12.180  0.1355E+01  0.1443E+02
  12.190  0.1337E+01  0.1444E+02
  12.200  0.1307E+01  0.1446E+02
  12.210  0.1268E+01  0.1447E+02
  12.220  0.1223E+01  0.1448E+02
  12.230  0.1173E+01  0.1449E+02
  12.240  0.1122E+01  0.1451E+02
  12.250  0.1073E+01  0.1452E+02
  12.260  0.1027E+01  0.1453E+02
  12.270  0.9857E+00  0.1454E+02
  12.280  0.9503E+00  0.1455E+02
  12.290  0.9210E+00  0.1456E+02
  12.300  0.8976E+00  0.1456E+02
  12.310  0.8792E+00  0.1457E+02
  12.320  0.8647E+00  0.1458E+02
  12.330  0.8525E+00  0.1459E+02
  12.340  0.8416E+00  0.1460E+02
  12.350  0.8308E+00  0.1461E+02
  12.360  0.8197E+00  0.1461E+02
  12.370  0.8082E+00  0.1462E+02
  12.380  0.7968E+00  0.1463E+02
  12.390  0.7860E+00  0.1464E+02
  12.400  0.7763E+00  0.1465E+02
  12.410  0.7684E+00  0.1465E+02
  12.420  0.7625E+00  0.1466E+02
  12.430  0.7586E+00  0.1467E+02
  12.440  0.7568E+00  0.1468E+02
  12.450  0.7570E+00  0.1468E+02
  12.460  0.7592E+00  0.1469E+02
  12.470  0.7636E+00  0.1470E+02
  12.480  0.7700E+00  0.1471E+02
  12.490  0.7783E+00  0.1472E+02
  12.500  0.7879E+00  0.1472E+02
  12.510  0.7979E+00  0.1473E+02
  12.520  0.8072E+00  0.1474E+02
  12.530  0.8145E+00  0.1475E+02
  12.540  0.8187E+00  0.1476E+02
  12.550  0.8190E+00  0.1476E+02
  12.560  0.8150E+00  0.1477E+02
  12.570  0.8073E+00  0.1478E+02
  12.580  0.7967E+00  0.1479E+02
  12.590  0.7849E+00  0.1480E+02
  12.600  0.7738E+00  0.1480E+02
  12.610  0.7656E+00  0.1481E+02
  12.620  0.7623E+00  0.1482E+02
  12.630  0.7656E+00  0.1483E+02
  12.640  0.7763E+00  0.1483E+02
  12.650  0.7948E+00  0.1484E+02
  12.660  0.8204E+00  0.1485E+02
  12.670  0.8516E+00  0.1486E+02
  12.680  0.8866E+00  0.1487E+02
  12.690  0.9234E+00  0.1488E+02
  12.700  0.9602E+00  0.1489E+02
  12.710  0.9956E+00  0.1490E+02
  12.720  0.1029E+01  0.1491E+02
  12.730  0.1060E+01  0.1492E+02
  12.740  0.1088E+01  0.1493E+02
  12.750  0.1114E+01  0.1494E+02
  12.760  0.1138E+01  0.1495E+02
  12.770  0.1157E+01  0.1496E+02
  12.780  0.1173E+01  0.1497E+02
  12.790  0.1182E+01  0.1499E+02
  12.800  0.1184E+01  0.1500E+02
  12.810  0.1178E+01  0.1501E+02
  12.820  0.1163E+01  0.1502E+02
  12.830  0.1141E+01  0.1503E+02
  12.840  0.1112E+01  0.1504E+02
  12.850  0.1079E+01  0.1505E+02
  12.860  0.1042E+01  0.1506E+02
  12.870  0.1003E+01  0.1508E+02
  12.880  0.9631E+00  0.1508E+02
  12.890  0.9232E+00  0.1509E+02
  12.900  0.8838E+00  0.1510E+02
  12.910  0.8451E+00  0.1511E+02
  12.920  0.8073E+00  0.1512E+02
  12.930  0.7705E+00  0.1513E+02
  12.940  0.7347E+00  0.1513E+02
  12.950  0.6999E+00  0.1514E+02
  12.960  0.6661E+00  0.1515E+02
  12.970  0.6337E+00  0.1515E+02
  12.980  0.6033E+00  0.1516E+02
  12.990  0.5758E+00  0.1517E+02
  13.000  0.5526E+00  0.1517E+02
  13.010  0.5347E+00  0.1518E+02
  13.020  0.5233E+00  0.1518E+02
  13.030  0.5189E+00  0.1519E+02
  13.040  0.5212E+00  0.1519E+02
  13.050  0.5294E+00  0.1520E+02
  13.060  0.5420E+00  0.1520E+02
  13.070  0.5572E+00  0.1521E+02
  13.080  0.5728E+00  0.1521E+02
  13.090  0.5871E+00  0.1522E+02
  13.100  0.5985E+00  0.1523E+02
  13.110  0.6060E+00  0.1523E+02
  13.120  0.6090E+00  0.1524E+02
  13.130  0.6075E+00  0.1524E+02
  13.140  0.6017E+00  0.1525E+02
  13.150  0.5923E+00  0.1526E+02
  13.160  0.5803E+00  0.1526E+02
  13.170  0.5667E+00  0.1527E+02
  13.180  0.5527E+00  0.1527E+02
  13.190  0.5396E+00  0.1528E+02
  13.200  0.5283E+00  0.1528E+02
  13.210  0.5199E+00  0.1529E+02
  13.220  0.5149E+00  0.1529E+02
  13.230  0.5139E+00  0.1530E+02
  13.240  0.5169E+00  0.1530E+02
  13.250  0.5238E+00  0.1531E+02
  13.260  0.5343E+00  0.1532E+02
  13.270  0.5478E+00  0.1532E+02
  13.280  0.5636E+00  0.1533E+02
  13.290  0.5812E+00  0.1533E+02
  13.300  0.6000E+00  0.1534E+02
  13.310  0.6194E+00  0.1534E+02
  13.320  0.6392E+00  0.1535E+02
  13.330  0.6592E+00  0.1536E+02
  13.340  0.6791E+00  0.1536E+02
  13.350  0.6988E+00  0.1537E+02
  13.360  0.7183E+00  0.1538E+02
  13.370  0.7374E+00  0.1539E+02
  13.380  0.7560E+00  0.1539E+02
  13.390  0.7740E+00  0.1540E+02
  13.400  0.7909E+00  0.1541E+02
  13.410  0.8062E+00  0.1542E+02
  13.420  0.8187E+00  0.1543E+02
  13.430  0.8272E+00  0.1543E+02
  13.440  0.8303E+00  0.1544E+02
  13.450  0.8263E+00  0.1545E+02
  13.460  0.8142E+00  0.1546E+02
  13.470  0.7933E+00  0.1547E+02
  13.480  0.7639E+00  0.1547E+02
  13.490  0.7268E+00  0.1548E+02
  13.500  0.6839E+00  0.1549E+02
  13.510  0.6375E+00  0.1549E+02
  13.520  0.5901E+00  0.1550E+02
  13.530  0.5444E+00  0.1551E+02
  13.540  0.5024E+00  0.1551E+02
  13.550  0.4661E+00  0.1552E+02
  13.560  0.4366E+00  0.1552E+02
  13.570  0.4144E+00  0.1552E+02
  13.580  0.3995E+00  0.1553E+02
  13.590  0.3912E+00  0.1553E+02
  13.600  0.3885E+00  0.1554E+02
  13.610  0.3901E+00  0.1554E+02
  13.620  0.3949E+00  0.1554E+02
  13.630  0.4017E+00  0.1555E+02
  13.640  0.4099E+00  0.1555E+02
  13.650  0.4194E+00  0.1556E+02
  13.660  0.4302E+00  0.1556E+02
  13.670  0.4426E+00  0.1556E+02
  13.680  0.4569E+00  0.1557E+02
  13.690  0.4730E+00  0.1557E+02
  13.700  0.4906E+00  0.1558E+02
  13.710  0.5090E+00  0.1558E+02
  13.720  0.5272E+00  0.1559E+02
  13.730  0.5441E+00  0.1559E+02
  13.740  0.5585E+00  0.1560E+02
  13.750  0.5693E+00  0.1561E+02
  13.760  0.5759E+00  0.1561E+02
  13.770  0.5778E+00  0.1562E+02
  13.780  0.5751E+00  0.1562E+02
  13.790  0.5684E+00  0.1563E+02
  13.800  0.5587E+00  0.1563E+02
  13.810  0.5471E+00  0.1564E+02
  13.820  0.5352E+00  0.1565E+02
  13.830  0.5241E+00  0.1565E+02
  13.840  0.5147E+00  0.1566E+02
  13.850  0.5074E+00  0.1566E+02
  13.860  0.5021E+00  0.1567E+02
  13.870  0.4983E+00  0.1567E+02
  13.880  0.4957E+00  0.1568E+02
  13.890  0.4937E+00  0.1568E+02
  13.900  0.4923E+00  0.1569E+02
  13.910  0.4919E+00  0.1569E+02
  13.920  0.4931E+00  0.1570E+02
  13.930  0.4967E+00  0.1570E+02
  13.940  0.5032E+00  0.1571E+02
  13.950  0.5129E+00  0.1571E+02
  13.960  0.5255E+00  0.1572E+02
  13.970  0.5402E+00  0.1572E+02
  13.980  0.5560E+00  0.1573E+02
  13.990  0.5719E+00  0.1573E+02
  14.000  0.5868E+00  0.1574E+02
  14.010  0.6000E+00  0.1574E+02
  14.020  0.6109E+00  0.1575E+02
  14.030  0.6190E+00  0.1576E+02
  14.040  0.6237E+00  0.1576E+02
  14.050  0.6241E+00  0.1577E+02
  14.060  0.6190E+00  0.1578E+02
  14.070  0.6073E+00  0.1578E+02
  14.080  0.5878E+00  0.1579E+02
  14.090  0.5599E+00  0.1579E+02
  14.100  0.5237E+00  0.1580E+02
  14.110  0.4804E+00  0.1580E+02
  14.120  0.4316E+00  0.1581E+02
  14.130  0.3800E+00  0.1581E+02
  14.140  0.3280E+00  0.1581E+02
  14.150  0.2783E+00  0.1582E+02
  14.160  0.2330E+00  0.1582E+02
  14.170  0.1935E+00  0.1582E+02
  14.180  0.1610E+00  0.1582E+02
  14.190  0.1358E+00  0.1582E+02
  14.200  0.1179E+00  0.1583E+02
  14.210  0.1069E+00  0.1583E+02
  14.220  0.1020E+00  0.1583E+02
  14.230  0.1021E+00  0.1583E+02
  14.240  0.1062E+00  0.1583E+02
  14.250  0.1128E+00  0.1583E+02
  14.260  0.1206E+00  0.1583E+02
  14.270  0.1283E+00  0.1583E+02
  14.280  0.1349E+00  0.1583E+02
  14.290  0.1398E+00  0.1584E+02
  14.300  0.1425E+00  0.1584E+02
  14.310  0.1433E+00  0.1584E+02
  14.320  0.1422E+00  0.1584E+02
  14.330  0.1398E+00  0.1584E+02
  14.340  0.1364E+00  0.1584E+02
  14.350  0.1324E+00  0.1584E+02
  14.360  0.1280E+00  0.1585E+02
  14.370  0.1232E+00  0.1585E+02
  14.380  0.1184E+00  0.1585E+02
  14.390  0.1138E+00  0.1585E+02
  14.400  0.1098E+00  0.1585E+02
  14.410  0.1072E+00  0.1585E+02
  14.420  0.1063E+00  0.1585E+02
  14.430  0.1075E+00  0.1585E+02
  14.440  0.1112E+00  0.1585E+02
  14.450  0.1169E+00  0.1586E+02
  14.460  0.1244E+00  0.1586E+02
  14.470  0.1331E+00  0.1586E+02
  14.480  0.1425E+00  0.1586E+02
  14.490  0.1525E+00  0.1586E+02
  14.500  0.1631E+00  0.1586E+02
  14.510  0.1750E+00  0.1586E+02
  14.520  0.1885E+00  0.1587E+02
  14.530  0.2042E+00  0.1587E+02
  14.540  0.2223E+00  0.1587E+02
  14.550  0.2424E+00  0.1587E+02
  14.560  0.2635E+00  0.1588E+02
  14.570  0.2843E+00  0.1588E+02
  14.580  0.3033E+00  0.1588E+02
  14.590  0.3190E+00  0.1589E+02
  14.600  0.3305E+00  0.1589E+02
  14.610  0.3373E+00  0.1589E+02
  14.620  0.3395E+00  0.1590E+02
  14.630  0.3376E+00  0.1590E+02
  14.640  0.3322E+00  0.1590E+02
  14.650  0.3238E+00  0.1591E+02
  14.660  0.3126E+00  0.1591E+02
  14.670  0.2985E+00  0.1591E+02
  14.680  0.2814E+00  0.1591E+02
  14.690  0.2612E+00  0.1592E+02
  14.700  0.2382E+00  0.1592E+02
  14.710  0.2130E+00  0.1592E+02
  14.720  0.1868E+00  0.1592E+02
  14.730  0.1608E+00  0.1592E+02
  14.740  0.1364E+00  0.1593E+02
  14.750  0.1148E+00  0.1593E+02
  14.760  0.9659E-01  0.1593E+02
  14.770  0.8193E-01  0.1593E+02
  14.780  0.7060E-01  0.1593E+02
  14.790  0.6207E-01  0.1593E+02
  14.800  0.5575E-01  0.1593E+02
  14.810  0.5109E-01  0.1593E+02
  14.820  0.4773E-01  0.1593E+02
  14.830  0.4548E-01  0.1593E+02
  14.840  0.4434E-01  0.1593E+02
  14.850  0.4432E-01  0.1593E+02
  14.860  0.4547E-01  0.1593E+02
  14.870  0.4773E-01  0.1593E+02
  14.880  0.5098E-01  0.1593E+02
  14.890  0.5503E-01  0.1594E+02
  14.900  0.5970E-01  0.1594E+02
  14.910  0.6484E-01  0.1594E+02
  14.920  0.7036E-01  0.1594E+02
  14.930  0.7619E-01  0.1594E+02
  14.940  0.8227E-01  0.1594E+02
  14.950  0.8848E-01  0.1594E+02
  14.960  0.9461E-01  0.1594E+02
  14.970  0.1003E+00  0.1594E+02
  14.980  0.1052E+00  0.1594E+02
  14.990  0.1089E+00  0.1594E+02
  15.000  0.1109E+00  0.1594E+02
  15.010  0.1112E+00  0.1595E+02
  15.020  0.1096E+00  0.1595E+02
  15.030  0.1063E+00  0.1595E+02
  15.040  0.1017E+00  0.1595E+02
  15.050  0.9631E-01  0.1595E+02
  15.060  0.9065E-01  0.1595E+02
  15.070  0.8539E-01  0.1595E+02
  15.080  0.8114E-01  0.1595E+02
  15.090  0.7846E-01  0.1595E+02
  15.100  0.7779E-01  0.1595E+02
  15.110  0.7942E-01  0.1595E+02
  15.120  0.8350E-01  0.1596E+02
  15.130  0.9000E-01  0.1596E+02
  15.140  0.9872E-01  0.1596E+02
  15.150  0.1093E+00  0.1596E+02
  15.160  0.1213E+00  0.1596E+02
  15.170  0.1341E+00  0.1596E+02
  15.180  0.1467E+00  0.1596E+02
  15.190  0.1584E+00  0.1596E+02
  15.200  0.1682E+00  0.1597E+02
  15.210  0.1751E+00  0.1597E+02
  15.220  0.1784E+00  0.1597E+02
  15.230  0.1778E+00  0.1597E+02
  15.240  0.1730E+00  0.1597E+02
  15.250  0.1646E+00  0.1597E+02
  15.260  0.1531E+00  0.1598E+02
  15.270  0.1394E+00  0.1598E+02
  15.280  0.1244E+00  0.1598E+02
  15.290  0.1090E+00  0.1598E+02
  15.300  0.9385E-01  0.1598E+02
  15.310  0.7947E-01  0.1598E+02
  15.320  0.6623E-01  0.1598E+02
  15.330  0.5435E-01  0.1598E+02
  15.340  0.4400E-01  0.1598E+02
  15.350  0.3527E-01  0.1598E+02
  15.360  0.2824E-01  0.1598E+02
  15.370  0.2289E-01  0.1598E+02
  15.380  0.1914E-01  0.1598E+02
  15.390  0.1682E-01  0.1598E+02
  15.400  0.1567E-01  0.1598E+02
  15.410  0.1538E-01  0.1598E+02
  15.420  0.1563E-01  0.1599E+02
  15.430  0.1613E-01  0.1599E+02
  15.440  0.1666E-01  0.1599E+02
  15.450  0.1713E-01  0.1599E+02
  15.460  0.1760E-01  0.1599E+02
  15.470  0.1823E-01  0.1599E+02
  15.480  0.1930E-01  0.1599E+02
  15.490  0.2109E-01  0.1599E+02
  15.500  0.2384E-01  0.1599E+02
  15.510  0.2767E-01  0.1599E+02
  15.520  0.3249E-01  0.1599E+02
  15.530  0.3803E-01  0.1599E+02
  15.540  0.4383E-01  0.1599E+02
  15.550  0.4929E-01  0.1599E+02
  15.560  0.5378E-01  0.1599E+02
  15.570  0.5675E-01  0.1599E+02
  15.580  0.5783E-01  0.1599E+02
  15.590  0.5693E-01  0.1599E+02
  15.600  0.5426E-01  0.1599E+02
  15.610  0.5029E-01  0.1599E+02
  15.620  0.4567E-01  0.1599E+02
  15.630  0.4115E-01  0.1599E+02
  15.640  0.3741E-01  0.1599E+02
  15.650  0.3497E-01  0.1599E+02
  15.660  0.3412E-01  0.1599E+02
  15.670  0.3487E-01  0.1599E+02
  15.680  0.3698E-01  0.1599E+02
  15.690  0.3996E-01  0.1599E+02
  15.700  0.4323E-01  0.1600E+02
  15.710  0.4614E-01  0.1600E+02
  15.720  0.4812E-01  0.1600E+02
  15.730  0.4873E-01  0.1600E+02
  15.740  0.4775E-01  0.1600E+02
  15.750  0.4519E-01  0.1600E+02
  15.760  0.4123E-01  0.1600E+02
  15.770  0.3626E-01  0.1600E+02
  15.780  0.3072E-01  0.1600E+02
  15.790  0.2508E-01  0.1600E+02
  15.800  0.1975E-01  0.1600E+02
  15.810  0.1505E-01  0.1600E+02
  15.820  0.1116E-01  0.1600E+02
  15.830  0.8149E-02  0.1600E+02
  15.840  0.5992E-02  0.1600E+02
  15.850  0.4587E-02  0.1600E+02
  15.860  0.3792E-02  0.1600E+02
  15.870  0.3448E-02  0.1600E+02
  15.880  0.3399E-02  0.1600E+02
  15.890  0.3505E-02  0.1600E+02
  15.900  0.3648E-02  0.1600E+02
  15.910  0.3741E-02  0.1600E+02
  15.920  0.3726E-02  0.1600E+02
  15.930  0.3579E-02  0.1600E+02
  15.940  0.3304E-02  0.1600E+02
  15.950  0.2926E-02  0.1600E+02
  15.960  0.2483E-02  0.1600E+02
  15.970  0.2019E-02  0.1600E+02
  15.980  0.1573E-02  0.1600E+02
  15.990  0.1173E-02  0.1600E+02
  16.000  0.8382E-03  0.1600E+02
  16.010  0.5735E-03  0.1600E+02
  16.020  0.3758E-03  0.1600E+02
  16.030  0.2359E-03  0.1600E+02
  16.040  0.1418E-03  0.1600E+02
  16.050  0.8161E-04  0.1600E+02
  16.060  0.4499E-04  0.1600E+02
  16.070  0.2376E-04  0.1600E+02
  16.080  0.1201E-04  0.1600E+02
  16.090  0.5817E-05  0.1600E+02
  16.100  0.2698E-05  0.1600E+02
  16.110  0.1198E-05  0.1600E+02
  16.120  0.5097E-06  0.1600E+02
  16.130  0.2076E-06  0.1600E+02
  16.140  0.8101E-07  0.1600E+02
  16.150  0.3027E-07  0.1600E+02
  16.160  0.1083E-07  0.1600E+02
  16.170  0.3712E-08  0.1600E+02
  16.180  0.1218E-08  0.1600E+02
  16.190  0.3830E-09  0.1600E+02
  16.200  0.1153E-09  0.1600E+02
  16.210  0.3324E-10  0.1600E+02
  16.220  0.9178E-11  0.1600E+02
  16.230  0.2427E-11  0.1600E+02
  16.240  0.6146E-12  0.1600E+02
  16.250  0.1491E-12  0.1600E+02
  16.260  0.3463E-13  0.1600E+02
  16.270  0.7703E-14  0.1600E+02
  16.280  0.1641E-14  0.1600E+02
  16.290  0.3348E-15  0.1600E+02
  16.300  0.6543E-16  0.1600E+02
  16.310  0.1224E-16  0.1600E+02
  16.320  0.2195E-17  0.1600E+02
  16.330  0.3767E-18  0.1600E+02
  16.340  0.6192E-19  0.1600E+02
  16.350  0.9748E-20  0.1600E+02
  16.360  0.1470E-20  0.1600E+02
  16.370  0.2122E-21  0.1600E+02
  16.380  0.2935E-22  0.1600E+02
  16.390  0.3887E-23  0.1600E+02
  16.400  0.4930E-24  0.1600E+02
  16.410  0.5989E-25  0.1600E+02
  16.420  0.6967E-26  0.1600E+02
  16.430  0.7763E-27  0.1600E+02
  16.440  0.8283E-28  0.1600E+02
  16.450  0.8464E-29  0.1600E+02
  16.460  0.8284E-30  0.1600E+02
  16.470  0.7764E-31  0.1600E+02
  16.480  0.6969E-32  0.1600E+02
  16.490  0.5991E-33  0.1600E+02
  16.500  0.4933E-34  0.1600E+02
  16.510  0.3889E-35  0.1600E+02
  16.520  0.2937E-36  0.1600E+02
  16.530  0.2124E-37  0.1600E+02
  16.540  0.1471E-38  0.1600E+02
  16.550  0.9759E-40  0.1600E+02
  16.560  0.6199E-41  0.1600E+02
  16.570  0.3772E-42  0.1600E+02
  16.580  0.2198E-43  0.1600E+02
  16.590  0.1226E-44  0.1600E+02
  16.600  0.6553E-46  0.1600E+02
  16.610  0.3354E-47  0.1600E+02
  16.620  0.1644E-48  0.1600E+02
  16.630  0.7718E-50  0.1600E+02
  16.640  0.3470E-51  0.1600E+02
  16.650  0.1494E-52  0.1600E+02
  16.660  0.6160E-54  0.1600E+02
  16.670  0.2433E-55  0.1600E+02
  16.680  0.9200E-57  0.1600E+02
  16.690  0.3332E-58  0.1600E+02
  16.700  0.1156E-59  0.1600E+02
  16.710  0.3840E-61  0.1600E+02
  16.720  0.1222E-62  0.1600E+02
  16.730  0.3723E-64  0.1600E+02
  16.740  0.1087E-65  0.1600E+02
  16.750  0.3037E-67  0.1600E+02
  16.760  0.8128E-69  0.1600E+02
  16.770  0.2083E-70  0.1600E+02
  16.780  0.5115E-72  0.1600E+02
  16.790  0.1203E-73  0.1600E+02
  16.800  0.2708E-75  0.1600E+02
  16.810  0.5839E-77  0.1600E+02
  16.820  0.1206E-78  0.1600E+02
  16.830  0.2385E-80  0.1600E+02
  16.840  0.4536E-82  0.1600E+02
  16.850  0.1003E-83  0.1600E+02
  16.860  0.1979E-84  0.1600E+02
  16.870  0.1839E-84  0.1600E+02
  16.880  0.1836E-84  0.1600E+02
  16.890  0.1836E-84  0.1600E+02
  16.900  0.1836E-84  0.1600E+02
  16.910  0.1836E-84  0.1600E+02
  16.920  0.1836E-84  0.1600E+02
  16.930  0.1836E-84  0.1600E+02
  16.940  0.1836E-84  0.1600E+02
  16.950  0.1836E-84  0.1600E+02
  16.960  0.1836E-84  0.1600E+02
  16.970  0.1836E-84  0.1600E+02
  16.980  0.1836E-84  0.1600E+02
  16.990  0.1836E-84  0.1600E+02
  17.000  0.1836E-84  0.1600E+02
  17.010  0.1836E-84  0.1600E+02
  17.020  0.1836E-84  0.1600E+02
  17.030  0.1836E-84  0.1600E+02
  17.040  0.1836E-84  0.1600E+02
  17.050  0.1836E-84  0.1600E+02
  17.060  0.1836E-84  0.1600E+02
  17.070  0.1836E-84  0.1600E+02
  17.080  0.1836E-84  0.1600E+02
  17.090  0.1836E-84  0.1600E+02
  17.100  0.1836E-84  0.1600E+02
  17.110  0.1836E-84  0.1600E+02
  17.120  0.1836E-84  0.1600E+02
  17.130  0.1836E-84  0.1600E+02
  17.140  0.1836E-84  0.1600E+02
  17.150  0.1836E-84  0.1600E+02
  17.160  0.1836E-84  0.1600E+02
  17.170  0.1836E-84  0.1600E+02
  17.180  0.1836E-84  0.1600E+02
  17.190  0.1836E-84  0.1600E+02
  17.200  0.1836E-84  0.1600E+02
  17.210  0.1836E-84  0.1600E+02
  17.220  0.1836E-84  0.1600E+02
  17.230  0.1836E-84  0.1600E+02
  17.240  0.1836E-84  0.1600E+02
  17.250  0.1836E-84  0.1600E+02
  17.260  0.1836E-84  0.1600E+02
  17.270  0.1836E-84  0.1600E+02
  17.280  0.1836E-84  0.1600E+02
  17.290  0.1836E-84  0.1600E+02
  17.300  0.1836E-84  0.1600E+02
  17.310  0.1836E-84  0.1600E+02
  17.320  0.1836E-84  0.1600E+02
  17.330  0.1836E-84  0.1600E+02
  17.340  0.1836E-84  0.1600E+02
  17.350  0.1836E-84  0.1600E+02
  17.360  0.1836E-84  0.1600E+02
  17.370  0.1836E-84  0.1600E+02
  17.380  0.1836E-84  0.1600E+02
  17.390  0.1836E-84  0.1600E+02
  17.400  0.1836E-84  0.1600E+02
  17.410  0.1836E-84  0.1600E+02
  17.420  0.1836E-84  0.1600E+02
  17.430  0.1836E-84  0.1600E+02
  17.440  0.1836E-84  0.1600E+02
  17.450  0.1836E-84  0.1600E+02
  17.460  0.1836E-84  0.1600E+02
  17.470  0.1836E-84  0.1600E+02
  17.480  0.1836E-84  0.1600E+02
  17.490  0.1836E-84  0.1600E+02
  17.500  0.1836E-84  0.1600E+02
  17.510  0.1836E-84  0.1600E+02
  17.520  0.1836E-84  0.1600E+02
  17.530  0.1836E-84  0.1600E+02
  17.540  0.1836E-84  0.1600E+02
  17.550  0.1836E-84  0.1600E+02
  17.560  0.1836E-84  0.1600E+02
  17.570  0.1836E-84  0.1600E+02
  17.580  0.1836E-84  0.1600E+02
  17.590  0.1836E-84  0.1600E+02
  17.600  0.1836E-84  0.1600E+02
  17.610  0.1836E-84  0.1600E+02
  17.620  0.1836E-84  0.1600E+02
  17.630  0.1836E-84  0.1600E+02
  17.640  0.1836E-84  0.1600E+02
  17.650  0.1836E-84  0.1600E+02
  17.660  0.1836E-84  0.1600E+02
  17.670  0.1836E-84  0.1600E+02
  17.680  0.1836E-84  0.1600E+02
  17.690  0.1836E-84  0.1600E+02
  17.700  0.1836E-84  0.1600E+02
  17.710  0.1836E-84  0.1600E+02
  17.720  0.1836E-84  0.1600E+02
  17.730  0.1836E-84  0.1600E+02
  17.740  0.1836E-84  0.1600E+02
  17.750  0.1836E-84  0.1600E+02
  17.760  0.1836E-84  0.1600E+02
  17.770  0.1836E-84  0.1600E+02
  17.780  0.1836E-84  0.1600E+02
  17.790  0.1836E-84  0.1600E+02
  17.800  0.1836E-84  0.1600E+02
  17.810  0.1836E-84  0.1600E+02
  17.820  0.1836E-84  0.1600E+02
  17.830  0.1836E-84  0.1600E+02
  17.840  0.1836E-84  0.1600E+02
  17.850  0.1836E-84  0.1600E+02
  17.860  0.1836E-84  0.1600E+02
  17.870  0.1836E-84  0.1600E+02
  17.880  0.1836E-84  0.1600E+02
  17.890  0.1836E-84  0.1600E+02
  17.900  0.1836E-84  0.1600E+02
  17.910  0.1836E-84  0.1600E+02
  17.920  0.1836E-84  0.1600E+02
  17.930  0.1836E-84  0.1600E+02
  17.940  0.1836E-84  0.1600E+02
  17.950  0.1836E-84  0.1600E+02
  17.960  0.1836E-84  0.1600E+02
  17.970  0.1836E-84  0.1600E+02
  17.980  0.1836E-84  0.1600E+02
  17.990  0.1836E-84  0.1600E+02
  18.000  0.1836E-84  0.1600E+02
  18.010  0.1836E-84  0.1600E+02
  18.020  0.1836E-84  0.1600E+02
  18.030  0.1836E-84  0.1600E+02
  18.040  0.1836E-84  0.1600E+02
  18.050  0.1836E-84  0.1600E+02
  18.060  0.1836E-84  0.1600E+02
  18.070  0.1836E-84  0.1600E+02
  18.080  0.1836E-84  0.1600E+02
  18.090  0.1836E-84  0.1600E+02
  18.100  0.1836E-84  0.1600E+02
  18.110  0.1836E-84  0.1600E+02
  18.120  0.1836E-84  0.1600E+02
  18.130  0.1836E-84  0.1600E+02
  18.140  0.1836E-84  0.1600E+02
  18.150  0.1836E-84  0.1600E+02
  18.160  0.1836E-84  0.1600E+02
  18.170  0.1836E-84  0.1600E+02
  18.180  0.1836E-84  0.1600E+02
  18.190  0.1836E-84  0.1600E+02
  18.200  0.1836E-84  0.1600E+02
  18.210  0.1836E-84  0.1600E+02
  18.220  0.1836E-84  0.1600E+02
  18.230  0.1836E-84  0.1600E+02
  18.240  0.1836E-84  0.1600E+02
  18.250  0.1836E-84  0.1600E+02
  18.260  0.1836E-84  0.1600E+02
  18.270  0.1836E-84  0.1600E+02
  18.280  0.1836E-84  0.1600E+02
  18.290  0.1836E-84  0.1600E+02
  18.300  0.1836E-84  0.1600E+02
  18.310  0.1836E-84  0.1600E+02
  18.320  0.1836E-84  0.1600E+02
  18.330  0.1836E-84  0.1600E+02
  18.340  0.1836E-84  0.1600E+02
  18.350  0.1836E-84  0.1600E+02
  18.360  0.1836E-84  0.1600E+02
  18.370  0.1836E-84  0.1600E+02
  18.380  0.1836E-84  0.1600E+02
  18.390  0.1836E-84  0.1600E+02
  18.400  0.1836E-84  0.1600E+02
  18.410  0.1836E-84  0.1600E+02
  18.420  0.1836E-84  0.1600E+02
  18.430  0.1836E-84  0.1600E+02
  18.440  0.1836E-84  0.1600E+02
  18.450  0.1836E-84  0.1600E+02
  18.460  0.1836E-84  0.1600E+02
  18.470  0.1836E-84  0.1600E+02
  18.480  0.1836E-84  0.1600E+02
  18.490  0.1836E-84  0.1600E+02
  18.500  0.1836E-84  0.1600E+02
  18.510  0.1836E-84  0.1600E+02
  18.520  0.1836E-84  0.1600E+02
  18.530  0.1836E-84  0.1600E+02
  18.540  0.1836E-84  0.1600E+02
  18.550  0.1836E-84  0.1600E+02
  18.560  0.1836E-84  0.1600E+02
  18.570  0.1836E-84  0.1600E+02
  18.580  0.1836E-84  0.1600E+02
  18.590  0.1836E-84  0.1600E+02
  18.600  0.1836E-84  0.1600E+02
  18.610  0.1836E-84  0.1600E+02
  18.620  0.1836E-84  0.1600E+02
  18.630  0.1836E-84  0.1600E+02
  18.640  0.1836E-84  0.1600E+02
  18.650  0.1836E-84  0.1600E+02
  18.660  0.1836E-84  0.1600E+02
  18.670  0.1836E-84  0.1600E+02
  18.680  0.1836E-84  0.1600E+02
  18.690  0.1836E-84  0.1600E+02
  18.700  0.1836E-84  0.1600E+02
  18.710  0.1836E-84  0.1600E+02
  18.720  0.1836E-84  0.1600E+02
  18.730  0.1836E-84  0.1600E+02
  18.740  0.1836E-84  0.1600E+02
  18.750  0.1836E-84  0.1600E+02
  18.760  0.1836E-84  0.1600E+02
  18.770  0.1836E-84  0.1600E+02
  18.780  0.1836E-84  0.1600E+02
  18.790  0.1836E-84  0.1600E+02
  18.800  0.1836E-84  0.1600E+02
  18.810  0.1836E-84  0.1600E+02
  18.820  0.1836E-84  0.1600E+02
  18.830  0.1836E-84  0.1600E+02
  18.840  0.1836E-84  0.1600E+02
  18.850  0.1836E-84  0.1600E+02
  18.860  0.1836E-84  0.1600E+02
  18.870  0.1836E-84  0.1600E+02
  18.880  0.1836E-84  0.1600E+02
  18.890  0.1836E-84  0.1600E+02
  18.900  0.1836E-84  0.1600E+02
  18.910  0.1836E-84  0.1600E+02
  18.920  0.1836E-84  0.1600E+02
  18.930  0.1836E-84  0.1600E+02
  18.940  0.1836E-84  0.1600E+02
  18.950  0.1836E-84  0.1600E+02
  18.960  0.1836E-84  0.1600E+02
  18.970  0.1836E-84  0.1600E+02
  18.980  0.1836E-84  0.1600E+02
  18.990  0.1836E-84  0.1600E+02
  19.000  0.1836E-84  0.1600E+02
  19.010  0.1836E-84  0.1600E+02
  19.020  0.1836E-84  0.1600E+02
  19.030  0.1836E-84  0.1600E+02
  19.040  0.1836E-84  0.1600E+02
  19.050  0.1836E-84  0.1600E+02
  19.060  0.1836E-84  0.1600E+02
  19.070  0.1836E-84  0.1600E+02
  19.080  0.1836E-84  0.1600E+02
  19.090  0.1836E-84  0.1600E+02
  19.100  0.1836E-84  0.1600E+02
  19.110  0.1836E-84  0.1600E+02
  19.120  0.1836E-84  0.1600E+02
  19.130  0.1836E-84  0.1600E+02
  19.140  0.1836E-84  0.1600E+02
  19.150  0.1836E-84  0.1600E+02
  19.160  0.1836E-84  0.1600E+02
  19.170  0.1836E-84  0.1600E+02
  19.180  0.1836E-84  0.1600E+02
  19.190  0.1836E-84  0.1600E+02
  19.200  0.1836E-84  0.1600E+02
  19.210  0.1836E-84  0.1600E+02
  19.220  0.1836E-84  0.1600E+02
  19.230  0.1836E-84  0.1600E+02
  19.240  0.1836E-84  0.1600E+02
  19.250  0.1836E-84  0.1600E+02
  19.260  0.1836E-84  0.1600E+02
  19.270  0.1836E-84  0.1600E+02
  19.280  0.1836E-84  0.1600E+02
  19.290  0.1836E-84  0.1600E+02
  19.300  0.1836E-84  0.1600E+02
  19.310  0.1836E-84  0.1600E+02
  19.320  0.1836E-84  0.1600E+02
  19.330  0.1836E-84  0.1600E+02
  19.340  0.1836E-84  0.1600E+02
  19.350  0.1836E-84  0.1600E+02
  19.360  0.1836E-84  0.1600E+02
  19.370  0.1836E-84  0.1600E+02
  19.380  0.1836E-84  0.1600E+02
  19.390  0.1836E-84  0.1600E+02
  19.400  0.1836E-84  0.1600E+02
  19.410  0.1836E-84  0.1600E+02
  19.420  0.1836E-84  0.1600E+02
  19.430  0.1836E-84  0.1600E+02
  19.440  0.1836E-84  0.1600E+02
  19.450  0.1836E-84  0.1600E+02
  19.460  0.1836E-84  0.1600E+02
  19.470  0.1836E-84  0.1600E+02
  19.480  0.1836E-84  0.1600E+02
  19.490  0.1836E-84  0.1600E+02
  19.500  0.1836E-84  0.1600E+02
  19.510  0.1836E-84  0.1600E+02
  19.520  0.1836E-84  0.1600E+02
  19.530  0.1836E-84  0.1600E+02
  19.540  0.1836E-84  0.1600E+02
  19.550  0.1836E-84  0.1600E+02
  19.560  0.1836E-84  0.1600E+02
  19.570  0.1836E-84  0.1600E+02
  19.580  0.1836E-84  0.1600E+02
  19.590  0.1836E-84  0.1600E+02
  19.600  0.1836E-84  0.1600E+02
  19.610  0.1836E-84  0.1600E+02
  19.620  0.1836E-84  0.1600E+02
  19.630  0.1836E-84  0.1600E+02
  19.640  0.1836E-84  0.1600E+02
  19.650  0.1836E-84  0.1600E+02
  19.660  0.1836E-84  0.1600E+02
  19.670  0.1836E-84  0.1600E+02
  19.680  0.1836E-84  0.1600E+02
  19.690  0.1836E-84  0.1600E+02
  19.700  0.1836E-84  0.1600E+02
  19.710  0.1836E-84  0.1600E+02
  19.720  0.1836E-84  0.1600E+02
  19.730  0.1836E-84  0.1600E+02
  19.740  0.1836E-84  0.1600E+02
  19.750  0.1836E-84  0.1600E+02
  19.760  0.1836E-84  0.1600E+02
  19.770  0.1836E-84  0.1600E+02
  19.780  0.1836E-84  0.1600E+02
  19.790  0.1836E-84  0.1600E+02
  19.800  0.1836E-84  0.1600E+02
  19.810  0.1836E-84  0.1600E+02
  19.820  0.1836E-84  0.1600E+02
  19.830  0.1836E-84  0.1600E+02
  19.840  0.1836E-84  0.1600E+02
  19.850  0.1836E-84  0.1600E+02
  19.860  0.1836E-84  0.1600E+02
  19.870  0.1836E-84  0.1600E+02
  19.880  0.1836E-84  0.1600E+02
  19.890  0.1836E-84  0.1600E+02
  19.900  0.1836E-84  0.1600E+02
  19.910  0.1836E-84  0.1600E+02
  19.920  0.1836E-84  0.1600E+02
  19.930  0.1836E-84  0.1600E+02
  19.940  0.1836E-84  0.1600E+02
  19.950  0.1836E-84  0.1600E+02
  19.960  0.1836E-84  0.1600E+02
  19.970  0.1836E-84  0.1600E+02
  19.980  0.1836E-84  0.1600E+02
  19.990  0.1836E-84  0.1600E+02
  20.000  0.1836E-84  0.1600E+02
