# E-EF(eV)   DOS(states/eV)
-2.630630000000000024e+01 1.836000000000000049e-85
-2.629629999999999868e+01 1.836000000000000049e-85
-2.628630000000000067e+01 1.836000000000000049e-85
-2.627629999999999910e+01 1.836000000000000049e-85
-2.626630000000000109e+01 1.836000000000000049e-85
-2.625629999999999953e+01 1.836000000000000049e-85
-2.624630000000000152e+01 1.836000000000000049e-85
-2.623629999999999995e+01 1.836000000000000049e-85
-2.622630000000000194e+01 1.836000000000000049e-85
-2.621630000000000038e+01 1.836000000000000049e-85
-2.620629999999999882e+01 1.836000000000000049e-85
-2.619630000000000081e+01 1.836000000000000049e-85
-2.618629999999999924e+01 1.836000000000000049e-85
-2.617630000000000123e+01 1.836000000000000049e-85
-2.616629999999999967e+01 1.836000000000000049e-85
-2.615630000000000166e+01 1.836000000000000049e-85
-2.614630000000000010e+01 1.836000000000000049e-85
-2.613629999999999853e+01 1.836000000000000049e-85
-2.612630000000000052e+01 1.836000000000000049e-85
-2.611629999999999896e+01 1.836000000000000049e-85
-2.610630000000000095e+01 1.836000000000000049e-85
-2.609629999999999939e+01 1.836000000000000049e-85
-2.608630000000000138e+01 1.836000000000000049e-85
-2.607629999999999981e+01 1.836000000000000049e-85
-2.606630000000000180e+01 1.836000000000000049e-85
-2.605630000000000024e+01 1.836000000000000049e-85
-2.604629999999999868e+01 1.836000000000000049e-85
-2.603630000000000067e+01 1.836000000000000049e-85
-2.602629999999999910e+01 1.836000000000000049e-85
-2.601630000000000109e+01 1.836000000000000049e-85
-2.600629999999999953e+01 1.836000000000000049e-85
-2.599630000000000152e+01 1.836000000000000049e-85
-2.598629999999999995e+01 1.836000000000000049e-85
-2.597630000000000194e+01 1.836000000000000049e-85
-2.596630000000000038e+01 1.836000000000000049e-85
-2.595629999999999882e+01 1.836000000000000049e-85
-2.594630000000000081e+01 1.836000000000000049e-85
-2.593629999999999924e+01 1.836000000000000049e-85
-2.592630000000000123e+01 1.836000000000000049e-85
-2.591629999999999967e+01 1.836000000000000049e-85
-2.590630000000000166e+01 1.836000000000000049e-85
-2.589630000000000010e+01 1.836000000000000049e-85
-2.588629999999999853e+01 1.836000000000000049e-85
-2.587630000000000052e+01 1.836000000000000049e-85
-2.586629999999999896e+01 1.836000000000000049e-85
-2.585630000000000095e+01 1.836000000000000049e-85
-2.584629999999999939e+01 1.836000000000000049e-85
-2.583630000000000138e+01 1.836000000000000049e-85
-2.582629999999999981e+01 1.836000000000000049e-85
-2.581630000000000180e+01 1.836000000000000049e-85
-2.580630000000000024e+01 1.836000000000000049e-85
-2.579629999999999868e+01 1.836000000000000049e-85
-2.578630000000000067e+01 1.836000000000000049e-85
-2.577629999999999910e+01 1.836000000000000049e-85
-2.576630000000000109e+01 1.836000000000000049e-85
-2.575629999999999953e+01 1.836000000000000049e-85
-2.574630000000000152e+01 1.836000000000000049e-85
-2.573629999999999995e+01 1.836000000000000049e-85
-2.572630000000000194e+01 1.836000000000000049e-85
-2.571630000000000038e+01 1.836000000000000049e-85
-2.570629999999999882e+01 1.836000000000000049e-85
-2.569630000000000081e+01 1.836000000000000049e-85
-2.568629999999999924e+01 1.836000000000000049e-85
-2.567630000000000123e+01 1.836000000000000049e-85
-2.566629999999999967e+01 1.836000000000000049e-85
-2.565630000000000166e+01 1.836000000000000049e-85
-2.564630000000000010e+01 1.836000000000000049e-85
-2.563629999999999853e+01 1.836000000000000049e-85
-2.562630000000000052e+01 1.836000000000000049e-85
-2.561629999999999896e+01 1.836000000000000049e-85
-2.560630000000000095e+01 1.836000000000000049e-85
-2.559629999999999939e+01 1.836000000000000049e-85
-2.558630000000000138e+01 1.836000000000000049e-85
-2.557629999999999981e+01 1.836000000000000049e-85
-2.556630000000000180e+01 1.836000000000000049e-85
-2.555630000000000024e+01 1.836000000000000049e-85
-2.554629999999999868e+01 1.836000000000000049e-85
-2.553630000000000067e+01 1.836000000000000049e-85
-2.552629999999999910e+01 1.836000000000000049e-85
-2.551630000000000109e+01 1.836000000000000049e-85
-2.550629999999999953e+01 1.836000000000000049e-85
-2.549630000000000152e+01 1.836000000000000049e-85
-2.548629999999999995e+01 1.836000000000000049e-85
-2.547630000000000194e+01 1.836000000000000049e-85
-2.546630000000000038e+01 1.836000000000000049e-85
-2.545629999999999882e+01 1.836000000000000049e-85
-2.544630000000000081e+01 1.836000000000000049e-85
-2.543629999999999924e+01 1.836000000000000049e-85
-2.542630000000000123e+01 1.836000000000000049e-85
-2.541629999999999967e+01 1.836000000000000049e-85
-2.540630000000000166e+01 1.836000000000000049e-85
-2.539630000000000010e+01 1.836000000000000049e-85
-2.538629999999999853e+01 1.836000000000000049e-85
-2.537630000000000052e+01 1.836000000000000049e-85
-2.536629999999999896e+01 1.836000000000000049e-85
-2.535630000000000095e+01 1.836000000000000049e-85
-2.534629999999999939e+01 1.836000000000000049e-85
-2.533630000000000138e+01 1.836000000000000049e-85
-2.532629999999999981e+01 1.836000000000000049e-85
-2.531630000000000180e+01 1.836000000000000049e-85
-2.530630000000000024e+01 1.836000000000000049e-85
-2.529629999999999868e+01 1.836000000000000049e-85
-2.528630000000000067e+01 1.836000000000000049e-85
-2.527629999999999910e+01 1.836000000000000049e-85
-2.526630000000000109e+01 1.836000000000000049e-85
-2.525629999999999953e+01 1.836000000000000049e-85
-2.524630000000000152e+01 1.836000000000000049e-85
-2.523629999999999995e+01 1.836000000000000049e-85
-2.522630000000000194e+01 1.836000000000000049e-85
-2.521630000000000038e+01 1.836000000000000049e-85
-2.520629999999999882e+01 1.836000000000000049e-85
-2.519630000000000081e+01 1.836000000000000049e-85
-2.518629999999999924e+01 1.836000000000000049e-85
-2.517630000000000123e+01 1.836000000000000049e-85
-2.516629999999999967e+01 1.836000000000000049e-85
-2.515630000000000166e+01 1.836000000000000049e-85
-2.514630000000000010e+01 1.836000000000000049e-85
-2.513629999999999853e+01 1.836000000000000049e-85
-2.512630000000000052e+01 1.836000000000000049e-85
-2.511629999999999896e+01 1.836000000000000049e-85
-2.510630000000000095e+01 1.836000000000000049e-85
-2.509629999999999939e+01 1.836000000000000049e-85
-2.508630000000000138e+01 1.836000000000000049e-85
-2.507629999999999981e+01 1.836000000000000049e-85
-2.506630000000000180e+01 1.836000000000000049e-85
-2.505630000000000024e+01 1.836000000000000049e-85
-2.504629999999999868e+01 1.836000000000000049e-85
-2.503630000000000067e+01 1.836000000000000049e-85
-2.502629999999999910e+01 1.836000000000000049e-85
-2.501630000000000109e+01 1.836000000000000049e-85
-2.500629999999999953e+01 1.836000000000000049e-85
-2.499630000000000152e+01 1.836000000000000049e-85
-2.498629999999999995e+01 1.836000000000000049e-85
-2.497630000000000194e+01 1.836000000000000049e-85
-2.496630000000000038e+01 1.836000000000000049e-85
-2.495629999999999882e+01 1.836000000000000049e-85
-2.494630000000000081e+01 1.836000000000000049e-85
-2.493629999999999924e+01 1.836000000000000049e-85
-2.492630000000000123e+01 1.836000000000000049e-85
-2.491629999999999967e+01 1.836000000000000049e-85
-2.490630000000000166e+01 1.836000000000000049e-85
-2.489630000000000010e+01 1.836000000000000049e-85
-2.488629999999999853e+01 1.836000000000000049e-85
-2.487630000000000052e+01 1.836000000000000049e-85
-2.486629999999999896e+01 1.836000000000000049e-85
-2.485630000000000095e+01 1.836000000000000049e-85
-2.484629999999999939e+01 1.836000000000000049e-85
-2.483630000000000138e+01 1.836000000000000049e-85
-2.482629999999999981e+01 1.836000000000000049e-85
-2.481630000000000180e+01 1.836000000000000049e-85
-2.480630000000000024e+01 1.836000000000000049e-85
-2.479629999999999868e+01 1.836000000000000049e-85
-2.478630000000000067e+01 1.836000000000000049e-85
-2.477629999999999910e+01 1.836000000000000049e-85
-2.476630000000000109e+01 1.836000000000000049e-85
-2.475629999999999953e+01 1.836000000000000049e-85
-2.474630000000000152e+01 1.836000000000000049e-85
-2.473629999999999995e+01 1.836000000000000049e-85
-2.472630000000000194e+01 1.836000000000000049e-85
-2.471630000000000038e+01 1.836000000000000049e-85
-2.470629999999999882e+01 1.836000000000000049e-85
-2.469630000000000081e+01 1.836000000000000049e-85
-2.468629999999999924e+01 1.836000000000000049e-85
-2.467630000000000123e+01 1.836000000000000049e-85
-2.466629999999999967e+01 1.836000000000000049e-85
-2.465630000000000166e+01 1.836000000000000049e-85
-2.464630000000000010e+01 1.836000000000000049e-85
-2.463629999999999853e+01 1.836000000000000049e-85
-2.462630000000000052e+01 1.836000000000000049e-85
-2.461629999999999896e+01 1.836000000000000049e-85
-2.460630000000000095e+01 1.836000000000000049e-85
-2.459629999999999939e+01 1.836000000000000049e-85
-2.458630000000000138e+01 1.836000000000000049e-85
-2.457629999999999981e+01 1.836000000000000049e-85
-2.456630000000000180e+01 1.836000000000000049e-85
-2.455630000000000024e+01 1.836000000000000049e-85
-2.454629999999999868e+01 1.836000000000000049e-85
-2.453630000000000067e+01 1.836000000000000049e-85
-2.452629999999999910e+01 1.836000000000000049e-85
-2.451630000000000109e+01 1.836000000000000049e-85
-2.450629999999999953e+01 1.836000000000000049e-85
-2.449630000000000152e+01 1.836000000000000049e-85
-2.448629999999999995e+01 1.836000000000000049e-85
-2.447630000000000194e+01 1.836000000000000049e-85
-2.446630000000000038e+01 1.836000000000000049e-85
-2.445629999999999882e+01 1.836000000000000049e-85
-2.444630000000000081e+01 1.836000000000000049e-85
-2.443629999999999924e+01 1.836000000000000049e-85
-2.442630000000000123e+01 1.836000000000000049e-85
-2.441629999999999967e+01 1.836000000000000049e-85
-2.440630000000000166e+01 1.836000000000000049e-85
-2.439630000000000010e+01 1.836000000000000049e-85
-2.438629999999999853e+01 1.836000000000000049e-85
-2.437630000000000052e+01 1.836000000000000049e-85
-2.436629999999999896e+01 1.836000000000000049e-85
-2.435630000000000095e+01 1.836000000000000049e-85
-2.434629999999999939e+01 1.836000000000000049e-85
-2.433630000000000138e+01 1.836000000000000049e-85
-2.432629999999999981e+01 1.836000000000000049e-85
-2.431630000000000180e+01 1.836000000000000049e-85
-2.430630000000000024e+01 1.836000000000000049e-85
-2.429629999999999868e+01 1.836000000000000049e-85
-2.428630000000000067e+01 1.836000000000000049e-85
-2.427629999999999910e+01 1.836000000000000049e-85
-2.426630000000000109e+01 1.836000000000000049e-85
-2.425629999999999953e+01 1.836000000000000049e-85
-2.424630000000000152e+01 1.836000000000000049e-85
-2.423629999999999995e+01 1.836000000000000049e-85
-2.422630000000000194e+01 1.836000000000000049e-85
-2.421630000000000038e+01 1.836000000000000049e-85
-2.420629999999999882e+01 1.836000000000000049e-85
-2.419630000000000081e+01 1.836000000000000049e-85
-2.418629999999999924e+01 1.836000000000000049e-85
-2.417630000000000123e+01 1.836000000000000049e-85
-2.416629999999999967e+01 1.836000000000000049e-85
-2.415630000000000166e+01 1.836000000000000049e-85
-2.414630000000000010e+01 1.836000000000000049e-85
-2.413629999999999853e+01 1.836000000000000049e-85
-2.412630000000000052e+01 1.836000000000000049e-85
-2.411629999999999896e+01 1.836000000000000049e-85
-2.410630000000000095e+01 1.836000000000000049e-85
-2.409629999999999939e+01 1.836000000000000049e-85
-2.408630000000000138e+01 1.836000000000000049e-85
-2.407629999999999981e+01 1.836000000000000049e-85
-2.406630000000000180e+01 1.836000000000000049e-85
-2.405630000000000024e+01 1.836000000000000049e-85
-2.404629999999999868e+01 1.836000000000000049e-85
-2.403630000000000067e+01 1.836000000000000049e-85
-2.402629999999999910e+01 1.836000000000000049e-85
-2.401630000000000109e+01 1.836000000000000049e-85
-2.400629999999999953e+01 1.836000000000000049e-85
-2.399630000000000152e+01 1.836000000000000049e-85
-2.398629999999999995e+01 1.836000000000000049e-85
-2.397630000000000194e+01 1.836000000000000049e-85
-2.396630000000000038e+01 1.836000000000000049e-85
-2.395629999999999882e+01 1.836000000000000049e-85
-2.394630000000000081e+01 1.836000000000000049e-85
-2.393629999999999924e+01 1.836000000000000049e-85
-2.392630000000000123e+01 1.836000000000000049e-85
-2.391629999999999967e+01 1.836000000000000049e-85
-2.390630000000000166e+01 1.836000000000000049e-85
-2.389630000000000010e+01 1.836000000000000049e-85
-2.388629999999999853e+01 1.836000000000000049e-85
-2.387630000000000052e+01 1.836000000000000049e-85
-2.386629999999999896e+01 1.836000000000000049e-85
-2.385630000000000095e+01 1.836000000000000049e-85
-2.384629999999999939e+01 1.836000000000000049e-85
-2.383630000000000138e+01 1.836000000000000049e-85
-2.382629999999999981e+01 1.836000000000000049e-85
-2.381630000000000180e+01 1.836000000000000049e-85
-2.380630000000000024e+01 1.836000000000000049e-85
-2.379629999999999868e+01 1.836000000000000049e-85
-2.378630000000000067e+01 1.836000000000000049e-85
-2.377629999999999910e+01 1.836000000000000049e-85
-2.376630000000000109e+01 1.836000000000000049e-85
-2.375629999999999953e+01 1.836000000000000049e-85
-2.374630000000000152e+01 1.836000000000000049e-85
-2.373629999999999995e+01 1.836000000000000049e-85
-2.372630000000000194e+01 1.836000000000000049e-85
-2.371630000000000038e+01 1.836000000000000049e-85
-2.370629999999999882e+01 1.836000000000000049e-85
-2.369630000000000081e+01 1.836000000000000049e-85
-2.368629999999999924e+01 1.836000000000000049e-85
-2.367630000000000123e+01 1.836000000000000049e-85
-2.366629999999999967e+01 1.836000000000000049e-85
-2.365630000000000166e+01 1.836000000000000049e-85
-2.364630000000000010e+01 1.836000000000000049e-85
-2.363629999999999853e+01 1.836000000000000049e-85
-2.362630000000000052e+01 1.836000000000000049e-85
-2.361629999999999896e+01 1.836000000000000049e-85
-2.360630000000000095e+01 1.836000000000000049e-85
-2.359629999999999939e+01 1.836000000000000049e-85
-2.358630000000000138e+01 1.836000000000000049e-85
-2.357629999999999981e+01 1.836000000000000049e-85
-2.356630000000000180e+01 1.836000000000000049e-85
-2.355630000000000024e+01 1.836000000000000049e-85
-2.354629999999999868e+01 1.836000000000000049e-85
-2.353630000000000067e+01 1.836000000000000049e-85
-2.352629999999999910e+01 1.836000000000000049e-85
-2.351630000000000109e+01 1.836000000000000049e-85
-2.350629999999999953e+01 1.836000000000000049e-85
-2.349630000000000152e+01 1.836000000000000049e-85
-2.348629999999999995e+01 1.836000000000000049e-85
-2.347630000000000194e+01 1.836000000000000049e-85
-2.346630000000000038e+01 1.836000000000000049e-85
-2.345629999999999882e+01 1.836000000000000049e-85
-2.344630000000000081e+01 1.836000000000000049e-85
-2.343629999999999924e+01 1.836000000000000049e-85
-2.342630000000000123e+01 1.836000000000000049e-85
-2.341629999999999967e+01 1.836000000000000049e-85
-2.340630000000000166e+01 1.836000000000000049e-85
-2.339630000000000010e+01 1.836000000000000049e-85
-2.338629999999999853e+01 1.836000000000000049e-85
-2.337630000000000052e+01 1.836000000000000049e-85
-2.336629999999999896e+01 1.836000000000000049e-85
-2.335630000000000095e+01 1.836000000000000049e-85
-2.334629999999999939e+01 1.836000000000000049e-85
-2.333630000000000138e+01 1.836000000000000049e-85
-2.332629999999999981e+01 1.836000000000000049e-85
-2.331630000000000180e+01 1.836000000000000049e-85
-2.330630000000000024e+01 1.836000000000000049e-85
-2.329629999999999868e+01 1.836000000000000049e-85
-2.328630000000000067e+01 1.836000000000000049e-85
-2.327629999999999910e+01 1.836000000000000049e-85
-2.326630000000000109e+01 1.836000000000000049e-85
-2.325629999999999953e+01 1.836000000000000049e-85
-2.324630000000000152e+01 1.836000000000000049e-85
-2.323629999999999995e+01 1.836000000000000049e-85
-2.322630000000000194e+01 1.836000000000000049e-85
-2.321630000000000038e+01 1.836000000000000049e-85
-2.320629999999999882e+01 1.836000000000000049e-85
-2.319630000000000081e+01 1.836000000000000049e-85
-2.318629999999999924e+01 1.836000000000000049e-85
-2.317630000000000123e+01 1.836000000000000049e-85
-2.316629999999999967e+01 1.836000000000000049e-85
-2.315630000000000166e+01 1.836000000000000049e-85
-2.314630000000000010e+01 1.836000000000000049e-85
-2.313629999999999853e+01 1.836000000000000049e-85
-2.312630000000000052e+01 1.836000000000000049e-85
-2.311629999999999896e+01 1.836000000000000049e-85
-2.310630000000000095e+01 1.836000000000000049e-85
-2.309629999999999939e+01 1.836000000000000049e-85
-2.308630000000000138e+01 1.836000000000000049e-85
-2.307629999999999981e+01 1.836000000000000049e-85
-2.306630000000000180e+01 1.836000000000000049e-85
-2.305630000000000024e+01 1.836000000000000049e-85
-2.304629999999999868e+01 1.836000000000000049e-85
-2.303630000000000067e+01 1.836000000000000049e-85
-2.302629999999999910e+01 1.836000000000000049e-85
-2.301630000000000109e+01 1.836000000000000049e-85
-2.300629999999999953e+01 1.836000000000000049e-85
-2.299630000000000152e+01 1.836000000000000049e-85
-2.298629999999999995e+01 1.836000000000000049e-85
-2.297630000000000194e+01 1.836000000000000049e-85
-2.296630000000000038e+01 1.836000000000000049e-85
-2.295629999999999882e+01 1.836000000000000049e-85
-2.294630000000000081e+01 1.836000000000000049e-85
-2.293629999999999924e+01 1.836000000000000049e-85
-2.292630000000000123e+01 1.836000000000000049e-85
-2.291629999999999967e+01 1.836000000000000049e-85
-2.290630000000000166e+01 1.836000000000000049e-85
-2.289630000000000010e+01 1.836000000000000049e-85
-2.288629999999999853e+01 1.836000000000000049e-85
-2.287630000000000052e+01 1.836000000000000049e-85
-2.286629999999999896e+01 1.836000000000000049e-85
-2.285630000000000095e+01 1.836000000000000049e-85
-2.284629999999999939e+01 1.836000000000000049e-85
-2.283630000000000138e+01 1.836000000000000049e-85
-2.282629999999999981e+01 1.836000000000000049e-85
-2.281630000000000180e+01 1.836000000000000049e-85
-2.280630000000000024e+01 1.836000000000000049e-85
-2.279629999999999868e+01 1.836000000000000049e-85
-2.278630000000000067e+01 1.836000000000000049e-85
-2.277629999999999910e+01 1.836000000000000049e-85
-2.276630000000000109e+01 1.836000000000000049e-85
-2.275629999999999953e+01 1.836000000000000049e-85
-2.274630000000000152e+01 1.836000000000000049e-85
-2.273629999999999995e+01 1.836000000000000049e-85
-2.272630000000000194e+01 1.836000000000000049e-85
-2.271630000000000038e+01 1.836000000000000049e-85
-2.270629999999999882e+01 1.836000000000000049e-85
-2.269630000000000081e+01 1.836000000000000049e-85
-2.268629999999999924e+01 1.836000000000000049e-85
-2.267630000000000123e+01 1.836000000000000049e-85
-2.266629999999999967e+01 1.836000000000000049e-85
-2.265630000000000166e+01 1.836000000000000049e-85
-2.264630000000000010e+01 1.836000000000000049e-85
-2.263629999999999853e+01 1.836000000000000049e-85
-2.262630000000000052e+01 1.836000000000000049e-85
-2.261629999999999896e+01 1.836000000000000049e-85
-2.260630000000000095e+01 1.836000000000000049e-85
-2.259629999999999939e+01 1.836000000000000049e-85
-2.258630000000000138e+01 1.836000000000000049e-85
-2.257629999999999981e+01 1.836000000000000049e-85
-2.256630000000000180e+01 1.836000000000000049e-85
-2.255630000000000024e+01 1.836000000000000049e-85
-2.254629999999999868e+01 1.836000000000000049e-85
-2.253630000000000067e+01 1.836000000000000049e-85
-2.252629999999999910e+01 1.836000000000000049e-85
-2.251630000000000109e+01 1.836000000000000049e-85
-2.250629999999999953e+01 1.836000000000000049e-85
-2.249630000000000152e+01 1.836000000000000049e-85
-2.248629999999999995e+01 1.836000000000000049e-85
-2.247630000000000194e+01 1.836000000000000049e-85
-2.246630000000000038e+01 1.836000000000000049e-85
-2.245629999999999882e+01 1.836000000000000049e-85
-2.244630000000000081e+01 1.836000000000000049e-85
-2.243629999999999924e+01 1.836000000000000049e-85
-2.242630000000000123e+01 1.836000000000000049e-85
-2.241629999999999967e+01 1.836000000000000049e-85
-2.240630000000000166e+01 1.836000000000000049e-85
-2.239630000000000010e+01 1.836000000000000049e-85
-2.238629999999999853e+01 1.836000000000000049e-85
-2.237630000000000052e+01 1.836000000000000049e-85
-2.236629999999999896e+01 1.836000000000000049e-85
-2.235630000000000095e+01 1.836000000000000049e-85
-2.234629999999999939e+01 1.836000000000000049e-85
-2.233630000000000138e+01 1.836000000000000049e-85
-2.232629999999999981e+01 1.836000000000000049e-85
-2.231630000000000180e+01 1.836000000000000049e-85
-2.230630000000000024e+01 1.836000000000000049e-85
-2.229630000000000223e+01 1.836000000000000049e-85
-2.228630000000000067e+01 1.836000000000000049e-85
-2.227629999999999910e+01 1.836000000000000049e-85
-2.226630000000000109e+01 1.836000000000000049e-85
-2.225629999999999953e+01 1.836000000000000049e-85
-2.224629999999999797e+01 1.836000000000000049e-85
-2.223629999999999995e+01 1.836000000000000049e-85
-2.222630000000000194e+01 1.836000000000000049e-85
-2.221630000000000038e+01 1.836000000000000049e-85
-2.220629999999999882e+01 1.836000000000000049e-85
-2.219630000000000081e+01 1.836000000000000049e-85
-2.218630000000000280e+01 1.836000000000000049e-85
-2.217629999999999768e+01 1.836000000000000049e-85
-2.216629999999999967e+01 1.836000000000000049e-85
-2.215630000000000166e+01 1.836000000000000049e-85
-2.214630000000000010e+01 1.836000000000000049e-85
-2.213629999999999853e+01 1.836000000000000049e-85
-2.212630000000000052e+01 1.836000000000000049e-85
-2.211630000000000251e+01 1.836000000000000049e-85
-2.210630000000000095e+01 1.836000000000000049e-85
-2.209629999999999939e+01 1.836000000000000049e-85
-2.208630000000000138e+01 1.836000000000000049e-85
-2.207629999999999981e+01 1.836000000000000049e-85
-2.206629999999999825e+01 1.836000000000000049e-85
-2.205630000000000024e+01 1.836000000000000049e-85
-2.204630000000000223e+01 1.836000000000000049e-85
-2.203630000000000067e+01 1.836000000000000049e-85
-2.202629999999999910e+01 1.836000000000000049e-85
-2.201630000000000109e+01 1.836000000000000049e-85
-2.200629999999999953e+01 1.836000000000000049e-85
-2.199629999999999797e+01 1.836000000000000049e-85
-2.198629999999999995e+01 1.836000000000000049e-85
-2.197630000000000194e+01 1.836000000000000049e-85
-2.196630000000000038e+01 1.836000000000000049e-85
-2.195629999999999882e+01 1.836000000000000049e-85
-2.194630000000000081e+01 1.836000000000000049e-85
-2.193630000000000280e+01 1.836000000000000049e-85
-2.192629999999999768e+01 1.836000000000000049e-85
-2.191629999999999967e+01 1.836000000000000049e-85
-2.190630000000000166e+01 1.836000000000000049e-85
-2.189630000000000010e+01 1.836000000000000049e-85
-2.188629999999999853e+01 1.836000000000000049e-85
-2.187630000000000052e+01 1.836000000000000049e-85
-2.186630000000000251e+01 1.836000000000000049e-85
-2.185630000000000095e+01 1.836000000000000049e-85
-2.184629999999999939e+01 1.836000000000000049e-85
-2.183630000000000138e+01 1.836000000000000049e-85
-2.182629999999999981e+01 1.836000000000000049e-85
-2.181629999999999825e+01 1.836000000000000049e-85
-2.180630000000000024e+01 1.836000000000000049e-85
-2.179630000000000223e+01 1.836000000000000049e-85
-2.178630000000000067e+01 1.836000000000000049e-85
-2.177629999999999910e+01 1.836000000000000049e-85
-2.176630000000000109e+01 1.836000000000000049e-85
-2.175629999999999953e+01 1.836000000000000049e-85
-2.174629999999999797e+01 1.836000000000000049e-85
-2.173629999999999995e+01 1.836000000000000049e-85
-2.172630000000000194e+01 1.836000000000000049e-85
-2.171630000000000038e+01 1.836000000000000049e-85
-2.170629999999999882e+01 1.836000000000000049e-85
-2.169630000000000081e+01 1.836000000000000049e-85
-2.168630000000000280e+01 1.836000000000000049e-85
-2.167629999999999768e+01 1.836000000000000049e-85
-2.166629999999999967e+01 1.836000000000000049e-85
-2.165630000000000166e+01 1.836000000000000049e-85
-2.164630000000000010e+01 1.836000000000000049e-85
-2.163629999999999853e+01 1.836000000000000049e-85
-2.162630000000000052e+01 1.836000000000000049e-85
-2.161630000000000251e+01 1.836000000000000049e-85
-2.160630000000000095e+01 1.836000000000000049e-85
-2.159629999999999939e+01 1.836000000000000049e-85
-2.158630000000000138e+01 1.836000000000000049e-85
-2.157629999999999981e+01 1.836000000000000049e-85
-2.156629999999999825e+01 1.836000000000000049e-85
-2.155630000000000024e+01 1.836000000000000049e-85
-2.154630000000000223e+01 1.836000000000000049e-85
-2.153630000000000067e+01 1.836000000000000049e-85
-2.152629999999999910e+01 1.836000000000000049e-85
-2.151630000000000109e+01 1.836000000000000049e-85
-2.150629999999999953e+01 1.836000000000000049e-85
-2.149629999999999797e+01 1.836000000000000049e-85
-2.148629999999999995e+01 1.836000000000000049e-85
-2.147630000000000194e+01 1.836000000000000049e-85
-2.146630000000000038e+01 1.836000000000000049e-85
-2.145629999999999882e+01 1.836000000000000049e-85
-2.144630000000000081e+01 1.836000000000000049e-85
-2.143630000000000280e+01 1.836000000000000049e-85
-2.142629999999999768e+01 1.836000000000000049e-85
-2.141629999999999967e+01 1.836000000000000049e-85
-2.140630000000000166e+01 1.836000000000000049e-85
-2.139630000000000010e+01 1.836000000000000049e-85
-2.138629999999999853e+01 1.836000000000000049e-85
-2.137630000000000052e+01 1.836000000000000049e-85
-2.136630000000000251e+01 1.836000000000000049e-85
-2.135630000000000095e+01 1.836000000000000049e-85
-2.134629999999999939e+01 1.836000000000000049e-85
-2.133630000000000138e+01 1.836000000000000049e-85
-2.132629999999999981e+01 1.836000000000000049e-85
-2.131629999999999825e+01 1.836000000000000049e-85
-2.130630000000000024e+01 1.836000000000000049e-85
-2.129630000000000223e+01 1.836000000000000049e-85
-2.128630000000000067e+01 1.836000000000000049e-85
-2.127629999999999910e+01 1.836000000000000049e-85
-2.126630000000000109e+01 1.836000000000000049e-85
-2.125629999999999953e+01 1.836000000000000049e-85
-2.124629999999999797e+01 1.836000000000000049e-85
-2.123629999999999995e+01 1.836000000000000049e-85
-2.122630000000000194e+01 1.836000000000000049e-85
-2.121630000000000038e+01 1.836000000000000049e-85
-2.120629999999999882e+01 1.836000000000000049e-85
-2.119630000000000081e+01 1.836000000000000049e-85
-2.118630000000000280e+01 1.836000000000000049e-85
-2.117629999999999768e+01 1.836000000000000049e-85
-2.116629999999999967e+01 1.836000000000000049e-85
-2.115630000000000166e+01 1.836000000000000049e-85
-2.114630000000000010e+01 1.836000000000000049e-85
-2.113629999999999853e+01 1.836000000000000049e-85
-2.112630000000000052e+01 1.836000000000000049e-85
-2.111630000000000251e+01 1.836000000000000049e-85
-2.110630000000000095e+01 1.836000000000000049e-85
-2.109629999999999939e+01 1.836000000000000049e-85
-2.108630000000000138e+01 1.836000000000000049e-85
-2.107629999999999981e+01 1.836000000000000049e-85
-2.106629999999999825e+01 1.836000000000000049e-85
-2.105630000000000024e+01 1.836000000000000049e-85
-2.104630000000000223e+01 1.836000000000000049e-85
-2.103630000000000067e+01 1.836000000000000049e-85
-2.102629999999999910e+01 1.836000000000000049e-85
-2.101630000000000109e+01 1.836000000000000049e-85
-2.100629999999999953e+01 1.836000000000000049e-85
-2.099629999999999797e+01 1.836000000000000049e-85
-2.098629999999999995e+01 1.836000000000000049e-85
-2.097630000000000194e+01 1.836000000000000049e-85
-2.096630000000000038e+01 1.836000000000000049e-85
-2.095629999999999882e+01 1.836000000000000049e-85
-2.094630000000000081e+01 1.836000000000000049e-85
-2.093630000000000280e+01 1.836000000000000049e-85
-2.092629999999999768e+01 1.836000000000000049e-85
-2.091629999999999967e+01 1.836000000000000049e-85
-2.090630000000000166e+01 1.836000000000000049e-85
-2.089630000000000010e+01 1.836000000000000049e-85
-2.088629999999999853e+01 1.836000000000000049e-85
-2.087630000000000052e+01 1.836000000000000049e-85
-2.086630000000000251e+01 1.836000000000000049e-85
-2.085630000000000095e+01 1.836000000000000049e-85
-2.084629999999999939e+01 1.836000000000000049e-85
-2.083630000000000138e+01 1.836000000000000049e-85
-2.082629999999999981e+01 1.836000000000000049e-85
-2.081629999999999825e+01 1.836000000000000049e-85
-2.080630000000000024e+01 1.836000000000000049e-85
-2.079630000000000223e+01 1.836000000000000049e-85
-2.078630000000000067e+01 1.836000000000000049e-85
-2.077629999999999910e+01 1.836000000000000049e-85
-2.076630000000000109e+01 1.836000000000000049e-85
-2.075629999999999953e+01 1.836000000000000049e-85
-2.074629999999999797e+01 1.836000000000000049e-85
-2.073629999999999995e+01 1.836000000000000049e-85
-2.072630000000000194e+01 1.836000000000000049e-85
-2.071630000000000038e+01 1.836000000000000049e-85
-2.070629999999999882e+01 1.836000000000000049e-85
-2.069630000000000081e+01 1.836000000000000049e-85
-2.068630000000000280e+01 1.836000000000000049e-85
-2.067629999999999768e+01 1.836000000000000049e-85
-2.066629999999999967e+01 1.836000000000000049e-85
-2.065630000000000166e+01 1.836000000000000049e-85
-2.064630000000000010e+01 1.836000000000000049e-85
-2.063629999999999853e+01 1.836000000000000049e-85
-2.062630000000000052e+01 1.836000000000000049e-85
-2.061630000000000251e+01 1.836000000000000049e-85
-2.060630000000000095e+01 1.836000000000000049e-85
-2.059629999999999939e+01 1.836000000000000049e-85
-2.058630000000000138e+01 1.836000000000000049e-85
-2.057629999999999981e+01 1.836000000000000049e-85
-2.056629999999999825e+01 1.836000000000000049e-85
-2.055630000000000024e+01 1.836000000000000049e-85
-2.054630000000000223e+01 1.836000000000000049e-85
-2.053630000000000067e+01 1.836000000000000049e-85
-2.052629999999999910e+01 1.836000000000000049e-85
-2.051630000000000109e+01 1.836000000000000049e-85
-2.050629999999999953e+01 1.836000000000000049e-85
-2.049629999999999797e+01 1.836000000000000049e-85
-2.048629999999999995e+01 1.836000000000000049e-85
-2.047630000000000194e+01 1.836000000000000049e-85
-2.046630000000000038e+01 1.836000000000000049e-85
-2.045629999999999882e+01 1.836000000000000049e-85
-2.044630000000000081e+01 1.836000000000000049e-85
-2.043630000000000280e+01 1.836000000000000049e-85
-2.042629999999999768e+01 1.836000000000000049e-85
-2.041629999999999967e+01 1.836000000000000049e-85
-2.040630000000000166e+01 1.836000000000000049e-85
-2.039630000000000010e+01 1.836000000000000049e-85
-2.038629999999999853e+01 1.836000000000000049e-85
-2.037630000000000052e+01 1.836000000000000049e-85
-2.036630000000000251e+01 1.836000000000000049e-85
-2.035630000000000095e+01 1.836000000000000049e-85
-2.034629999999999939e+01 1.836000000000000049e-85
-2.033630000000000138e+01 1.836000000000000049e-85
-2.032629999999999981e+01 1.836000000000000049e-85
-2.031629999999999825e+01 1.836000000000000049e-85
-2.030630000000000024e+01 1.836000000000000049e-85
-2.029630000000000223e+01 1.836000000000000049e-85
-2.028630000000000067e+01 1.836000000000000049e-85
-2.027629999999999910e+01 1.836000000000000049e-85
-2.026630000000000109e+01 1.836000000000000049e-85
-2.025629999999999953e+01 1.836000000000000049e-85
-2.024629999999999797e+01 1.836000000000000049e-85
-2.023629999999999995e+01 1.836000000000000049e-85
-2.022630000000000194e+01 1.836000000000000049e-85
-2.021630000000000038e+01 1.836000000000000049e-85
-2.020629999999999882e+01 1.836000000000000049e-85
-2.019630000000000081e+01 1.836000000000000049e-85
-2.018630000000000280e+01 1.836000000000000049e-85
-2.017629999999999768e+01 1.836000000000000049e-85
-2.016629999999999967e+01 1.836000000000000049e-85
-2.015630000000000166e+01 1.836000000000000049e-85
-2.014630000000000010e+01 1.836000000000000049e-85
-2.013629999999999853e+01 1.836000000000000049e-85
-2.012630000000000052e+01 1.836000000000000049e-85
-2.011630000000000251e+01 1.836000000000000049e-85
-2.010630000000000095e+01 1.836000000000000049e-85
-2.009629999999999939e+01 1.836000000000000049e-85
-2.008630000000000138e+01 1.836000000000000049e-85
-2.007629999999999981e+01 1.836000000000000049e-85
-2.006629999999999825e+01 1.836000000000000049e-85
-2.005630000000000024e+01 1.836000000000000049e-85
-2.004630000000000223e+01 1.836000000000000049e-85
-2.003630000000000067e+01 1.836000000000000049e-85
-2.002629999999999910e+01 1.836000000000000049e-85
-2.001630000000000109e+01 1.836000000000000049e-85
-2.000629999999999953e+01 1.836000000000000049e-85
-1.999629999999999797e+01 1.836000000000000049e-85
-1.998629999999999995e+01 1.836000000000000049e-85
-1.997630000000000194e+01 1.836000000000000049e-85
-1.996630000000000038e+01 1.836000000000000049e-85
-1.995629999999999882e+01 1.836000000000000049e-85
-1.994630000000000081e+01 1.836000000000000049e-85
-1.993630000000000280e+01 1.836000000000000049e-85
-1.992629999999999768e+01 1.836000000000000049e-85
-1.991629999999999967e+01 1.836000000000000049e-85
-1.990630000000000166e+01 1.836000000000000049e-85
-1.989630000000000010e+01 1.836000000000000049e-85
-1.988629999999999853e+01 1.836000000000000049e-85
-1.987630000000000052e+01 1.836000000000000049e-85
-1.986630000000000251e+01 1.836000000000000049e-85
-1.985630000000000095e+01 1.836000000000000049e-85
-1.984629999999999939e+01 1.836000000000000049e-85
-1.983630000000000138e+01 1.836000000000000049e-85
-1.982629999999999981e+01 1.836000000000000049e-85
-1.981629999999999825e+01 1.836000000000000049e-85
-1.980630000000000024e+01 1.836000000000000049e-85
-1.979630000000000223e+01 1.836000000000000049e-85
-1.978630000000000067e+01 1.836000000000000049e-85
-1.977629999999999910e+01 1.836000000000000049e-85
-1.976630000000000109e+01 1.836000000000000049e-85
-1.975629999999999953e+01 1.836000000000000049e-85
-1.974629999999999797e+01 1.836000000000000049e-85
-1.973629999999999995e+01 1.836000000000000049e-85
-1.972630000000000194e+01 1.836000000000000049e-85
-1.971630000000000038e+01 1.836000000000000049e-85
-1.970629999999999882e+01 1.836000000000000049e-85
-1.969630000000000081e+01 1.836000000000000049e-85
-1.968630000000000280e+01 1.836000000000000049e-85
-1.967629999999999768e+01 1.836000000000000049e-85
-1.966629999999999967e+01 1.836000000000000049e-85
-1.965630000000000166e+01 1.836000000000000049e-85
-1.964630000000000010e+01 1.836000000000000049e-85
-1.963629999999999853e+01 1.836000000000000049e-85
-1.962630000000000052e+01 1.836000000000000049e-85
-1.961630000000000251e+01 1.836000000000000049e-85
-1.960630000000000095e+01 1.836000000000000049e-85
-1.959629999999999939e+01 1.836000000000000049e-85
-1.958630000000000138e+01 1.836000000000000049e-85
-1.957629999999999981e+01 1.836000000000000049e-85
-1.956629999999999825e+01 1.836000000000000049e-85
-1.955630000000000024e+01 1.836000000000000049e-85
-1.954630000000000223e+01 1.836000000000000049e-85
-1.953630000000000067e+01 1.836000000000000049e-85
-1.952629999999999910e+01 1.836000000000000049e-85
-1.951630000000000109e+01 1.836000000000000049e-85
-1.950629999999999953e+01 1.836000000000000049e-85
-1.949629999999999797e+01 1.836000000000000049e-85
-1.948629999999999995e+01 1.836000000000000049e-85
-1.947630000000000194e+01 1.836000000000000049e-85
-1.946630000000000038e+01 1.836000000000000049e-85
-1.945629999999999882e+01 1.836000000000000049e-85
-1.944630000000000081e+01 1.836000000000000049e-85
-1.943630000000000280e+01 1.836000000000000049e-85
-1.942629999999999768e+01 1.836000000000000049e-85
-1.941629999999999967e+01 1.836000000000000049e-85
-1.940630000000000166e+01 1.836000000000000049e-85
-1.939630000000000010e+01 1.836000000000000049e-85
-1.938629999999999853e+01 1.836000000000000049e-85
-1.937630000000000052e+01 1.836000000000000049e-85
-1.936630000000000251e+01 1.836000000000000049e-85
-1.935630000000000095e+01 1.836000000000000049e-85
-1.934629999999999939e+01 1.836000000000000049e-85
-1.933630000000000138e+01 1.836000000000000049e-85
-1.932629999999999981e+01 1.836000000000000049e-85
-1.931629999999999825e+01 1.836000000000000049e-85
-1.930630000000000024e+01 1.836000000000000049e-85
-1.929630000000000223e+01 1.836000000000000049e-85
-1.928630000000000067e+01 1.836000000000000049e-85
-1.927629999999999910e+01 1.836000000000000049e-85
-1.926630000000000109e+01 1.836000000000000049e-85
-1.925629999999999953e+01 1.836000000000000049e-85
-1.924629999999999797e+01 1.836000000000000049e-85
-1.923629999999999995e+01 1.836000000000000049e-85
-1.922630000000000194e+01 1.836000000000000049e-85
-1.921630000000000038e+01 1.836000000000000049e-85
-1.920629999999999882e+01 1.836000000000000049e-85
-1.919630000000000081e+01 1.836000000000000049e-85
-1.918630000000000280e+01 1.836000000000000049e-85
-1.917629999999999768e+01 1.836000000000000049e-85
-1.916629999999999967e+01 1.836000000000000049e-85
-1.915630000000000166e+01 1.836000000000000049e-85
-1.914630000000000010e+01 1.836000000000000049e-85
-1.913629999999999853e+01 1.836000000000000049e-85
-1.912630000000000052e+01 1.836000000000000049e-85
-1.911630000000000251e+01 1.836000000000000049e-85
-1.910630000000000095e+01 1.836000000000000049e-85
-1.909629999999999939e+01 1.836000000000000049e-85
-1.908630000000000138e+01 1.836000000000000049e-85
-1.907629999999999981e+01 1.836000000000000049e-85
-1.906629999999999825e+01 1.836000000000000049e-85
-1.905630000000000024e+01 1.836000000000000049e-85
-1.904630000000000223e+01 1.836000000000000049e-85
-1.903630000000000067e+01 1.836000000000000049e-85
-1.902629999999999910e+01 1.836000000000000049e-85
-1.901630000000000109e+01 1.836000000000000049e-85
-1.900629999999999953e+01 1.836000000000000049e-85
-1.899629999999999797e+01 1.836000000000000049e-85
-1.898629999999999995e+01 1.836000000000000049e-85
-1.897630000000000194e+01 1.836000000000000049e-85
-1.896630000000000038e+01 1.836000000000000049e-85
-1.895629999999999882e+01 1.836000000000000049e-85
-1.894630000000000081e+01 1.836000000000000049e-85
-1.893630000000000280e+01 1.836000000000000049e-85
-1.892629999999999768e+01 1.836000000000000049e-85
-1.891629999999999967e+01 1.836000000000000049e-85
-1.890630000000000166e+01 1.836000000000000049e-85
-1.889630000000000010e+01 1.836000000000000049e-85
-1.888629999999999853e+01 1.836000000000000049e-85
-1.887630000000000052e+01 1.836000000000000049e-85
-1.886630000000000251e+01 1.836000000000000049e-85
-1.885630000000000095e+01 1.836000000000000049e-85
-1.884629999999999939e+01 1.836000000000000049e-85
-1.883630000000000138e+01 1.836000000000000049e-85
-1.882629999999999981e+01 1.836000000000000049e-85
-1.881629999999999825e+01 1.836000000000000049e-85
-1.880630000000000024e+01 1.836000000000000049e-85
-1.879630000000000223e+01 1.836000000000000049e-85
-1.878630000000000067e+01 1.836000000000000049e-85
-1.877629999999999910e+01 1.836000000000000049e-85
-1.876630000000000109e+01 1.836000000000000049e-85
-1.875629999999999953e+01 1.836000000000000049e-85
-1.874629999999999797e+01 1.836000000000000049e-85
-1.873629999999999995e+01 1.836000000000000049e-85
-1.872630000000000194e+01 1.836000000000000049e-85
-1.871630000000000038e+01 1.836000000000000049e-85
-1.870629999999999882e+01 1.836000000000000049e-85
-1.869630000000000081e+01 1.836000000000000049e-85
-1.868630000000000280e+01 1.836000000000000049e-85
-1.867629999999999768e+01 1.836000000000000049e-85
-1.866629999999999967e+01 1.836000000000000049e-85
-1.865630000000000166e+01 1.836000000000000049e-85
-1.864630000000000010e+01 1.836000000000000049e-85
-1.863629999999999853e+01 1.836000000000000049e-85
-1.862630000000000052e+01 1.836000000000000049e-85
-1.861630000000000251e+01 1.836000000000000049e-85
-1.860630000000000095e+01 1.836000000000000049e-85
-1.859629999999999939e+01 1.836000000000000049e-85
-1.858630000000000138e+01 1.836000000000000049e-85
-1.857629999999999981e+01 1.836000000000000049e-85
-1.856629999999999825e+01 1.836000000000000049e-85
-1.855630000000000024e+01 1.836000000000000049e-85
-1.854630000000000223e+01 1.836000000000000049e-85
-1.853630000000000067e+01 1.836000000000000049e-85
-1.852629999999999910e+01 1.836000000000000049e-85
-1.851630000000000109e+01 1.836000000000000049e-85
-1.850629999999999953e+01 1.836000000000000049e-85
-1.849629999999999797e+01 1.836000000000000049e-85
-1.848629999999999995e+01 1.836000000000000049e-85
-1.847630000000000194e+01 1.836000000000000049e-85
-1.846630000000000038e+01 1.836000000000000049e-85
-1.845629999999999882e+01 1.836000000000000049e-85
-1.844630000000000081e+01 1.836000000000000049e-85
-1.843630000000000280e+01 1.836000000000000049e-85
-1.842629999999999768e+01 1.836000000000000049e-85
-1.841629999999999967e+01 1.836000000000000049e-85
-1.840630000000000166e+01 1.836000000000000049e-85
-1.839630000000000010e+01 1.836000000000000049e-85
-1.838629999999999853e+01 1.836000000000000049e-85
-1.837630000000000052e+01 1.836000000000000049e-85
-1.836630000000000251e+01 1.836000000000000049e-85
-1.835630000000000095e+01 1.836000000000000049e-85
-1.834629999999999939e+01 1.836000000000000049e-85
-1.833630000000000138e+01 1.836000000000000049e-85
-1.832629999999999981e+01 1.836000000000000049e-85
-1.831629999999999825e+01 1.836000000000000049e-85
-1.830630000000000024e+01 1.836000000000000049e-85
-1.829630000000000223e+01 1.836000000000000049e-85
-1.828630000000000067e+01 1.836000000000000049e-85
-1.827629999999999910e+01 1.836000000000000049e-85
-1.826630000000000109e+01 1.836000000000000049e-85
-1.825629999999999953e+01 1.836000000000000049e-85
-1.824629999999999797e+01 1.836000000000000049e-85
-1.823629999999999995e+01 1.836000000000000049e-85
-1.822630000000000194e+01 1.836000000000000049e-85
-1.821630000000000038e+01 1.836000000000000049e-85
-1.820629999999999882e+01 1.836000000000000049e-85
-1.819630000000000081e+01 1.836000000000000049e-85
-1.818630000000000280e+01 1.836000000000000049e-85
-1.817629999999999768e+01 1.836000000000000049e-85
-1.816629999999999967e+01 1.836000000000000049e-85
-1.815630000000000166e+01 1.836000000000000049e-85
-1.814630000000000010e+01 1.836000000000000049e-85
-1.813629999999999853e+01 1.836000000000000049e-85
-1.812630000000000052e+01 1.836000000000000049e-85
-1.811630000000000251e+01 1.836000000000000049e-85
-1.810630000000000095e+01 1.836000000000000049e-85
-1.809629999999999939e+01 1.836000000000000049e-85
-1.808630000000000138e+01 1.836000000000000049e-85
-1.807629999999999981e+01 1.836000000000000049e-85
-1.806629999999999825e+01 1.836000000000000049e-85
-1.805630000000000024e+01 1.836000000000000049e-85
-1.804630000000000223e+01 1.836000000000000049e-85
-1.803630000000000067e+01 1.836000000000000049e-85
-1.802629999999999910e+01 1.836000000000000049e-85
-1.801630000000000109e+01 1.836000000000000049e-85
-1.800629999999999953e+01 1.836000000000000049e-85
-1.799629999999999797e+01 1.836000000000000049e-85
-1.798629999999999995e+01 1.836000000000000049e-85
-1.797630000000000194e+01 1.836000000000000049e-85
-1.796630000000000038e+01 1.836000000000000049e-85
-1.795629999999999882e+01 1.836000000000000049e-85
-1.794630000000000081e+01 1.836000000000000049e-85
-1.793630000000000280e+01 1.836000000000000049e-85
-1.792629999999999768e+01 1.836000000000000049e-85
-1.791629999999999967e+01 1.836000000000000049e-85
-1.790630000000000166e+01 1.836000000000000049e-85
-1.789630000000000010e+01 1.836000000000000049e-85
-1.788629999999999853e+01 1.836000000000000049e-85
-1.787630000000000052e+01 1.836000000000000049e-85
-1.786630000000000251e+01 1.836000000000000049e-85
-1.785630000000000095e+01 1.836000000000000049e-85
-1.784629999999999939e+01 1.836000000000000049e-85
-1.783630000000000138e+01 1.836000000000000049e-85
-1.782629999999999981e+01 1.836000000000000049e-85
-1.781629999999999825e+01 1.836000000000000049e-85
-1.780630000000000024e+01 1.836000000000000049e-85
-1.779630000000000223e+01 1.836000000000000049e-85
-1.778630000000000067e+01 1.836000000000000049e-85
-1.777629999999999910e+01 1.836000000000000049e-85
-1.776630000000000109e+01 1.836000000000000049e-85
-1.775629999999999953e+01 1.836000000000000049e-85
-1.774629999999999797e+01 1.836000000000000049e-85
-1.773629999999999995e+01 1.836000000000000049e-85
-1.772630000000000194e+01 1.836000000000000049e-85
-1.771630000000000038e+01 1.836000000000000049e-85
-1.770629999999999882e+01 1.836000000000000049e-85
-1.769630000000000081e+01 1.836000000000000049e-85
-1.768630000000000280e+01 1.836000000000000049e-85
-1.767629999999999768e+01 1.836000000000000049e-85
-1.766629999999999967e+01 1.836000000000000049e-85
-1.765630000000000166e+01 1.836000000000000049e-85
-1.764630000000000010e+01 1.836000000000000049e-85
-1.763629999999999853e+01 1.836000000000000049e-85
-1.762630000000000052e+01 1.836000000000000049e-85
-1.761630000000000251e+01 1.836000000000000049e-85
-1.760630000000000095e+01 1.836000000000000049e-85
-1.759629999999999939e+01 1.836000000000000049e-85
-1.758630000000000138e+01 1.836000000000000049e-85
-1.757629999999999981e+01 1.836000000000000049e-85
-1.756629999999999825e+01 1.836000000000000049e-85
-1.755630000000000024e+01 1.836000000000000049e-85
-1.754630000000000223e+01 1.836000000000000049e-85
-1.753630000000000067e+01 1.836000000000000049e-85
-1.752629999999999910e+01 1.836000000000000049e-85
-1.751630000000000109e+01 1.836000000000000049e-85
-1.750629999999999953e+01 1.836000000000000049e-85
-1.749629999999999797e+01 1.836000000000000049e-85
-1.748629999999999995e+01 1.836000000000000049e-85
-1.747630000000000194e+01 1.836000000000000049e-85
-1.746630000000000038e+01 1.836000000000000049e-85
-1.745629999999999882e+01 1.836000000000000049e-85
-1.744630000000000081e+01 1.836000000000000049e-85
-1.743630000000000280e+01 1.836000000000000049e-85
-1.742629999999999768e+01 1.836000000000000049e-85
-1.741629999999999967e+01 1.836000000000000049e-85
-1.740630000000000166e+01 1.836000000000000049e-85
-1.739630000000000010e+01 1.836000000000000049e-85
-1.738629999999999853e+01 1.836000000000000049e-85
-1.737630000000000052e+01 1.836000000000000049e-85
-1.736630000000000251e+01 1.836000000000000049e-85
-1.735630000000000095e+01 1.836000000000000049e-85
-1.734629999999999939e+01 1.836000000000000049e-85
-1.733630000000000138e+01 1.836000000000000049e-85
-1.732629999999999981e+01 1.836000000000000049e-85
-1.731629999999999825e+01 1.836000000000000049e-85
-1.730630000000000024e+01 1.836000000000000049e-85
-1.729630000000000223e+01 1.836000000000000049e-85
-1.728630000000000067e+01 1.836000000000000049e-85
-1.727629999999999910e+01 1.836000000000000049e-85
-1.726630000000000109e+01 1.836000000000000049e-85
-1.725629999999999953e+01 1.836000000000000049e-85
-1.724629999999999797e+01 1.836000000000000049e-85
-1.723629999999999995e+01 1.836000000000000049e-85
-1.722630000000000194e+01 1.836000000000000049e-85
-1.721630000000000038e+01 1.836000000000000049e-85
-1.720629999999999882e+01 1.836000000000000049e-85
-1.719630000000000081e+01 1.836000000000000049e-85
-1.718630000000000280e+01 1.836000000000000049e-85
-1.717629999999999768e+01 1.836000000000000049e-85
-1.716629999999999967e+01 1.836000000000000049e-85
-1.715630000000000166e+01 1.836000000000000049e-85
-1.714630000000000010e+01 1.836000000000000049e-85
-1.713629999999999853e+01 1.836000000000000049e-85
-1.712630000000000052e+01 1.836000000000000049e-85
-1.711630000000000251e+01 1.836000000000000049e-85
-1.710630000000000095e+01 1.836000000000000049e-85
-1.709629999999999939e+01 1.836000000000000049e-85
-1.708630000000000138e+01 1.836000000000000049e-85
-1.707629999999999981e+01 1.836000000000000049e-85
-1.706629999999999825e+01 1.836000000000000049e-85
-1.705630000000000024e+01 1.836000000000000049e-85
-1.704630000000000223e+01 1.836000000000000049e-85
-1.703630000000000067e+01 1.836000000000000049e-85
-1.702629999999999910e+01 1.836000000000000049e-85
-1.701630000000000109e+01 1.836000000000000049e-85
-1.700629999999999953e+01 1.836000000000000049e-85
-1.699629999999999797e+01 1.836000000000000049e-85
-1.698629999999999995e+01 1.836000000000000049e-85
-1.697630000000000194e+01 1.836000000000000049e-85
-1.696630000000000038e+01 1.836000000000000049e-85
-1.695629999999999882e+01 1.836000000000000049e-85
-1.694630000000000081e+01 1.836000000000000049e-85
-1.693630000000000280e+01 1.836000000000000049e-85
-1.692629999999999768e+01 1.836000000000000049e-85
-1.691629999999999967e+01 1.836000000000000049e-85
-1.690630000000000166e+01 1.836000000000000049e-85
-1.689630000000000010e+01 1.836000000000000049e-85
-1.688629999999999853e+01 1.836000000000000049e-85
-1.687630000000000052e+01 1.836000000000000049e-85
-1.686630000000000251e+01 1.836000000000000049e-85
-1.685630000000000095e+01 1.836000000000000049e-85
-1.684629999999999939e+01 1.836000000000000049e-85
-1.683630000000000138e+01 1.836000000000000049e-85
-1.682629999999999981e+01 1.836000000000000049e-85
-1.681629999999999825e+01 1.836000000000000049e-85
-1.680630000000000024e+01 1.836000000000000049e-85
-1.679630000000000223e+01 1.836000000000000049e-85
-1.678630000000000067e+01 1.836000000000000049e-85
-1.677629999999999910e+01 1.836000000000000049e-85
-1.676630000000000109e+01 1.836000000000000049e-85
-1.675629999999999953e+01 1.836000000000000049e-85
-1.674629999999999797e+01 1.836000000000000049e-85
-1.673629999999999995e+01 1.836000000000000049e-85
-1.672630000000000194e+01 1.836000000000000049e-85
-1.671630000000000038e+01 1.836000000000000049e-85
-1.670629999999999882e+01 1.836000000000000049e-85
-1.669630000000000081e+01 1.836000000000000049e-85
-1.668630000000000280e+01 1.836000000000000049e-85
-1.667629999999999768e+01 1.836000000000000049e-85
-1.666629999999999967e+01 1.836000000000000049e-85
-1.665630000000000166e+01 1.836000000000000049e-85
-1.664630000000000010e+01 1.836000000000000049e-85
-1.663629999999999853e+01 1.836000000000000049e-85
-1.662630000000000052e+01 1.836000000000000049e-85
-1.661630000000000251e+01 1.836000000000000049e-85
-1.660630000000000095e+01 1.836000000000000049e-85
-1.659629999999999939e+01 1.836000000000000049e-85
-1.658630000000000138e+01 1.836000000000000049e-85
-1.657629999999999981e+01 1.836000000000000049e-85
-1.656629999999999825e+01 1.836000000000000049e-85
-1.655630000000000024e+01 1.836000000000000049e-85
-1.654630000000000223e+01 1.836000000000000049e-85
-1.653630000000000067e+01 1.836000000000000049e-85
-1.652629999999999910e+01 1.836000000000000049e-85
-1.651630000000000109e+01 1.836000000000000049e-85
-1.650629999999999953e+01 1.836000000000000049e-85
-1.649629999999999797e+01 1.836000000000000049e-85
-1.648629999999999995e+01 1.836000000000000049e-85
-1.647630000000000194e+01 1.836000000000000049e-85
-1.646630000000000038e+01 1.836000000000000049e-85
-1.645629999999999882e+01 1.836000000000000049e-85
-1.644630000000000081e+01 1.836000000000000049e-85
-1.643630000000000280e+01 1.836000000000000049e-85
-1.642629999999999768e+01 1.836000000000000049e-85
-1.641629999999999967e+01 1.836000000000000049e-85
-1.640630000000000166e+01 1.836000000000000049e-85
-1.639630000000000010e+01 1.836000000000000049e-85
-1.638629999999999853e+01 1.836000000000000049e-85
-1.637630000000000052e+01 1.836000000000000049e-85
-1.636630000000000251e+01 1.836000000000000049e-85
-1.635630000000000095e+01 1.836000000000000049e-85
-1.634629999999999939e+01 1.836000000000000049e-85
-1.633630000000000138e+01 1.836000000000000049e-85
-1.632629999999999981e+01 1.836000000000000049e-85
-1.631629999999999825e+01 1.836000000000000049e-85
-1.630630000000000024e+01 1.836000000000000049e-85
-1.629630000000000223e+01 1.836000000000000049e-85
-1.628630000000000067e+01 1.836000000000000049e-85
-1.627629999999999910e+01 1.836000000000000049e-85
-1.626630000000000109e+01 1.836000000000000049e-85
-1.625629999999999953e+01 1.836000000000000049e-85
-1.624629999999999797e+01 1.836000000000000049e-85
-1.623629999999999995e+01 1.836000000000000049e-85
-1.622630000000000194e+01 1.836000000000000049e-85
-1.621630000000000038e+01 1.836000000000000049e-85
-1.620629999999999882e+01 1.836000000000000049e-85
-1.619630000000000081e+01 1.836000000000000049e-85
-1.618630000000000280e+01 1.836000000000000049e-85
-1.617629999999999768e+01 1.836000000000000049e-85
-1.616629999999999967e+01 1.836000000000000049e-85
-1.615630000000000166e+01 1.836000000000000049e-85
-1.614630000000000010e+01 1.836000000000000049e-85
-1.613629999999999853e+01 1.836000000000000049e-85
-1.612630000000000052e+01 1.836000000000000049e-85
-1.611630000000000251e+01 1.836000000000000049e-85
-1.610630000000000095e+01 1.836000000000000049e-85
-1.609629999999999939e+01 1.836000000000000049e-85
-1.608630000000000138e+01 1.836000000000000049e-85
-1.607629999999999981e+01 1.836000000000000049e-85
-1.606629999999999825e+01 1.836000000000000049e-85
-1.605630000000000024e+01 1.836000000000000049e-85
-1.604630000000000223e+01 1.836000000000000049e-85
-1.603630000000000067e+01 1.836000000000000049e-85
-1.602629999999999910e+01 1.836000000000000049e-85
-1.601630000000000109e+01 1.836000000000000049e-85
-1.600629999999999953e+01 1.836000000000000049e-85
-1.599629999999999974e+01 1.836000000000000049e-85
-1.598629999999999995e+01 1.836000000000000049e-85
-1.597630000000000017e+01 1.836000000000000049e-85
-1.596630000000000038e+01 1.836000000000000049e-85
-1.595630000000000059e+01 1.836000000000000049e-85
-1.594630000000000081e+01 1.836000000000000049e-85
-1.593630000000000102e+01 1.836000000000000049e-85
-1.592629999999999946e+01 1.836000000000000049e-85
-1.591629999999999967e+01 1.836000000000000049e-85
-1.590629999999999988e+01 1.836000000000000049e-85
-1.589630000000000010e+01 1.836000000000000049e-85
-1.588630000000000031e+01 1.836000000000000049e-85
-1.587630000000000052e+01 1.836000000000000049e-85
-1.586630000000000074e+01 1.836000000000000049e-85
-1.585630000000000095e+01 1.836000000000000049e-85
-1.584629999999999939e+01 1.836000000000000049e-85
-1.583629999999999960e+01 1.836000000000000049e-85
-1.582629999999999981e+01 1.836000000000000049e-85
-1.581630000000000003e+01 1.836000000000000049e-85
-1.580630000000000024e+01 1.836000000000000049e-85
-1.579630000000000045e+01 1.836000000000000049e-85
-1.578630000000000067e+01 1.836000000000000049e-85
-1.577630000000000088e+01 1.836000000000000049e-85
-1.576630000000000109e+01 1.836000000000000049e-85
-1.575629999999999953e+01 1.836000000000000049e-85
-1.574629999999999974e+01 1.836000000000000049e-85
-1.573629999999999995e+01 1.836000000000000049e-85
-1.572630000000000017e+01 1.836000000000000049e-85
-1.571630000000000038e+01 1.836000000000000049e-85
-1.570630000000000059e+01 1.836000000000000049e-85
-1.569630000000000081e+01 1.836000000000000049e-85
-1.568630000000000102e+01 1.836000000000000049e-85
-1.567629999999999946e+01 1.836000000000000049e-85
-1.566629999999999967e+01 1.836000000000000049e-85
-1.565629999999999988e+01 1.836000000000000049e-85
-1.564630000000000010e+01 1.836000000000000049e-85
-1.563630000000000031e+01 1.836000000000000049e-85
-1.562630000000000052e+01 1.836000000000000049e-85
-1.561630000000000074e+01 1.836000000000000049e-85
-1.560630000000000095e+01 1.836000000000000049e-85
-1.559629999999999939e+01 1.836000000000000049e-85
-1.558629999999999960e+01 1.836000000000000049e-85
-1.557629999999999981e+01 1.836000000000000049e-85
-1.556630000000000003e+01 1.836000000000000049e-85
-1.555630000000000024e+01 1.836000000000000049e-85
-1.554630000000000045e+01 1.836000000000000049e-85
-1.553630000000000067e+01 1.836000000000000049e-85
-1.552630000000000088e+01 1.836000000000000049e-85
-1.551630000000000109e+01 1.836000000000000049e-85
-1.550629999999999953e+01 1.836000000000000049e-85
-1.549629999999999974e+01 1.836000000000000049e-85
-1.548629999999999995e+01 1.836000000000000049e-85
-1.547630000000000017e+01 1.836000000000000049e-85
-1.546630000000000038e+01 1.836000000000000049e-85
-1.545630000000000059e+01 1.836000000000000049e-85
-1.544630000000000081e+01 1.836000000000000049e-85
-1.543630000000000102e+01 1.836000000000000049e-85
-1.542629999999999946e+01 1.836000000000000049e-85
-1.541629999999999967e+01 1.836000000000000049e-85
-1.540629999999999988e+01 1.836000000000000049e-85
-1.539630000000000010e+01 1.836000000000000049e-85
-1.538630000000000031e+01 1.836000000000000049e-85
-1.537630000000000052e+01 1.836000000000000049e-85
-1.536630000000000074e+01 1.836000000000000049e-85
-1.535630000000000095e+01 1.836000000000000049e-85
-1.534629999999999939e+01 1.836000000000000049e-85
-1.533629999999999960e+01 1.836000000000000049e-85
-1.532629999999999981e+01 1.836000000000000049e-85
-1.531630000000000003e+01 1.836000000000000049e-85
-1.530630000000000024e+01 1.836000000000000049e-85
-1.529630000000000045e+01 1.836000000000000049e-85
-1.528630000000000067e+01 1.836000000000000049e-85
-1.527630000000000088e+01 1.836000000000000049e-85
-1.526630000000000109e+01 1.836000000000000049e-85
-1.525629999999999953e+01 1.836000000000000049e-85
-1.524629999999999974e+01 1.836000000000000049e-85
-1.523629999999999995e+01 1.836000000000000049e-85
-1.522630000000000017e+01 1.836000000000000049e-85
-1.521630000000000038e+01 1.836000000000000049e-85
-1.520630000000000059e+01 1.836000000000000049e-85
-1.519630000000000081e+01 1.836000000000000049e-85
-1.518630000000000102e+01 1.836000000000000049e-85
-1.517629999999999946e+01 1.836000000000000049e-85
-1.516629999999999967e+01 1.836000000000000049e-85
-1.515629999999999988e+01 1.836000000000000049e-85
-1.514630000000000010e+01 1.836000000000000049e-85
-1.513630000000000031e+01 1.836000000000000049e-85
-1.512630000000000052e+01 1.836000000000000049e-85
-1.511630000000000074e+01 1.836000000000000049e-85
-1.510630000000000095e+01 1.836000000000000049e-85
-1.509629999999999939e+01 1.836000000000000049e-85
-1.508629999999999960e+01 1.836000000000000049e-85
-1.507629999999999981e+01 1.836000000000000049e-85
-1.506630000000000003e+01 1.836000000000000049e-85
-1.505630000000000024e+01 1.836000000000000049e-85
-1.504630000000000045e+01 1.836000000000000049e-85
-1.503630000000000067e+01 1.836000000000000049e-85
-1.502630000000000088e+01 1.836000000000000049e-85
-1.501630000000000109e+01 1.836000000000000049e-85
-1.500629999999999953e+01 1.836000000000000049e-85
-1.499629999999999974e+01 1.836000000000000049e-85
-1.498629999999999995e+01 1.836000000000000049e-85
-1.497630000000000017e+01 1.836000000000000049e-85
-1.496630000000000038e+01 1.836000000000000049e-85
-1.495630000000000059e+01 1.836000000000000049e-85
-1.494630000000000081e+01 1.836000000000000049e-85
-1.493630000000000102e+01 1.836000000000000049e-85
-1.492629999999999946e+01 1.836000000000000049e-85
-1.491629999999999967e+01 1.836000000000000049e-85
-1.490629999999999988e+01 1.836000000000000049e-85
-1.489630000000000010e+01 1.836000000000000049e-85
-1.488630000000000031e+01 1.836000000000000049e-85
-1.487630000000000052e+01 1.836000000000000049e-85
-1.486630000000000074e+01 1.836000000000000049e-85
-1.485630000000000095e+01 1.836000000000000049e-85
-1.484629999999999939e+01 1.836000000000000049e-85
-1.483629999999999960e+01 1.836000000000000049e-85
-1.482629999999999981e+01 1.836000000000000049e-85
-1.481630000000000003e+01 1.836000000000000049e-85
-1.480630000000000024e+01 1.836000000000000049e-85
-1.479630000000000045e+01 1.836000000000000049e-85
-1.478630000000000067e+01 1.836000000000000049e-85
-1.477630000000000088e+01 1.836000000000000049e-85
-1.476630000000000109e+01 1.836000000000000049e-85
-1.475629999999999953e+01 1.836000000000000049e-85
-1.474629999999999974e+01 1.836000000000000049e-85
-1.473629999999999995e+01 1.836000000000000049e-85
-1.472630000000000017e+01 1.836000000000000049e-85
-1.471630000000000038e+01 1.836000000000000049e-85
-1.470630000000000059e+01 1.836000000000000049e-85
-1.469630000000000081e+01 1.836000000000000049e-85
-1.468630000000000102e+01 1.836000000000000049e-85
-1.467629999999999946e+01 1.836000000000000049e-85
-1.466629999999999967e+01 1.836000000000000049e-85
-1.465629999999999988e+01 1.836000000000000049e-85
-1.464630000000000010e+01 1.836000000000000049e-85
-1.463630000000000031e+01 1.836000000000000049e-85
-1.462630000000000052e+01 1.836000000000000049e-85
-1.461630000000000074e+01 1.836000000000000049e-85
-1.460630000000000095e+01 1.836000000000000049e-85
-1.459629999999999939e+01 1.836000000000000049e-85
-1.458629999999999960e+01 1.836000000000000049e-85
-1.457629999999999981e+01 1.836000000000000049e-85
-1.456630000000000003e+01 1.836000000000000049e-85
-1.455630000000000024e+01 1.836000000000000049e-85
-1.454630000000000045e+01 1.836000000000000049e-85
-1.453630000000000067e+01 1.836000000000000049e-85
-1.452630000000000088e+01 1.836000000000000049e-85
-1.451630000000000109e+01 1.836000000000000049e-85
-1.450629999999999953e+01 1.836000000000000049e-85
-1.449629999999999974e+01 1.836000000000000049e-85
-1.448629999999999995e+01 1.836000000000000049e-85
-1.447630000000000017e+01 1.836000000000000049e-85
-1.446630000000000038e+01 1.836000000000000049e-85
-1.445630000000000059e+01 1.836000000000000049e-85
-1.444630000000000081e+01 1.836000000000000049e-85
-1.443630000000000102e+01 1.836000000000000049e-85
-1.442629999999999946e+01 1.836000000000000049e-85
-1.441629999999999967e+01 1.836000000000000049e-85
-1.440629999999999988e+01 1.836000000000000049e-85
-1.439630000000000010e+01 1.836000000000000049e-85
-1.438630000000000031e+01 1.836000000000000049e-85
-1.437630000000000052e+01 1.836000000000000049e-85
-1.436630000000000074e+01 1.836000000000000049e-85
-1.435630000000000095e+01 1.836000000000000049e-85
-1.434629999999999939e+01 1.836000000000000049e-85
-1.433629999999999960e+01 1.836000000000000049e-85
-1.432629999999999981e+01 1.836000000000000049e-85
-1.431630000000000003e+01 1.836000000000000049e-85
-1.430630000000000024e+01 1.836000000000000049e-85
-1.429630000000000045e+01 1.836000000000000049e-85
-1.428630000000000067e+01 1.836000000000000049e-85
-1.427629999999999910e+01 1.836000000000000049e-85
-1.426630000000000109e+01 1.836000000000000049e-85
-1.425629999999999953e+01 1.836000000000000049e-85
-1.424630000000000152e+01 1.836000000000000049e-85
-1.423629999999999995e+01 1.836000000000000049e-85
-1.422630000000000017e+01 1.836000000000000049e-85
-1.421630000000000038e+01 1.836000000000000049e-85
-1.420630000000000059e+01 1.836000000000000049e-85
-1.419630000000000081e+01 1.836000000000000049e-85
-1.418629999999999924e+01 1.836000000000000049e-85
-1.417630000000000123e+01 1.836000000000000049e-85
-1.416629999999999967e+01 1.836000000000000049e-85
-1.415629999999999988e+01 1.836000000000000049e-85
-1.414630000000000010e+01 1.836000000000000049e-85
-1.413630000000000031e+01 1.836000000000000049e-85
-1.412630000000000052e+01 1.836000000000000049e-85
-1.411629999999999896e+01 1.836000000000000049e-85
-1.410630000000000095e+01 1.836000000000000049e-85
-1.409629999999999939e+01 1.836000000000000049e-85
-1.408630000000000138e+01 1.836000000000000049e-85
-1.407629999999999981e+01 1.836000000000000049e-85
-1.406630000000000003e+01 1.836000000000000049e-85
-1.405630000000000024e+01 1.836000000000000049e-85
-1.404630000000000045e+01 1.836000000000000049e-85
-1.403630000000000067e+01 1.836000000000000049e-85
-1.402629999999999910e+01 1.836000000000000049e-85
-1.401630000000000109e+01 1.836000000000000049e-85
-1.400629999999999953e+01 1.836000000000000049e-85
-1.399630000000000152e+01 1.836000000000000049e-85
-1.398629999999999995e+01 1.836000000000000049e-85
-1.397630000000000017e+01 1.836000000000000049e-85
-1.396630000000000038e+01 1.836000000000000049e-85
-1.395630000000000059e+01 1.836000000000000049e-85
-1.394630000000000081e+01 1.836000000000000049e-85
-1.393629999999999924e+01 1.836000000000000049e-85
-1.392630000000000123e+01 1.836000000000000049e-85
-1.391629999999999967e+01 1.836000000000000049e-85
-1.390629999999999988e+01 1.836000000000000049e-85
-1.389630000000000010e+01 1.836000000000000049e-85
-1.388630000000000031e+01 1.836000000000000049e-85
-1.387630000000000052e+01 1.836000000000000049e-85
-1.386629999999999896e+01 1.836000000000000049e-85
-1.385630000000000095e+01 1.836000000000000049e-85
-1.384629999999999939e+01 1.836000000000000049e-85
-1.383630000000000138e+01 1.836000000000000049e-85
-1.382629999999999981e+01 1.836000000000000049e-85
-1.381630000000000003e+01 1.836000000000000049e-85
-1.380630000000000024e+01 1.836000000000000049e-85
-1.379630000000000045e+01 1.836000000000000049e-85
-1.378630000000000067e+01 1.836000000000000049e-85
-1.377629999999999910e+01 1.836000000000000049e-85
-1.376630000000000109e+01 1.836000000000000049e-85
-1.375629999999999953e+01 1.836000000000000049e-85
-1.374630000000000152e+01 1.836000000000000049e-85
-1.373629999999999995e+01 1.836000000000000049e-85
-1.372630000000000017e+01 1.836000000000000049e-85
-1.371630000000000038e+01 1.836000000000000049e-85
-1.370630000000000059e+01 1.836000000000000049e-85
-1.369630000000000081e+01 1.836000000000000049e-85
-1.368629999999999924e+01 1.836000000000000049e-85
-1.367630000000000123e+01 1.836000000000000049e-85
-1.366629999999999967e+01 1.836000000000000049e-85
-1.365629999999999988e+01 1.836000000000000049e-85
-1.364630000000000010e+01 1.836000000000000049e-85
-1.363630000000000031e+01 1.836000000000000049e-85
-1.362630000000000052e+01 1.836000000000000049e-85
-1.361629999999999896e+01 1.836000000000000049e-85
-1.360630000000000095e+01 1.836000000000000049e-85
-1.359629999999999939e+01 1.836000000000000049e-85
-1.358630000000000138e+01 1.836000000000000049e-85
-1.357629999999999981e+01 1.836000000000000049e-85
-1.356630000000000003e+01 1.836000000000000049e-85
-1.355630000000000024e+01 1.836000000000000049e-85
-1.354630000000000045e+01 1.836000000000000049e-85
-1.353630000000000067e+01 1.836000000000000049e-85
-1.352629999999999910e+01 1.836000000000000049e-85
-1.351630000000000109e+01 1.836000000000000049e-85
-1.350629999999999953e+01 1.836000000000000049e-85
-1.349630000000000152e+01 1.836000000000000049e-85
-1.348629999999999995e+01 1.836000000000000049e-85
-1.347630000000000017e+01 1.836000000000000049e-85
-1.346630000000000038e+01 1.836000000000000049e-85
-1.345630000000000059e+01 1.836000000000000049e-85
-1.344630000000000081e+01 1.836000000000000049e-85
-1.343629999999999924e+01 1.836000000000000049e-85
-1.342630000000000123e+01 1.836000000000000049e-85
-1.341629999999999967e+01 1.836000000000000049e-85
-1.340629999999999988e+01 1.836000000000000049e-85
-1.339630000000000010e+01 1.836000000000000049e-85
-1.338630000000000031e+01 1.836000000000000049e-85
-1.337630000000000052e+01 1.836000000000000049e-85
-1.336629999999999896e+01 1.836000000000000049e-85
-1.335630000000000095e+01 1.836000000000000049e-85
-1.334629999999999939e+01 1.836000000000000049e-85
-1.333630000000000138e+01 1.836000000000000049e-85
-1.332629999999999981e+01 1.836000000000000049e-85
-1.331630000000000003e+01 1.836000000000000049e-85
-1.330630000000000024e+01 1.836000000000000049e-85
-1.329630000000000045e+01 1.836000000000000049e-85
-1.328630000000000067e+01 1.836000000000000049e-85
-1.327629999999999910e+01 1.836000000000000049e-85
-1.326630000000000109e+01 1.836000000000000049e-85
-1.325629999999999953e+01 1.836000000000000049e-85
-1.324630000000000152e+01 1.836000000000000049e-85
-1.323629999999999995e+01 1.836000000000000049e-85
-1.322630000000000017e+01 1.836000000000000049e-85
-1.321630000000000038e+01 1.836000000000000049e-85
-1.320630000000000059e+01 1.836000000000000049e-85
-1.319630000000000081e+01 1.836000000000000049e-85
-1.318629999999999924e+01 1.836000000000000049e-85
-1.317630000000000123e+01 1.836000000000000049e-85
-1.316629999999999967e+01 1.836000000000000049e-85
-1.315629999999999988e+01 1.836000000000000049e-85
-1.314630000000000010e+01 1.836000000000000049e-85
-1.313630000000000031e+01 1.836000000000000049e-85
-1.312630000000000052e+01 1.836000000000000049e-85
-1.311629999999999896e+01 1.836000000000000049e-85
-1.310630000000000095e+01 1.836000000000000049e-85
-1.309629999999999939e+01 1.836000000000000049e-85
-1.308630000000000138e+01 1.838999999999999918e-85
-1.307629999999999981e+01 2.025000000000000104e-85
-1.306630000000000003e+01 1.246000000000000065e-84
-1.305630000000000024e+01 5.757000000000000161e-83
-1.304630000000000045e+01 2.970000000000000026e-81
-1.303630000000000067e+01 1.471999999999999943e-79
-1.302629999999999910e+01 6.988999999999999705e-78
-1.301630000000000109e+01 3.178999999999999991e-76
-1.300629999999999953e+01 1.384999999999999986e-74
-1.299630000000000152e+01 5.777000000000000137e-73
-1.298629999999999995e+01 2.309000000000000087e-71
-1.297630000000000017e+01 8.837999999999999470e-70
-1.296630000000000038e+01 3.241000000000000042e-68
-1.295630000000000059e+01 1.137999999999999966e-66
-1.294630000000000081e+01 3.829999999999999720e-65
-1.293629999999999924e+01 1.234000000000000020e-63
-1.292630000000000123e+01 3.810999999999999821e-62
-1.291629999999999967e+01 1.127000000000000067e-60
-1.290629999999999988e+01 3.193000000000000048e-59
-1.289630000000000010e+01 8.667000000000000292e-58
-1.288630000000000031e+01 2.253000000000000060e-56
-1.287630000000000052e+01 5.613000000000000067e-55
-1.286629999999999896e+01 1.338999999999999984e-53
-1.285630000000000095e+01 3.062000000000000035e-52
-1.284629999999999939e+01 6.706999999999999514e-51
-1.283630000000000138e+01 1.406999999999999984e-49
-1.282629999999999981e+01 2.829999999999999940e-48
-1.281630000000000003e+01 5.451000000000000161e-47
-1.280630000000000024e+01 1.006000000000000020e-45
-1.279630000000000045e+01 1.778999999999999938e-44
-1.278630000000000067e+01 3.015000000000000000e-43
-1.277629999999999910e+01 4.895000000000000265e-42
-1.276630000000000109e+01 7.615999999999999889e-41
-1.275629999999999953e+01 1.136000000000000005e-39
-1.274630000000000152e+01 1.621999999999999916e-38
-1.273629999999999995e+01 2.221000000000000030e-37
-1.272630000000000017e+01 2.915000000000000017e-36
-1.271630000000000038e+01 3.665999999999999826e-35
-1.270630000000000059e+01 4.417999999999999766e-34
-1.269630000000000081e+01 5.103000000000000279e-33
-1.268629999999999924e+01 5.650000000000000077e-32
-1.267630000000000123e+01 5.995999999999999687e-31
-1.266629999999999967e+01 6.099999999999999808e-30
-1.265629999999999988e+01 5.947000000000000412e-29
-1.264630000000000010e+01 5.559000000000000267e-28
-1.263630000000000031e+01 4.981000000000000275e-27
-1.262630000000000052e+01 4.278000000000000170e-26
-1.261629999999999896e+01 3.523000000000000127e-25
-1.260630000000000095e+01 2.781000000000000024e-24
-1.259629999999999939e+01 2.105000000000000101e-23
-1.258630000000000138e+01 1.528000000000000082e-22
-1.257629999999999981e+01 1.062999999999999945e-21
-1.256630000000000003e+01 7.092000000000000473e-21
-1.255630000000000024e+01 4.536999999999999913e-20
-1.254630000000000045e+01 2.782999999999999944e-19
-1.253630000000000067e+01 1.637000000000000033e-18
-1.252629999999999910e+01 9.234000000000000323e-18
-1.251630000000000109e+01 4.995000000000000307e-17
-1.250629999999999953e+01 2.591000000000000095e-16
-1.249630000000000152e+01 1.289000000000000041e-15
-1.248629999999999995e+01 6.150999999999999962e-15
-1.247630000000000017e+01 2.814999999999999870e-14
-1.246630000000000038e+01 1.235000000000000039e-13
-1.245630000000000059e+01 5.200999999999999750e-13
-1.244630000000000081e+01 2.099999999999999938e-12
-1.243629999999999924e+01 8.134999999999999567e-12
-1.242630000000000123e+01 3.023000000000000185e-11
-1.241629999999999967e+01 1.078000000000000051e-10
-1.240629999999999988e+01 3.685000000000000200e-10
-1.239630000000000010e+01 1.209000000000000064e-09
-1.238630000000000031e+01 3.808000000000000085e-09
-1.237630000000000052e+01 1.151000000000000016e-08
-1.236629999999999896e+01 3.337000000000000036e-08
-1.235630000000000095e+01 9.289000000000000659e-08
-1.234629999999999939e+01 2.482000000000000123e-07
-1.233630000000000138e+01 6.368999999999999922e-07
-1.232629999999999981e+01 1.570000000000000003e-06
-1.231630000000000003e+01 3.715000000000000007e-06
-1.230630000000000024e+01 8.447000000000000610e-06
-1.229630000000000045e+01 1.845999999999999944e-05
-1.228630000000000067e+01 3.877999999999999801e-05
-1.227629999999999910e+01 7.833999999999999872e-05
-1.226630000000000109e+01 1.522000000000000132e-04
-1.225629999999999953e+01 2.846999999999999813e-04
-1.224630000000000152e+01 5.125999999999999914e-04
-1.223629999999999995e+01 8.892000000000000381e-04
-1.222630000000000017e+01 1.487000000000000040e-03
-1.221630000000000038e+01 2.397999999999999958e-03
-1.220630000000000059e+01 3.732000000000000074e-03
-1.219630000000000081e+01 5.611999999999999801e-03
-1.218629999999999924e+01 8.160999999999999852e-03
-1.217630000000000123e+01 1.149000000000000021e-02
-1.216629999999999967e+01 1.566999999999999990e-02
-1.215629999999999988e+01 2.074000000000000149e-02
-1.214630000000000010e+01 2.667999999999999886e-02
-1.213630000000000031e+01 3.341000000000000220e-02
-1.212630000000000052e+01 4.078999999999999987e-02
-1.211629999999999896e+01 4.864999999999999880e-02
-1.210630000000000095e+01 5.680000000000000326e-02
-1.209629999999999939e+01 6.504000000000000059e-02
-1.208630000000000138e+01 7.320000000000000118e-02
-1.207629999999999981e+01 8.112999999999999379e-02
-1.206630000000000003e+01 8.873000000000000331e-02
-1.205630000000000024e+01 9.593999999999999750e-02
-1.204630000000000045e+01 1.028000000000000025e-01
-1.203630000000000067e+01 1.092000000000000054e-01
-1.202629999999999910e+01 1.152999999999999997e-01
-1.201630000000000109e+01 1.210999999999999993e-01
-1.200629999999999953e+01 1.265999999999999903e-01
-1.199630000000000152e+01 1.318000000000000005e-01
-1.198629999999999995e+01 1.366999999999999882e-01
-1.197630000000000017e+01 1.413999999999999979e-01
-1.196630000000000038e+01 1.459000000000000019e-01
-1.195630000000000059e+01 1.502000000000000002e-01
-1.194630000000000081e+01 1.544000000000000095e-01
-1.193629999999999924e+01 1.585999999999999910e-01
-1.192630000000000123e+01 1.628999999999999893e-01
-1.191629999999999967e+01 1.671999999999999875e-01
-1.190629999999999988e+01 1.713999999999999968e-01
-1.189630000000000010e+01 1.754999999999999893e-01
-1.188630000000000031e+01 1.792999999999999872e-01
-1.187630000000000052e+01 1.827999999999999903e-01
-1.186629999999999896e+01 1.859000000000000097e-01
-1.185630000000000095e+01 1.887999999999999956e-01
-1.184629999999999939e+01 1.917000000000000093e-01
-1.183630000000000138e+01 1.948000000000000009e-01
-1.182629999999999981e+01 1.983000000000000040e-01
-1.181630000000000003e+01 2.021000000000000019e-01
-1.180630000000000024e+01 2.063000000000000111e-01
-1.179630000000000045e+01 2.106000000000000094e-01
-1.178630000000000067e+01 2.147999999999999909e-01
-1.177629999999999910e+01 2.184000000000000108e-01
-1.176630000000000109e+01 2.214000000000000135e-01
-1.175629999999999953e+01 2.235999999999999932e-01
-1.174630000000000152e+01 2.253000000000000003e-01
-1.173629999999999995e+01 2.267000000000000126e-01
-1.172630000000000017e+01 2.281999999999999862e-01
-1.171630000000000038e+01 2.301999999999999880e-01
-1.170630000000000059e+01 2.331000000000000016e-01
-1.169630000000000081e+01 2.368999999999999995e-01
-1.168629999999999924e+01 2.414999999999999925e-01
-1.167630000000000123e+01 2.467000000000000026e-01
-1.166629999999999967e+01 2.516999999999999793e-01
-1.165629999999999988e+01 2.561999999999999833e-01
-1.164630000000000010e+01 2.597999999999999754e-01
-1.163630000000000031e+01 2.620999999999999996e-01
-1.162630000000000052e+01 2.631999999999999895e-01
-1.161629999999999896e+01 2.634000000000000230e-01
-1.160630000000000095e+01 2.631000000000000005e-01
-1.159629999999999939e+01 2.630000000000000115e-01
-1.158630000000000138e+01 2.636000000000000010e-01
-1.157629999999999981e+01 2.652999999999999803e-01
-1.156630000000000003e+01 2.684000000000000274e-01
-1.155630000000000024e+01 2.728999999999999759e-01
-1.154630000000000045e+01 2.785000000000000253e-01
-1.153630000000000067e+01 2.846000000000000196e-01
-1.152629999999999910e+01 2.907000000000000139e-01
-1.151630000000000109e+01 2.958999999999999964e-01
-1.150629999999999953e+01 2.998999999999999999e-01
-1.149630000000000152e+01 3.024000000000000021e-01
-1.148629999999999995e+01 3.034000000000000030e-01
-1.147630000000000017e+01 3.030999999999999805e-01
-1.146630000000000038e+01 3.020999999999999797e-01
-1.145630000000000059e+01 3.008000000000000118e-01
-1.144630000000000081e+01 2.998000000000000109e-01
-1.143629999999999924e+01 2.994999999999999885e-01
-1.142630000000000123e+01 3.004000000000000004e-01
-1.141629999999999967e+01 3.024999999999999911e-01
-1.140629999999999988e+01 3.060999999999999832e-01
-1.139630000000000010e+01 3.109999999999999987e-01
-1.138630000000000031e+01 3.170000000000000040e-01
-1.137630000000000052e+01 3.236999999999999877e-01
-1.136629999999999896e+01 3.306999999999999940e-01
-1.135630000000000095e+01 3.371999999999999997e-01
-1.134629999999999939e+01 3.427999999999999936e-01
-1.133630000000000138e+01 3.466000000000000192e-01
-1.132629999999999981e+01 3.484999999999999765e-01
-1.131630000000000003e+01 3.482000000000000095e-01
-1.130630000000000024e+01 3.459999999999999742e-01
-1.129630000000000045e+01 3.423999999999999821e-01
-1.128630000000000067e+01 3.383999999999999786e-01
-1.127629999999999910e+01 3.348999999999999755e-01
-1.126630000000000109e+01 3.327999999999999847e-01
-1.125629999999999953e+01 3.327999999999999847e-01
-1.124630000000000152e+01 3.353999999999999759e-01
-1.123629999999999995e+01 3.405000000000000249e-01
-1.122630000000000017e+01 3.476000000000000201e-01
-1.121630000000000038e+01 3.558999999999999941e-01
-1.120630000000000059e+01 3.645999999999999797e-01
-1.119630000000000081e+01 3.729000000000000092e-01
-1.118629999999999924e+01 3.800999999999999934e-01
-1.117630000000000123e+01 3.855999999999999983e-01
-1.116629999999999967e+01 3.892999999999999794e-01
-1.115629999999999988e+01 3.911999999999999922e-01
-1.114630000000000010e+01 3.911000000000000032e-01
-1.113630000000000031e+01 3.895000000000000129e-01
-1.112630000000000052e+01 3.865000000000000102e-01
-1.111629999999999896e+01 3.826999999999999846e-01
-1.110630000000000095e+01 3.785000000000000031e-01
-1.109629999999999939e+01 3.748000000000000220e-01
-1.108630000000000138e+01 3.721999999999999753e-01
-1.107629999999999981e+01 3.713000000000000189e-01
-1.106630000000000003e+01 3.728000000000000203e-01
-1.105630000000000024e+01 3.768000000000000238e-01
-1.104630000000000045e+01 3.830999999999999961e-01
-1.103630000000000067e+01 3.911999999999999922e-01
-1.102629999999999910e+01 4.002999999999999892e-01
-1.101630000000000109e+01 4.094999999999999751e-01
-1.100629999999999953e+01 4.178999999999999937e-01
-1.099630000000000152e+01 4.248999999999999999e-01
-1.098629999999999995e+01 4.299999999999999933e-01
-1.097630000000000017e+01 4.333000000000000185e-01
-1.096630000000000038e+01 4.346999999999999753e-01
-1.095630000000000059e+01 4.348000000000000198e-01
-1.094630000000000081e+01 4.338000000000000189e-01
-1.093629999999999924e+01 4.321999999999999731e-01
-1.092630000000000123e+01 4.299999999999999933e-01
-1.091629999999999967e+01 4.275999999999999801e-01
-1.090629999999999988e+01 4.250999999999999779e-01
-1.089630000000000010e+01 4.224999999999999867e-01
-1.088630000000000031e+01 4.199999999999999845e-01
-1.087630000000000052e+01 4.179999999999999827e-01
-1.086629999999999896e+01 4.168999999999999928e-01
-1.085630000000000095e+01 4.173000000000000043e-01
-1.084629999999999939e+01 4.198000000000000065e-01
-1.083630000000000138e+01 4.248000000000000109e-01
-1.082629999999999981e+01 4.324999999999999956e-01
-1.081630000000000003e+01 4.428000000000000269e-01
-1.080630000000000024e+01 4.546999999999999931e-01
-1.079630000000000045e+01 4.672000000000000042e-01
-1.078630000000000067e+01 4.788000000000000034e-01
-1.077629999999999910e+01 4.883000000000000118e-01
-1.076630000000000109e+01 4.945999999999999841e-01
-1.075629999999999953e+01 4.970999999999999863e-01
-1.074630000000000152e+01 4.959999999999999964e-01
-1.073629999999999995e+01 4.917000000000000259e-01
-1.072630000000000017e+01 4.853000000000000091e-01
-1.071630000000000038e+01 4.778999999999999915e-01
-1.070630000000000059e+01 4.706000000000000183e-01
-1.069630000000000081e+01 4.643999999999999795e-01
-1.068629999999999924e+01 4.597999999999999865e-01
-1.067630000000000123e+01 4.571999999999999953e-01
-1.066629999999999967e+01 4.566000000000000059e-01
-1.065629999999999988e+01 4.581999999999999962e-01
-1.064630000000000010e+01 4.616000000000000103e-01
-1.063630000000000031e+01 4.670000000000000262e-01
-1.062630000000000052e+01 4.742000000000000104e-01
-1.061629999999999896e+01 4.830999999999999739e-01
-1.060630000000000095e+01 4.934999999999999942e-01
-1.059629999999999939e+01 5.050999999999999934e-01
-1.058630000000000138e+01 5.171000000000000041e-01
-1.057629999999999981e+01 5.288000000000000478e-01
-1.056630000000000003e+01 5.390000000000000346e-01
-1.055630000000000024e+01 5.466999999999999638e-01
-1.054630000000000045e+01 5.513000000000000123e-01
-1.053630000000000067e+01 5.523000000000000131e-01
-1.052629999999999910e+01 5.499000000000000554e-01
-1.051630000000000109e+01 5.445999999999999730e-01
-1.050629999999999953e+01 5.375999999999999668e-01
-1.049630000000000152e+01 5.298000000000000487e-01
-1.048629999999999995e+01 5.223999999999999755e-01
-1.047630000000000017e+01 5.163999999999999702e-01
-1.046630000000000038e+01 5.123999999999999666e-01
-1.045630000000000059e+01 5.106000000000000538e-01
-1.044630000000000081e+01 5.111999999999999877e-01
-1.043629999999999924e+01 5.140000000000000124e-01
-1.042630000000000123e+01 5.189000000000000279e-01
-1.041629999999999967e+01 5.254999999999999671e-01
-1.040629999999999988e+01 5.334999999999999742e-01
-1.039630000000000010e+01 5.425999999999999712e-01
-1.038630000000000031e+01 5.523000000000000131e-01
-1.037630000000000052e+01 5.622000000000000330e-01
-1.036629999999999896e+01 5.718999999999999639e-01
-1.035630000000000095e+01 5.809999999999999609e-01
-1.034629999999999939e+01 5.891999999999999460e-01
-1.033630000000000138e+01 5.963000000000000522e-01
-1.032629999999999981e+01 6.020999999999999686e-01
-1.031630000000000003e+01 6.068000000000000060e-01
-1.030630000000000024e+01 6.100999999999999757e-01
-1.029630000000000045e+01 6.120999999999999774e-01
-1.028630000000000067e+01 6.127000000000000224e-01
-1.027630000000000088e+01 6.118999999999999995e-01
-1.026630000000000109e+01 6.098000000000000087e-01
-1.025629999999999953e+01 6.064000000000000501e-01
-1.024629999999999974e+01 6.019999999999999796e-01
-1.023629999999999995e+01 5.968999999999999861e-01
-1.022630000000000017e+01 5.917999999999999927e-01
-1.021630000000000038e+01 5.874000000000000332e-01
-1.020630000000000059e+01 5.844000000000000306e-01
-1.019630000000000081e+01 5.835000000000000187e-01
-1.018629999999999924e+01 5.855000000000000204e-01
-1.017630000000000123e+01 5.907000000000000028e-01
-1.016629999999999967e+01 5.991999999999999549e-01
-1.015629999999999988e+01 6.105000000000000426e-01
-1.014630000000000010e+01 6.240999999999999881e-01
-1.013630000000000031e+01 6.390000000000000124e-01
-1.012630000000000052e+01 6.543999999999999817e-01
-1.011630000000000074e+01 6.693999999999999950e-01
-1.010630000000000095e+01 6.832000000000000295e-01
-1.009629999999999939e+01 6.955999999999999961e-01
-1.008629999999999960e+01 7.059999999999999609e-01
-1.007629999999999981e+01 7.143000000000000460e-01
-1.006630000000000003e+01 7.205000000000000293e-01
-1.005630000000000024e+01 7.241999999999999549e-01
-1.004630000000000045e+01 7.257000000000000117e-01
-1.003630000000000067e+01 7.247999999999999998e-01
-1.002630000000000088e+01 7.217999999999999972e-01
-1.001630000000000109e+01 7.170999999999999597e-01
-1.000629999999999953e+01 7.113000000000000433e-01
-9.996299999999999741e+00 7.048999999999999710e-01
-9.986299999999999955e+00 6.987999999999999767e-01
-9.976300000000000168e+00 6.943000000000000282e-01
-9.966300000000000381e+00 6.923000000000000265e-01
-9.956300000000000594e+00 6.941000000000000503e-01
-9.946300000000000807e+00 7.006999999999999895e-01
-9.936299999999999244e+00 7.130999999999999561e-01
-9.926300000000001234e+00 7.312999999999999501e-01
-9.916299999999999670e+00 7.550000000000000044e-01
-9.906299999999999883e+00 7.832999999999999963e-01
-9.896300000000000097e+00 8.144000000000000128e-01
-9.886300000000000310e+00 8.464000000000000412e-01
-9.876300000000000523e+00 8.772999999999999687e-01
-9.866300000000000736e+00 9.050000000000000266e-01
-9.856300000000000949e+00 9.280000000000000471e-01
-9.846299999999999386e+00 9.451000000000000512e-01
-9.836299999999999599e+00 9.554000000000000270e-01
-9.826299999999999812e+00 9.586999999999999966e-01
-9.816300000000000026e+00 9.550999999999999490e-01
-9.806300000000000239e+00 9.451000000000000512e-01
-9.796300000000000452e+00 9.294000000000000039e-01
-9.786300000000000665e+00 9.092000000000000082e-01
-9.776300000000000878e+00 8.857000000000000428e-01
-9.766300000000001091e+00 8.608999999999999986e-01
-9.756299999999999528e+00 8.365000000000000213e-01
-9.746299999999999741e+00 8.147999999999999687e-01
-9.736299999999999955e+00 7.975999999999999757e-01
-9.726300000000000168e+00 7.870000000000000329e-01
-9.716300000000000381e+00 7.842000000000000082e-01
-9.706300000000000594e+00 7.900000000000000355e-01
-9.696300000000000807e+00 8.040000000000000480e-01
-9.686299999999999244e+00 8.247999999999999776e-01
-9.676300000000001234e+00 8.500999999999999668e-01
-9.666299999999999670e+00 8.766000000000000458e-01
-9.656299999999999883e+00 9.011000000000000121e-01
-9.646300000000000097e+00 9.201000000000000290e-01
-9.636300000000000310e+00 9.313000000000000167e-01
-9.626300000000000523e+00 9.333000000000000185e-01
-9.616300000000000736e+00 9.261000000000000343e-01
-9.606300000000000949e+00 9.108000000000000540e-01
-9.596299999999999386e+00 8.893999999999999684e-01
-9.586299999999999599e+00 8.646000000000000352e-01
-9.576299999999999812e+00 8.388999999999999790e-01
-9.566300000000000026e+00 8.145999999999999908e-01
-9.556300000000000239e+00 7.932000000000000162e-01
-9.546300000000000452e+00 7.755999999999999561e-01
-9.536300000000000665e+00 7.619000000000000217e-01
-9.526300000000000878e+00 7.520000000000000018e-01
-9.516300000000001091e+00 7.453999999999999515e-01
-9.506299999999999528e+00 7.417000000000000259e-01
-9.496299999999999741e+00 7.407000000000000250e-01
-9.486299999999999955e+00 7.426000000000000378e-01
-9.476300000000000168e+00 7.476000000000000423e-01
-9.466300000000000381e+00 7.560000000000000053e-01
-9.456300000000000594e+00 7.674999999999999600e-01
-9.446300000000000807e+00 7.815999999999999615e-01
-9.436299999999999244e+00 7.965999999999999748e-01
-9.426300000000001234e+00 8.105999999999999872e-01
-9.416299999999999670e+00 8.214000000000000190e-01
-9.406299999999999883e+00 8.269999999999999574e-01
-9.396300000000000097e+00 8.259999999999999565e-01
-9.386300000000000310e+00 8.181000000000000494e-01
-9.376300000000000523e+00 8.040000000000000480e-01
-9.366300000000000736e+00 7.853999999999999870e-01
-9.356300000000000949e+00 7.643999999999999684e-01
-9.346299999999999386e+00 7.431999999999999718e-01
-9.336299999999999599e+00 7.238999999999999879e-01
-9.326299999999999812e+00 7.078999999999999737e-01
-9.316300000000000026e+00 6.962000000000000410e-01
-9.306300000000000239e+00 6.886999999999999789e-01
-9.296300000000000452e+00 6.850000000000000533e-01
-9.286300000000000665e+00 6.842000000000000304e-01
-9.276300000000000878e+00 6.854999999999999982e-01
-9.266300000000001091e+00 6.879999999999999449e-01
-9.256299999999999528e+00 6.911000000000000476e-01
-9.246299999999999741e+00 6.945000000000000062e-01
-9.236299999999999955e+00 6.983000000000000318e-01
-9.226300000000000168e+00 7.024000000000000243e-01
-9.216300000000000381e+00 7.066999999999999948e-01
-9.206300000000000594e+00 7.109999999999999654e-01
-9.196300000000000807e+00 7.145000000000000240e-01
-9.186299999999999244e+00 7.164000000000000368e-01
-9.176300000000001234e+00 7.157000000000000028e-01
-9.166299999999999670e+00 7.118999999999999773e-01
-9.156299999999999883e+00 7.046000000000000041e-01
-9.146300000000000097e+00 6.944000000000000172e-01
-9.136300000000000310e+00 6.824000000000000066e-01
-9.126300000000000523e+00 6.696999999999999620e-01
-9.116300000000000736e+00 6.578000000000000513e-01
-9.106300000000000949e+00 6.475999999999999535e-01
-9.096299999999999386e+00 6.398000000000000353e-01
-9.086299999999999599e+00 6.340999999999999970e-01
-9.076299999999999812e+00 6.300999999999999934e-01
-9.066300000000000026e+00 6.269000000000000128e-01
-9.056300000000000239e+00 6.235000000000000542e-01
-9.046300000000000452e+00 6.197000000000000286e-01
-9.036300000000000665e+00 6.150999999999999801e-01
-9.026300000000000878e+00 6.105000000000000426e-01
-9.016300000000001091e+00 6.065000000000000391e-01
-9.006299999999999528e+00 6.044000000000000483e-01
-8.996299999999999741e+00 6.048999999999999932e-01
-8.986299999999999955e+00 6.082999999999999519e-01
-8.976300000000000168e+00 6.143999999999999462e-01
-8.966300000000000381e+00 6.220999999999999863e-01
-8.956300000000000594e+00 6.297000000000000375e-01
-8.946300000000000807e+00 6.354999999999999538e-01
-8.936299999999999244e+00 6.377000000000000446e-01
-8.926300000000001234e+00 6.351999999999999869e-01
-8.916299999999999670e+00 6.274999999999999467e-01
-8.906299999999999883e+00 6.149999999999999911e-01
-8.896300000000000097e+00 5.986000000000000210e-01
-8.886300000000000310e+00 5.799999999999999600e-01
-8.876300000000000523e+00 5.606999999999999762e-01
-8.866300000000000736e+00 5.423999999999999932e-01
-8.856300000000000949e+00 5.264999999999999680e-01
-8.846299999999999386e+00 5.142999999999999794e-01
-8.836299999999999599e+00 5.066000000000000503e-01
-8.826299999999999812e+00 5.036000000000000476e-01
-8.816300000000000026e+00 5.051999999999999824e-01
-8.806300000000000239e+00 5.109000000000000208e-01
-8.796300000000000452e+00 5.199000000000000288e-01
-8.786300000000000665e+00 5.311000000000000165e-01
-8.776300000000000878e+00 5.432000000000000162e-01
-8.766300000000001091e+00 5.550000000000000488e-01
-8.756299999999999528e+00 5.653000000000000247e-01
-8.746299999999999741e+00 5.726999999999999869e-01
-8.736299999999999955e+00 5.760999999999999455e-01
-8.726300000000000168e+00 5.745999999999999996e-01
-8.716300000000000381e+00 5.674000000000000155e-01
-8.706300000000000594e+00 5.544000000000000039e-01
-8.696300000000000807e+00 5.362999999999999989e-01
-8.686299999999999244e+00 5.141000000000000014e-01
-8.676300000000001234e+00 4.897000000000000242e-01
-8.666299999999999670e+00 4.652999999999999914e-01
-8.656299999999999883e+00 4.430999999999999939e-01
-8.646300000000000097e+00 4.249999999999999889e-01
-8.636300000000000310e+00 4.124999999999999778e-01
-8.626300000000000523e+00 4.062000000000000055e-01
-8.616300000000000736e+00 4.062000000000000055e-01
-8.606300000000000949e+00 4.117000000000000104e-01
-8.596299999999999386e+00 4.215999999999999748e-01
-8.586299999999999599e+00 4.344999999999999973e-01
-8.576299999999999812e+00 4.489000000000000212e-01
-8.566300000000000026e+00 4.632000000000000006e-01
-8.556300000000000239e+00 4.758999999999999897e-01
-8.546300000000000452e+00 4.857000000000000206e-01
-8.536300000000000665e+00 4.914999999999999925e-01
-8.526300000000000878e+00 4.924999999999999933e-01
-8.516300000000001091e+00 4.879999999999999893e-01
-8.506299999999999528e+00 4.781000000000000250e-01
-8.496299999999999741e+00 4.631000000000000116e-01
-8.486299999999999955e+00 4.440999999999999948e-01
-8.476300000000000168e+00 4.223000000000000087e-01
-8.466300000000000381e+00 3.992999999999999883e-01
-8.456300000000000594e+00 3.770000000000000018e-01
-8.446300000000000807e+00 3.568000000000000060e-01
-8.436299999999999244e+00 3.400000000000000244e-01
-8.426300000000001234e+00 3.271999999999999909e-01
-8.416299999999999670e+00 3.189000000000000168e-01
-8.406299999999999883e+00 3.149000000000000132e-01
-8.396300000000000097e+00 3.148000000000000242e-01
-8.386300000000000310e+00 3.181999999999999829e-01
-8.376300000000000523e+00 3.244000000000000217e-01
-8.366300000000000736e+00 3.326999999999999957e-01
-8.356300000000000949e+00 3.423999999999999821e-01
-8.346299999999999386e+00 3.523000000000000020e-01
-8.336299999999999599e+00 3.613000000000000100e-01
-8.326299999999999812e+00 3.682000000000000273e-01
-8.316300000000000026e+00 3.716999999999999749e-01
-8.306300000000000239e+00 3.705999999999999850e-01
-8.296300000000000452e+00 3.644000000000000017e-01
-8.286300000000000665e+00 3.528999999999999915e-01
-8.276300000000000878e+00 3.366999999999999993e-01
-8.266300000000001091e+00 3.170000000000000040e-01
-8.256299999999999528e+00 2.953999999999999959e-01
-8.246299999999999741e+00 2.735000000000000209e-01
-8.236299999999999955e+00 2.530999999999999917e-01
-8.226300000000000168e+00 2.353999999999999981e-01
-8.216300000000000381e+00 2.212999999999999967e-01
-8.206300000000000594e+00 2.109000000000000041e-01
-8.196300000000000807e+00 2.041000000000000036e-01
-8.186299999999999244e+00 2.001000000000000001e-01
-8.176300000000001234e+00 1.978000000000000036e-01
-8.166299999999999670e+00 1.963000000000000023e-01
-8.156299999999999883e+00 1.943999999999999895e-01
-8.146300000000000097e+00 1.912999999999999978e-01
-8.136300000000000310e+00 1.864999999999999991e-01
-8.126300000000000523e+00 1.796999999999999986e-01
-8.116300000000000736e+00 1.710000000000000131e-01
-8.106300000000000949e+00 1.608999999999999875e-01
-8.096299999999999386e+00 1.501000000000000112e-01
-8.086299999999999599e+00 1.391000000000000014e-01
-8.076299999999999812e+00 1.287999999999999978e-01
-8.066300000000000026e+00 1.194999999999999951e-01
-8.056300000000000239e+00 1.116000000000000048e-01
-8.046300000000000452e+00 1.053000000000000047e-01
-8.036300000000000665e+00 1.005999999999999950e-01
-8.026300000000000878e+00 9.725999999999999923e-02
-8.016300000000001091e+00 9.517000000000000459e-02
-8.006299999999999528e+00 9.407000000000000084e-02
-7.996299999999999741e+00 9.367999999999999938e-02
-7.986299999999999955e+00 9.372999999999999388e-02
-7.976300000000000168e+00 9.396000000000000185e-02
-7.966300000000000381e+00 9.407000000000000084e-02
-7.956300000000000594e+00 9.382000000000000062e-02
-7.946299999999999919e+00 9.302000000000000546e-02
-7.936300000000000132e+00 9.157999999999999474e-02
-7.926300000000000345e+00 8.963000000000000134e-02
-7.916300000000000558e+00 8.744000000000000383e-02
-7.906299999999999883e+00 8.554000000000000492e-02
-7.896300000000000097e+00 8.462000000000000077e-02
-7.886300000000000310e+00 8.545999999999999430e-02
-7.876300000000000523e+00 8.883000000000000618e-02
-7.866300000000000736e+00 9.535000000000000420e-02
-7.856300000000000061e+00 1.053999999999999937e-01
-7.846300000000000274e+00 1.189999999999999947e-01
-7.836300000000000487e+00 1.358000000000000040e-01
-7.826299999999999812e+00 1.550999999999999879e-01
-7.816300000000000026e+00 1.759999999999999898e-01
-7.806300000000000239e+00 1.975000000000000089e-01
-7.796300000000000452e+00 2.184999999999999998e-01
-7.786300000000000665e+00 2.379999999999999893e-01
-7.776299999999999990e+00 2.550999999999999934e-01
-7.766300000000000203e+00 2.691000000000000059e-01
-7.756300000000000416e+00 2.793999999999999817e-01
-7.746299999999999741e+00 2.854999999999999760e-01
-7.736299999999999955e+00 2.872999999999999998e-01
-7.726300000000000168e+00 2.847000000000000086e-01
-7.716300000000000381e+00 2.778999999999999804e-01
-7.706300000000000594e+00 2.676999999999999935e-01
-7.696299999999999919e+00 2.550000000000000044e-01
-7.686300000000000132e+00 2.411999999999999977e-01
-7.676300000000000345e+00 2.275999999999999968e-01
-7.666300000000000558e+00 2.159000000000000086e-01
-7.656299999999999883e+00 2.074000000000000010e-01
-7.646300000000000097e+00 2.036000000000000032e-01
-7.636300000000000310e+00 2.053000000000000103e-01
-7.626300000000000523e+00 2.134999999999999953e-01
-7.616300000000000736e+00 2.285000000000000087e-01
-7.606300000000000061e+00 2.505000000000000004e-01
-7.596300000000000274e+00 2.790000000000000258e-01
-7.586300000000000487e+00 3.126999999999999780e-01
-7.576299999999999812e+00 3.497999999999999998e-01
-7.566300000000000026e+00 3.876000000000000001e-01
-7.556300000000000239e+00 4.229999999999999871e-01
-7.546300000000000452e+00 4.527999999999999803e-01
-7.536300000000000665e+00 4.742000000000000104e-01
-7.526299999999999990e+00 4.853000000000000091e-01
-7.516300000000000203e+00 4.854999999999999871e-01
-7.506300000000000416e+00 4.756000000000000227e-01
-7.496299999999999741e+00 4.575000000000000178e-01
-7.486299999999999955e+00 4.340999999999999859e-01
-7.476300000000000168e+00 4.084999999999999742e-01
-7.466300000000000381e+00 3.835999999999999965e-01
-7.456300000000000594e+00 3.618999999999999995e-01
-7.446299999999999919e+00 3.448999999999999844e-01
-7.436300000000000132e+00 3.333999999999999742e-01
-7.426300000000000345e+00 3.277999999999999803e-01
-7.416300000000000558e+00 3.279000000000000248e-01
-7.406299999999999883e+00 3.340000000000000191e-01
-7.396300000000000097e+00 3.459999999999999742e-01
-7.386300000000000310e+00 3.643000000000000127e-01
-7.376300000000000523e+00 3.891000000000000014e-01
-7.366300000000000736e+00 4.200999999999999734e-01
-7.356300000000000061e+00 4.563999999999999724e-01
-7.346300000000000274e+00 4.963000000000000189e-01
-7.336300000000000487e+00 5.373999999999999888e-01
-7.326299999999999812e+00 5.766000000000000014e-01
-7.316300000000000026e+00 6.108000000000000096e-01
-7.306300000000000239e+00 6.371999999999999886e-01
-7.296300000000000452e+00 6.538000000000000478e-01
-7.286300000000000665e+00 6.602000000000000091e-01
-7.276299999999999990e+00 6.571000000000000174e-01
-7.266300000000000203e+00 6.467000000000000526e-01
-7.256300000000000416e+00 6.320000000000000062e-01
-7.246299999999999741e+00 6.166000000000000369e-01
-7.236299999999999955e+00 6.040999999999999703e-01
-7.226300000000000168e+00 5.977000000000000091e-01
-7.216300000000000381e+00 5.997000000000000108e-01
-7.206300000000000594e+00 6.118000000000000105e-01
-7.196299999999999919e+00 6.348000000000000309e-01
-7.186300000000000132e+00 6.690000000000000391e-01
-7.176300000000000345e+00 7.139999999999999680e-01
-7.166300000000000558e+00 7.694999999999999618e-01
-7.156299999999999883e+00 8.347999999999999865e-01
-7.146300000000000097e+00 9.092999999999999972e-01
-7.136300000000000310e+00 9.920999999999999819e-01
-7.126300000000000523e+00 1.082000000000000073e+00
-7.116300000000000736e+00 1.177000000000000046e+00
-7.106300000000000061e+00 1.274999999999999911e+00
-7.096300000000000274e+00 1.372000000000000108e+00
-7.086300000000000487e+00 1.465000000000000080e+00
-7.076299999999999812e+00 1.548000000000000043e+00
-7.066300000000000026e+00 1.616999999999999993e+00
-7.056300000000000239e+00 1.667999999999999927e+00
-7.046300000000000452e+00 1.697999999999999954e+00
-7.036300000000000665e+00 1.705000000000000071e+00
-7.026299999999999990e+00 1.689999999999999947e+00
-7.016300000000000203e+00 1.655000000000000027e+00
-7.006300000000000416e+00 1.604000000000000092e+00
-6.996299999999999741e+00 1.542000000000000037e+00
-6.986299999999999955e+00 1.475000000000000089e+00
-6.976300000000000168e+00 1.407999999999999918e+00
-6.966300000000000381e+00 1.344000000000000083e+00
-6.956300000000000594e+00 1.286000000000000032e+00
-6.946299999999999919e+00 1.235999999999999988e+00
-6.936300000000000132e+00 1.193999999999999950e+00
-6.926300000000000345e+00 1.159000000000000030e+00
-6.916300000000000558e+00 1.129999999999999893e+00
-6.906299999999999883e+00 1.104999999999999982e+00
-6.896300000000000097e+00 1.084999999999999964e+00
-6.886300000000000310e+00 1.066999999999999948e+00
-6.876300000000000523e+00 1.052000000000000046e+00
-6.866300000000000736e+00 1.038000000000000034e+00
-6.856300000000000061e+00 1.024999999999999911e+00
-6.846300000000000274e+00 1.012999999999999901e+00
-6.836300000000000487e+00 9.998000000000000220e-01
-6.826299999999999812e+00 9.850999999999999757e-01
-6.816300000000000026e+00 9.684000000000000385e-01
-6.806300000000000239e+00 9.496999999999999886e-01
-6.796300000000000452e+00 9.293000000000000149e-01
-6.786300000000000665e+00 9.081000000000000183e-01
-6.776299999999999990e+00 8.868000000000000327e-01
-6.766300000000000203e+00 8.661999999999999700e-01
-6.756300000000000416e+00 8.469999999999999751e-01
-6.746300000000000630e+00 8.295000000000000151e-01
-6.736299999999999955e+00 8.138999999999999568e-01
-6.726300000000000168e+00 8.004000000000000004e-01
-6.716300000000000381e+00 7.890000000000000346e-01
-6.706300000000000594e+00 7.798000000000000487e-01
-6.696299999999999919e+00 7.730000000000000204e-01
-6.686300000000000132e+00 7.681000000000000050e-01
-6.676300000000000345e+00 7.644999999999999574e-01
-6.666300000000000558e+00 7.611999999999999877e-01
-6.656299999999999883e+00 7.570000000000000062e-01
-6.646300000000000097e+00 7.510000000000000009e-01
-6.636300000000000310e+00 7.423999999999999488e-01
-6.626300000000000523e+00 7.311999999999999611e-01
-6.616299999999999848e+00 7.181999999999999496e-01
-6.606300000000000061e+00 7.047999999999999821e-01
-6.596300000000000274e+00 6.926999999999999824e-01
-6.586300000000000487e+00 6.834999999999999964e-01
-6.576299999999999812e+00 6.782000000000000250e-01
-6.566300000000000026e+00 6.771000000000000352e-01
-6.556300000000000239e+00 6.794000000000000039e-01
-6.546300000000000452e+00 6.836999999999999744e-01
-6.536300000000000665e+00 6.878999999999999559e-01
-6.526299999999999990e+00 6.901000000000000467e-01
-6.516300000000000203e+00 6.886999999999999789e-01
-6.506300000000000416e+00 6.827999999999999625e-01
-6.496300000000000630e+00 6.725999999999999757e-01
-6.486299999999999955e+00 6.589000000000000412e-01
-6.476300000000000168e+00 6.434999999999999609e-01
-6.466300000000000381e+00 6.281999999999999806e-01
-6.456300000000000594e+00 6.145000000000000462e-01
-6.446299999999999919e+00 6.038999999999999924e-01
-6.436300000000000132e+00 5.968999999999999861e-01
-6.426300000000000345e+00 5.933000000000000496e-01
-6.416300000000000558e+00 5.927000000000000046e-01
-6.406299999999999883e+00 5.939999999999999725e-01
-6.396300000000000097e+00 5.961999999999999522e-01
-6.386300000000000310e+00 5.979999999999999760e-01
-6.376300000000000523e+00 5.987000000000000099e-01
-6.366299999999999848e+00 5.977000000000000091e-01
-6.356300000000000061e+00 5.947000000000000064e-01
-6.346300000000000274e+00 5.896000000000000130e-01
-6.336300000000000487e+00 5.825000000000000178e-01
-6.326299999999999812e+00 5.737999999999999767e-01
-6.316300000000000026e+00 5.637999999999999678e-01
-6.306300000000000239e+00 5.530000000000000471e-01
-6.296300000000000452e+00 5.421000000000000263e-01
-6.286300000000000665e+00 5.315999999999999615e-01
-6.276299999999999990e+00 5.222999999999999865e-01
-6.266300000000000203e+00 5.148000000000000353e-01
-6.256300000000000416e+00 5.098000000000000309e-01
-6.246300000000000630e+00 5.080000000000000071e-01
-6.236299999999999955e+00 5.096000000000000529e-01
-6.226300000000000168e+00 5.145999999999999464e-01
-6.216300000000000381e+00 5.224999999999999645e-01
-6.206300000000000594e+00 5.322000000000000064e-01
-6.196299999999999919e+00 5.422000000000000153e-01
-6.186300000000000132e+00 5.505999999999999783e-01
-6.176300000000000345e+00 5.554000000000000048e-01
-6.166300000000000558e+00 5.552000000000000268e-01
-6.156299999999999883e+00 5.492000000000000215e-01
-6.146300000000000097e+00 5.374999999999999778e-01
-6.136300000000000310e+00 5.210000000000000187e-01
-6.126300000000000523e+00 5.016000000000000458e-01
-6.116299999999999848e+00 4.817000000000000171e-01
-6.106300000000000061e+00 4.637999999999999901e-01
-6.096300000000000274e+00 4.499000000000000221e-01
-6.086300000000000487e+00 4.414000000000000146e-01
-6.076299999999999812e+00 4.388000000000000234e-01
-6.066300000000000026e+00 4.416999999999999815e-01
-6.056300000000000239e+00 4.485999999999999988e-01
-6.046300000000000452e+00 4.577999999999999847e-01
-6.036300000000000665e+00 4.671000000000000152e-01
-6.026299999999999990e+00 4.747000000000000108e-01
-6.016300000000000203e+00 4.788000000000000034e-01
-6.006300000000000416e+00 4.787000000000000144e-01
-5.996300000000000630e+00 4.738999999999999879e-01
-5.986299999999999955e+00 4.652999999999999914e-01
-5.976300000000000168e+00 4.540000000000000147e-01
-5.966300000000000381e+00 4.419000000000000150e-01
-5.956300000000000594e+00 4.307000000000000273e-01
-5.946299999999999919e+00 4.223000000000000087e-01
-5.936300000000000132e+00 4.178000000000000047e-01
-5.926300000000000345e+00 4.176000000000000267e-01
-5.916300000000000558e+00 4.212000000000000188e-01
-5.906299999999999883e+00 4.274000000000000021e-01
-5.896300000000000097e+00 4.344999999999999973e-01
-5.886300000000000310e+00 4.405000000000000027e-01
-5.876300000000000523e+00 4.440000000000000058e-01
-5.866299999999999848e+00 4.440000000000000058e-01
-5.856300000000000061e+00 4.400999999999999912e-01
-5.846300000000000274e+00 4.329000000000000070e-01
-5.836300000000000487e+00 4.237000000000000210e-01
-5.826299999999999812e+00 4.138000000000000012e-01
-5.816300000000000026e+00 4.048999999999999821e-01
-5.806300000000000239e+00 3.981999999999999984e-01
-5.796300000000000452e+00 3.943999999999999728e-01
-5.786300000000000665e+00 3.936000000000000054e-01
-5.776299999999999990e+00 3.956000000000000072e-01
-5.766300000000000203e+00 3.992999999999999883e-01
-5.756300000000000416e+00 4.035000000000000253e-01
-5.746299999999999741e+00 4.066000000000000170e-01
-5.736299999999999955e+00 4.073999999999999844e-01
-5.726300000000000168e+00 4.047999999999999932e-01
-5.716300000000000381e+00 3.981999999999999984e-01
-5.706300000000000594e+00 3.877999999999999781e-01
-5.696299999999999919e+00 3.744000000000000106e-01
-5.686300000000000132e+00 3.593999999999999972e-01
-5.676300000000000345e+00 3.444999999999999729e-01
-5.666300000000000558e+00 3.318999999999999728e-01
-5.656299999999999883e+00 3.234000000000000208e-01
-5.646300000000000097e+00 3.202999999999999736e-01
-5.636300000000000310e+00 3.235000000000000098e-01
-5.626300000000000523e+00 3.326999999999999957e-01
-5.616300000000000736e+00 3.469999999999999751e-01
-5.606300000000000061e+00 3.647000000000000242e-01
-5.596300000000000274e+00 3.834000000000000186e-01
-5.586300000000000487e+00 4.005000000000000226e-01
-5.576299999999999812e+00 4.133000000000000007e-01
-5.566300000000000026e+00 4.198000000000000065e-01
-5.556300000000000239e+00 4.184999999999999831e-01
-5.546300000000000452e+00 4.092000000000000082e-01
-5.536300000000000665e+00 3.929000000000000270e-01
-5.526299999999999990e+00 3.714000000000000079e-01
-5.516300000000000203e+00 3.474999999999999756e-01
-5.506300000000000416e+00 3.240000000000000102e-01
-5.496299999999999741e+00 3.039000000000000035e-01
-5.486299999999999955e+00 2.893999999999999906e-01
-5.476300000000000168e+00 2.819999999999999729e-01
-5.466300000000000381e+00 2.822000000000000064e-01
-5.456300000000000594e+00 2.894999999999999796e-01
-5.446299999999999919e+00 3.024000000000000021e-01
-5.436300000000000132e+00 3.189000000000000168e-01
-5.426300000000000345e+00 3.363999999999999768e-01
-5.416300000000000558e+00 3.522000000000000131e-01
-5.406299999999999883e+00 3.639999999999999902e-01
-5.396300000000000097e+00 3.699000000000000066e-01
-5.386300000000000310e+00 3.689000000000000057e-01
-5.376300000000000523e+00 3.607000000000000206e-01
-5.366300000000000736e+00 3.462999999999999967e-01
-5.356300000000000061e+00 3.274000000000000243e-01
-5.346300000000000274e+00 3.062000000000000277e-01
-5.336300000000000487e+00 2.853999999999999870e-01
-5.326299999999999812e+00 2.675000000000000155e-01
-5.316300000000000026e+00 2.545999999999999930e-01
-5.306300000000000239e+00 2.482999999999999929e-01
-5.296300000000000452e+00 2.489999999999999991e-01
-5.286300000000000665e+00 2.562999999999999723e-01
-5.276299999999999990e+00 2.690000000000000169e-01
-5.266300000000000203e+00 2.851000000000000201e-01
-5.256300000000000416e+00 3.022000000000000242e-01
-5.246299999999999741e+00 3.180000000000000049e-01
-5.236299999999999955e+00 3.304000000000000270e-01
-5.226300000000000168e+00 3.380000000000000226e-01
-5.216300000000000381e+00 3.402000000000000024e-01
-5.206300000000000594e+00 3.373999999999999777e-01
-5.196299999999999919e+00 3.302999999999999825e-01
-5.186300000000000132e+00 3.202999999999999736e-01
-5.176300000000000345e+00 3.088000000000000189e-01
-5.166300000000000558e+00 2.972000000000000197e-01
-5.156299999999999883e+00 2.863999999999999879e-01
-5.146300000000000097e+00 2.773999999999999799e-01
-5.136300000000000310e+00 2.707999999999999852e-01
-5.126300000000000523e+00 2.666999999999999926e-01
-5.116300000000000736e+00 2.651999999999999913e-01
-5.106300000000000061e+00 2.661000000000000032e-01
-5.096300000000000274e+00 2.687999999999999834e-01
-5.086300000000000487e+00 2.723999999999999755e-01
-5.076299999999999812e+00 2.757000000000000006e-01
-5.066300000000000026e+00 2.776000000000000134e-01
-5.056300000000000239e+00 2.768999999999999795e-01
-5.046300000000000452e+00 2.731000000000000094e-01
-5.036300000000000665e+00 2.660000000000000142e-01
-5.026299999999999990e+00 2.561999999999999833e-01
-5.016300000000000203e+00 2.447999999999999898e-01
-5.006300000000000416e+00 2.331999999999999906e-01
-4.996299999999999741e+00 2.228999999999999870e-01
-4.986299999999999955e+00 2.152999999999999914e-01
-4.976300000000000168e+00 2.114999999999999936e-01
-4.966300000000000381e+00 2.119999999999999940e-01
-4.956300000000000594e+00 2.169000000000000095e-01
-4.946299999999999919e+00 2.258000000000000007e-01
-4.936300000000000132e+00 2.379999999999999893e-01
-4.926300000000000345e+00 2.524000000000000132e-01
-4.916300000000000558e+00 2.675000000000000155e-01
-4.906299999999999883e+00 2.817000000000000060e-01
-4.896300000000000097e+00 2.932000000000000162e-01
-4.886300000000000310e+00 3.007000000000000228e-01
-4.876300000000000523e+00 3.029999999999999916e-01
-4.866300000000000736e+00 2.995999999999999774e-01
-4.856300000000000061e+00 2.908000000000000029e-01
-4.846300000000000274e+00 2.776000000000000134e-01
-4.836300000000000487e+00 2.615000000000000102e-01
-4.826299999999999812e+00 2.444000000000000061e-01
-4.816300000000000026e+00 2.280999999999999972e-01
-4.806300000000000239e+00 2.142999999999999905e-01
-4.796300000000000452e+00 2.043999999999999984e-01
-4.786300000000000665e+00 1.990000000000000102e-01
-4.776299999999999990e+00 1.983999999999999930e-01
-4.766300000000000203e+00 2.021999999999999909e-01
-4.756300000000000416e+00 2.099000000000000032e-01
-4.746299999999999741e+00 2.202999999999999958e-01
-4.736299999999999955e+00 2.323000000000000065e-01
-4.726300000000000168e+00 2.444999999999999951e-01
-4.716300000000000381e+00 2.556999999999999829e-01
-4.706300000000000594e+00 2.649000000000000243e-01
-4.696299999999999919e+00 2.715000000000000191e-01
-4.686300000000000132e+00 2.757000000000000006e-01
-4.676300000000000345e+00 2.782000000000000028e-01
-4.666300000000000558e+00 2.802999999999999936e-01
-4.656299999999999883e+00 2.838999999999999857e-01
-4.646300000000000097e+00 2.909999999999999809e-01
-4.636300000000000310e+00 3.034000000000000030e-01
-4.626300000000000523e+00 3.224000000000000199e-01
-4.616300000000000736e+00 3.483999999999999875e-01
-4.606300000000000061e+00 3.812999999999999723e-01
-4.596300000000000274e+00 4.198999999999999955e-01
-4.586300000000000487e+00 4.627999999999999892e-01
-4.576299999999999812e+00 5.080999999999999961e-01
-4.566300000000000026e+00 5.537999999999999590e-01
-4.556300000000000239e+00 5.986000000000000210e-01
-4.546300000000000452e+00 6.411000000000000032e-01
-4.536300000000000665e+00 6.811000000000000387e-01
-4.526299999999999990e+00 7.183000000000000496e-01
-4.516300000000000203e+00 7.530999999999999917e-01
-4.506300000000000416e+00 7.860000000000000320e-01
-4.496299999999999741e+00 8.172000000000000375e-01
-4.486299999999999955e+00 8.467000000000000082e-01
-4.476300000000000168e+00 8.742999999999999661e-01
-4.466300000000000381e+00 8.997000000000000552e-01
-4.456300000000000594e+00 9.224999999999999867e-01
-4.446299999999999919e+00 9.425000000000000044e-01
-4.436300000000000132e+00 9.603000000000000425e-01
-4.426300000000000345e+00 9.766000000000000236e-01
-4.416300000000000558e+00 9.929999999999999938e-01
-4.406299999999999883e+00 1.010999999999999899e+00
-4.396300000000000097e+00 1.032000000000000028e+00
-4.386300000000000310e+00 1.056000000000000050e+00
-4.376300000000000523e+00 1.084000000000000075e+00
-4.366300000000000736e+00 1.114000000000000101e+00
-4.356300000000000061e+00 1.143999999999999906e+00
-4.346300000000000274e+00 1.171999999999999931e+00
-4.336300000000000487e+00 1.195999999999999952e+00
-4.326299999999999812e+00 1.213999999999999968e+00
-4.316300000000000026e+00 1.227000000000000091e+00
-4.306300000000000239e+00 1.233000000000000096e+00
-4.296300000000000452e+00 1.233999999999999986e+00
-4.286300000000000665e+00 1.231999999999999984e+00
-4.276300000000000878e+00 1.227000000000000091e+00
-4.266300000000000203e+00 1.221999999999999975e+00
-4.256300000000000416e+00 1.217000000000000082e+00
-4.246299999999999741e+00 1.211000000000000076e+00
-4.236299999999999955e+00 1.205000000000000071e+00
-4.226300000000000168e+00 1.197000000000000064e+00
-4.216300000000000381e+00 1.187999999999999945e+00
-4.206300000000000594e+00 1.175999999999999934e+00
-4.196300000000000807e+00 1.163000000000000034e+00
-4.186300000000000132e+00 1.149000000000000021e+00
-4.176300000000000345e+00 1.135999999999999899e+00
-4.166299999999999670e+00 1.125999999999999890e+00
-4.156299999999999883e+00 1.118000000000000105e+00
-4.146300000000000097e+00 1.114000000000000101e+00
-4.136300000000000310e+00 1.114000000000000101e+00
-4.126300000000000523e+00 1.116000000000000103e+00
-4.116300000000000736e+00 1.120999999999999996e+00
-4.106300000000000061e+00 1.125000000000000000e+00
-4.096300000000000274e+00 1.127999999999999892e+00
-4.086299999999999599e+00 1.127999999999999892e+00
-4.076299999999999812e+00 1.124000000000000110e+00
-4.066300000000000026e+00 1.114999999999999991e+00
-4.056300000000000239e+00 1.102000000000000091e+00
-4.046300000000000452e+00 1.086000000000000076e+00
-4.036300000000000665e+00 1.066999999999999948e+00
-4.026300000000000878e+00 1.046999999999999931e+00
-4.016300000000000203e+00 1.028999999999999915e+00
-4.006300000000000416e+00 1.014999999999999902e+00
-3.996300000000000185e+00 1.004999999999999893e+00
-3.986300000000000399e+00 1.002000000000000002e+00
-3.976300000000000168e+00 1.004000000000000004e+00
-3.966300000000000381e+00 1.010999999999999899e+00
-3.956300000000000150e+00 1.020999999999999908e+00
-3.946300000000000363e+00 1.032000000000000028e+00
-3.936300000000000132e+00 1.042999999999999927e+00
-3.926300000000000345e+00 1.050000000000000044e+00
-3.916300000000000114e+00 1.054000000000000048e+00
-3.906300000000000328e+00 1.052999999999999936e+00
-3.896300000000000097e+00 1.048999999999999932e+00
-3.886300000000000310e+00 1.040999999999999925e+00
-3.876300000000000079e+00 1.032000000000000028e+00
-3.866300000000000292e+00 1.022000000000000020e+00
-3.856300000000000061e+00 1.012999999999999901e+00
-3.846300000000000274e+00 1.004999999999999893e+00
-3.836300000000000043e+00 9.996000000000000441e-01
-3.826300000000000257e+00 9.978000000000000203e-01
-3.816300000000000026e+00 1.000000000000000000e+00
-3.806300000000000239e+00 1.006999999999999895e+00
-3.796300000000000452e+00 1.018000000000000016e+00
-3.786300000000000221e+00 1.034000000000000030e+00
-3.776300000000000434e+00 1.052999999999999936e+00
-3.766300000000000203e+00 1.074999999999999956e+00
-3.756300000000000416e+00 1.098000000000000087e+00
-3.746300000000000185e+00 1.118999999999999995e+00
-3.736300000000000399e+00 1.135999999999999899e+00
-3.726300000000000168e+00 1.147999999999999909e+00
-3.716300000000000381e+00 1.153000000000000025e+00
-3.706300000000000150e+00 1.149000000000000021e+00
-3.696300000000000363e+00 1.135000000000000009e+00
-3.686300000000000132e+00 1.114000000000000101e+00
-3.676300000000000345e+00 1.086999999999999966e+00
-3.666300000000000114e+00 1.056999999999999940e+00
-3.656300000000000328e+00 1.028000000000000025e+00
-3.646300000000000097e+00 1.002000000000000002e+00
-3.636300000000000310e+00 9.830999999999999739e-01
-3.626300000000000079e+00 9.737000000000000099e-01
-3.616300000000000292e+00 9.747999999999999998e-01
-3.606300000000000061e+00 9.861999999999999655e-01
-3.596300000000000274e+00 1.006999999999999895e+00
-3.586300000000000043e+00 1.034000000000000030e+00
-3.576300000000000257e+00 1.066999999999999948e+00
-3.566300000000000026e+00 1.100999999999999979e+00
-3.556300000000000239e+00 1.135000000000000009e+00
-3.546300000000000452e+00 1.165999999999999925e+00
-3.536300000000000221e+00 1.191999999999999948e+00
-3.526300000000000434e+00 1.211999999999999966e+00
-3.516300000000000203e+00 1.225000000000000089e+00
-3.506300000000000416e+00 1.229999999999999982e+00
-3.496300000000000185e+00 1.225999999999999979e+00
-3.486300000000000399e+00 1.213000000000000078e+00
-3.476300000000000168e+00 1.193000000000000060e+00
-3.466300000000000381e+00 1.165999999999999925e+00
-3.456300000000000150e+00 1.137000000000000011e+00
-3.446300000000000363e+00 1.106000000000000094e+00
-3.436300000000000132e+00 1.078999999999999959e+00
-3.426300000000000345e+00 1.056999999999999940e+00
-3.416300000000000114e+00 1.042999999999999927e+00
-3.406300000000000328e+00 1.040000000000000036e+00
-3.396300000000000097e+00 1.046999999999999931e+00
-3.386300000000000310e+00 1.062999999999999945e+00
-3.376300000000000079e+00 1.088000000000000078e+00
-3.366300000000000292e+00 1.118999999999999995e+00
-3.356300000000000061e+00 1.151999999999999913e+00
-3.346300000000000274e+00 1.187000000000000055e+00
-3.336300000000000043e+00 1.219999999999999973e+00
-3.326300000000000257e+00 1.249000000000000110e+00
-3.316300000000000026e+00 1.272999999999999909e+00
-3.306300000000000239e+00 1.294000000000000039e+00
-3.296300000000000452e+00 1.310000000000000053e+00
-3.286300000000000221e+00 1.324999999999999956e+00
-3.276300000000000434e+00 1.338000000000000078e+00
-3.266300000000000203e+00 1.350000000000000089e+00
-3.256300000000000416e+00 1.360999999999999988e+00
-3.246300000000000185e+00 1.370999999999999996e+00
-3.236300000000000399e+00 1.379000000000000004e+00
-3.226300000000000168e+00 1.383000000000000007e+00
-3.216300000000000381e+00 1.381999999999999895e+00
-3.206300000000000150e+00 1.377999999999999892e+00
-3.196300000000000363e+00 1.370999999999999996e+00
-3.186300000000000132e+00 1.364000000000000101e+00
-3.176300000000000345e+00 1.358000000000000096e+00
-3.166300000000000114e+00 1.356999999999999984e+00
-3.156300000000000328e+00 1.362999999999999989e+00
-3.146300000000000097e+00 1.375000000000000000e+00
-3.136300000000000310e+00 1.393000000000000016e+00
-3.126300000000000079e+00 1.415000000000000036e+00
-3.116300000000000292e+00 1.439000000000000057e+00
-3.106300000000000061e+00 1.463000000000000078e+00
-3.096300000000000274e+00 1.481999999999999984e+00
-3.086300000000000043e+00 1.497999999999999998e+00
-3.076300000000000257e+00 1.506999999999999895e+00
-3.066300000000000026e+00 1.510000000000000009e+00
-3.056300000000000239e+00 1.508000000000000007e+00
-3.046300000000000452e+00 1.502999999999999892e+00
-3.036300000000000221e+00 1.497000000000000108e+00
-3.026300000000000434e+00 1.491000000000000103e+00
-3.016300000000000203e+00 1.487999999999999989e+00
-3.006300000000000416e+00 1.489000000000000101e+00
-2.996300000000000185e+00 1.497000000000000108e+00
-2.986300000000000399e+00 1.508999999999999897e+00
-2.976300000000000168e+00 1.526000000000000023e+00
-2.966300000000000381e+00 1.546000000000000041e+00
-2.956300000000000150e+00 1.564000000000000057e+00
-2.946300000000000363e+00 1.580000000000000071e+00
-2.936300000000000132e+00 1.588999999999999968e+00
-2.926300000000000345e+00 1.592000000000000082e+00
-2.916300000000000114e+00 1.588000000000000078e+00
-2.906300000000000328e+00 1.578999999999999959e+00
-2.896300000000000097e+00 1.566000000000000059e+00
-2.886300000000000310e+00 1.552000000000000046e+00
-2.876300000000000079e+00 1.538999999999999924e+00
-2.866300000000000292e+00 1.528000000000000025e+00
-2.856300000000000061e+00 1.520000000000000018e+00
-2.846300000000000274e+00 1.514999999999999902e+00
-2.836300000000000043e+00 1.512000000000000011e+00
-2.826300000000000257e+00 1.510000000000000009e+00
-2.816300000000000026e+00 1.508000000000000007e+00
-2.806300000000000239e+00 1.504999999999999893e+00
-2.796300000000000452e+00 1.499000000000000110e+00
-2.786300000000000221e+00 1.491999999999999993e+00
-2.776300000000000434e+00 1.481000000000000094e+00
-2.766300000000000203e+00 1.469000000000000083e+00
-2.756300000000000416e+00 1.455000000000000071e+00
-2.746300000000000185e+00 1.439999999999999947e+00
-2.736300000000000399e+00 1.425999999999999934e+00
-2.726300000000000168e+00 1.413000000000000034e+00
-2.716300000000000381e+00 1.403000000000000025e+00
-2.706300000000000150e+00 1.395000000000000018e+00
-2.696300000000000363e+00 1.389999999999999902e+00
-2.686300000000000132e+00 1.385000000000000009e+00
-2.676300000000000345e+00 1.381000000000000005e+00
-2.666300000000000114e+00 1.377000000000000002e+00
-2.656300000000000328e+00 1.374000000000000110e+00
-2.646300000000000097e+00 1.372000000000000108e+00
-2.636300000000000310e+00 1.370999999999999996e+00
-2.626300000000000079e+00 1.372000000000000108e+00
-2.616300000000000292e+00 1.377000000000000002e+00
-2.606300000000000061e+00 1.385999999999999899e+00
-2.596300000000000274e+00 1.401000000000000023e+00
-2.586300000000000043e+00 1.419000000000000039e+00
-2.576300000000000257e+00 1.441000000000000059e+00
-2.566300000000000026e+00 1.465000000000000080e+00
-2.556300000000000239e+00 1.487999999999999989e+00
-2.546300000000000452e+00 1.508000000000000007e+00
-2.536300000000000221e+00 1.522000000000000020e+00
-2.526300000000000434e+00 1.526000000000000023e+00
-2.516300000000000203e+00 1.520999999999999908e+00
-2.506300000000000416e+00 1.504999999999999893e+00
-2.496300000000000185e+00 1.479000000000000092e+00
-2.486300000000000399e+00 1.447000000000000064e+00
-2.476300000000000168e+00 1.409999999999999920e+00
-2.466300000000000381e+00 1.372999999999999998e+00
-2.456300000000000150e+00 1.338999999999999968e+00
-2.446300000000000363e+00 1.310000000000000053e+00
-2.436300000000000132e+00 1.290999999999999925e+00
-2.426300000000000345e+00 1.280999999999999917e+00
-2.416300000000000114e+00 1.280999999999999917e+00
-2.406300000000000328e+00 1.290000000000000036e+00
-2.396300000000000097e+00 1.306999999999999940e+00
-2.386300000000000310e+00 1.328000000000000069e+00
-2.376300000000000079e+00 1.352000000000000091e+00
-2.366300000000000292e+00 1.374000000000000110e+00
-2.356300000000000061e+00 1.391999999999999904e+00
-2.346300000000000274e+00 1.405000000000000027e+00
-2.336300000000000043e+00 1.409000000000000030e+00
-2.326300000000000257e+00 1.405999999999999917e+00
-2.316300000000000026e+00 1.395999999999999908e+00
-2.306300000000000239e+00 1.379999999999999893e+00
-2.296300000000000452e+00 1.358999999999999986e+00
-2.286300000000000665e+00 1.334999999999999964e+00
-2.276299999999999990e+00 1.310999999999999943e+00
-2.266300000000000203e+00 1.288999999999999924e+00
-2.256300000000000416e+00 1.268999999999999906e+00
-2.246300000000000630e+00 1.254999999999999893e+00
-2.236299999999999955e+00 1.247000000000000108e+00
-2.226300000000000168e+00 1.245000000000000107e+00
-2.216300000000000381e+00 1.250000000000000000e+00
-2.206300000000000594e+00 1.260999999999999899e+00
-2.196299999999999919e+00 1.274999999999999911e+00
-2.186300000000000132e+00 1.292000000000000037e+00
-2.176300000000000345e+00 1.308000000000000052e+00
-2.166300000000000558e+00 1.320999999999999952e+00
-2.156299999999999883e+00 1.330999999999999961e+00
-2.146300000000000097e+00 1.336999999999999966e+00
-2.136300000000000310e+00 1.338000000000000078e+00
-2.126300000000000523e+00 1.334999999999999964e+00
-2.116299999999999848e+00 1.328999999999999959e+00
-2.106300000000000061e+00 1.320000000000000062e+00
-2.096300000000000274e+00 1.310999999999999943e+00
-2.086300000000000487e+00 1.300999999999999934e+00
-2.076299999999999812e+00 1.292999999999999927e+00
-2.066300000000000026e+00 1.284999999999999920e+00
-2.056300000000000239e+00 1.280000000000000027e+00
-2.046300000000000452e+00 1.276000000000000023e+00
-2.036300000000000665e+00 1.272000000000000020e+00
-2.026299999999999990e+00 1.268999999999999906e+00
-2.016300000000000203e+00 1.266000000000000014e+00
-2.006300000000000416e+00 1.262000000000000011e+00
-1.996300000000000630e+00 1.258000000000000007e+00
-1.986299999999999955e+00 1.254000000000000004e+00
-1.976300000000000168e+00 1.250000000000000000e+00
-1.966300000000000381e+00 1.247000000000000108e+00
-1.956300000000000594e+00 1.245999999999999996e+00
-1.946299999999999919e+00 1.245000000000000107e+00
-1.936300000000000132e+00 1.243999999999999995e+00
-1.926300000000000345e+00 1.241000000000000103e+00
-1.916300000000000558e+00 1.235000000000000098e+00
-1.906299999999999883e+00 1.227000000000000091e+00
-1.896300000000000097e+00 1.215000000000000080e+00
-1.886300000000000310e+00 1.203000000000000069e+00
-1.876300000000000523e+00 1.191000000000000059e+00
-1.866299999999999848e+00 1.181999999999999940e+00
-1.856300000000000061e+00 1.177999999999999936e+00
-1.846300000000000274e+00 1.179999999999999938e+00
-1.836300000000000487e+00 1.187000000000000055e+00
-1.826299999999999812e+00 1.199999999999999956e+00
-1.816300000000000026e+00 1.215000000000000080e+00
-1.806300000000000239e+00 1.229000000000000092e+00
-1.796300000000000452e+00 1.241000000000000103e+00
-1.786300000000000665e+00 1.247000000000000108e+00
-1.776299999999999990e+00 1.245999999999999996e+00
-1.766300000000000203e+00 1.237999999999999989e+00
-1.756300000000000416e+00 1.223000000000000087e+00
-1.746300000000000630e+00 1.203999999999999959e+00
-1.736299999999999955e+00 1.185000000000000053e+00
-1.726300000000000168e+00 1.169000000000000039e+00
-1.716300000000000381e+00 1.157000000000000028e+00
-1.706300000000000594e+00 1.153000000000000025e+00
-1.696299999999999919e+00 1.153999999999999915e+00
-1.686300000000000132e+00 1.159000000000000030e+00
-1.676300000000000345e+00 1.167000000000000037e+00
-1.666300000000000558e+00 1.173999999999999932e+00
-1.656299999999999883e+00 1.177000000000000046e+00
-1.646300000000000097e+00 1.177000000000000046e+00
-1.636300000000000310e+00 1.171999999999999931e+00
-1.626300000000000523e+00 1.165000000000000036e+00
-1.616299999999999848e+00 1.155000000000000027e+00
-1.606300000000000061e+00 1.145999999999999908e+00
-1.596300000000000274e+00 1.139000000000000012e+00
-1.586300000000000487e+00 1.133999999999999897e+00
-1.576299999999999812e+00 1.131999999999999895e+00
-1.566300000000000026e+00 1.131999999999999895e+00
-1.556300000000000239e+00 1.131999999999999895e+00
-1.546300000000000452e+00 1.131000000000000005e+00
-1.536300000000000665e+00 1.125999999999999890e+00
-1.526299999999999990e+00 1.118000000000000105e+00
-1.516300000000000203e+00 1.106000000000000094e+00
-1.506300000000000416e+00 1.090000000000000080e+00
-1.496300000000000630e+00 1.070999999999999952e+00
-1.486299999999999955e+00 1.048999999999999932e+00
-1.476300000000000168e+00 1.026999999999999913e+00
-1.466300000000000381e+00 1.004000000000000004e+00
-1.456300000000000594e+00 9.795000000000000373e-01
-1.446299999999999919e+00 9.544000000000000261e-01
-1.436300000000000132e+00 9.284999999999999920e-01
-1.426300000000000345e+00 9.018000000000000460e-01
-1.416300000000000558e+00 8.750000000000000000e-01
-1.406299999999999883e+00 8.487000000000000099e-01
-1.396300000000000097e+00 8.239999999999999547e-01
-1.386300000000000310e+00 8.016999999999999682e-01
-1.376300000000000523e+00 7.824999999999999734e-01
-1.366299999999999848e+00 7.668000000000000371e-01
-1.356300000000000061e+00 7.544999999999999485e-01
-1.346300000000000274e+00 7.449000000000000066e-01
-1.336300000000000487e+00 7.369999999999999885e-01
-1.326299999999999812e+00 7.292999999999999483e-01
-1.316300000000000026e+00 7.207000000000000073e-01
-1.306300000000000239e+00 7.099999999999999645e-01
-1.296300000000000452e+00 6.968999999999999639e-01
-1.286300000000000665e+00 6.816999999999999726e-01
-1.276299999999999990e+00 6.654999999999999805e-01
-1.266300000000000203e+00 6.495999999999999552e-01
-1.256300000000000416e+00 6.359000000000000208e-01
-1.246300000000000630e+00 6.254999999999999449e-01
-1.236299999999999955e+00 6.191999999999999726e-01
-1.226300000000000168e+00 6.169000000000000039e-01
-1.216300000000000381e+00 6.177000000000000268e-01
-1.206300000000000594e+00 6.198000000000000176e-01
-1.196299999999999919e+00 6.216000000000000414e-01
-1.186300000000000132e+00 6.213999999999999524e-01
-1.176300000000000345e+00 6.179000000000000048e-01
-1.166300000000000558e+00 6.108000000000000096e-01
-1.156299999999999883e+00 6.005000000000000338e-01
-1.146300000000000097e+00 5.879999999999999671e-01
-1.136300000000000310e+00 5.746999999999999886e-01
-1.126300000000000523e+00 5.618999999999999551e-01
-1.116299999999999848e+00 5.505999999999999783e-01
-1.106300000000000061e+00 5.412000000000000144e-01
-1.096300000000000274e+00 5.336999999999999522e-01
-1.086300000000000487e+00 5.271000000000000130e-01
-1.076299999999999812e+00 5.205999999999999517e-01
-1.066300000000000026e+00 5.131000000000000005e-01
-1.056300000000000239e+00 5.040000000000000036e-01
-1.046300000000000452e+00 4.929999999999999938e-01
-1.036300000000000665e+00 4.803999999999999937e-01
-1.026299999999999990e+00 4.670000000000000262e-01
-1.016300000000000203e+00 4.539000000000000257e-01
-1.006300000000000416e+00 4.419000000000000150e-01
-9.963000000000006295e-01 4.319999999999999951e-01
-9.862999999999999545e-01 4.243000000000000105e-01
-9.763000000000001677e-01 4.186000000000000276e-01
-9.663000000000003809e-01 4.144999999999999796e-01
-9.563000000000005940e-01 4.109999999999999765e-01
-9.462999999999999190e-01 4.073999999999999844e-01
-9.363000000000001322e-01 4.031000000000000139e-01
-9.263000000000003453e-01 3.977999999999999869e-01
-9.163000000000005585e-01 3.919000000000000261e-01
-9.062999999999998835e-01 3.855999999999999983e-01
-8.963000000000000966e-01 3.795999999999999930e-01
-8.863000000000003098e-01 3.743000000000000216e-01
-8.763000000000005230e-01 3.699000000000000066e-01
-8.662999999999998479e-01 3.664999999999999925e-01
-8.563000000000000611e-01 3.637000000000000233e-01
-8.463000000000002743e-01 3.612000000000000210e-01
-8.363000000000004874e-01 3.585999999999999743e-01
-8.262999999999998124e-01 3.553000000000000047e-01
-8.163000000000000256e-01 3.513000000000000012e-01
-8.063000000000002387e-01 3.462999999999999967e-01
-7.963000000000004519e-01 3.403999999999999804e-01
-7.863000000000006651e-01 3.340000000000000191e-01
-7.762999999999999901e-01 3.272999999999999798e-01
-7.663000000000002032e-01 3.209000000000000186e-01
-7.563000000000004164e-01 3.150999999999999912e-01
-7.463000000000006295e-01 3.101999999999999758e-01
-7.362999999999999545e-01 3.059999999999999942e-01
-7.263000000000001677e-01 3.024999999999999911e-01
-7.163000000000003809e-01 2.989999999999999880e-01
-7.063000000000005940e-01 2.948999999999999955e-01
-6.962999999999999190e-01 2.898000000000000020e-01
-6.863000000000001322e-01 2.832999999999999963e-01
-6.763000000000003453e-01 2.751000000000000112e-01
-6.663000000000005585e-01 2.656999999999999917e-01
-6.562999999999998835e-01 2.555000000000000049e-01
-6.463000000000000966e-01 2.452000000000000013e-01
-6.363000000000003098e-01 2.354999999999999871e-01
-6.263000000000005230e-01 2.268999999999999906e-01
-6.162999999999998479e-01 2.195000000000000007e-01
-6.063000000000000611e-01 2.134000000000000064e-01
-5.963000000000002743e-01 2.081000000000000072e-01
-5.863000000000004874e-01 2.033999999999999975e-01
-5.762999999999998124e-01 1.990000000000000102e-01
-5.663000000000000256e-01 1.947000000000000119e-01
-5.563000000000002387e-01 1.905000000000000027e-01
-5.463000000000004519e-01 1.867999999999999938e-01
-5.363000000000006651e-01 1.836000000000000132e-01
-5.262999999999999901e-01 1.811000000000000110e-01
-5.163000000000002032e-01 1.792999999999999872e-01
-5.063000000000004164e-01 1.776999999999999968e-01
-4.963000000000006295e-01 1.759000000000000008e-01
-4.862999999999999545e-01 1.733999999999999986e-01
-4.763000000000001677e-01 1.698000000000000065e-01
-4.663000000000003809e-01 1.645999999999999963e-01
-4.563000000000005940e-01 1.579000000000000126e-01
-4.462999999999999190e-01 1.496999999999999997e-01
-4.363000000000001322e-01 1.403999999999999970e-01
-4.263000000000003453e-01 1.302999999999999992e-01
-4.163000000000005585e-01 1.199000000000000066e-01
-4.062999999999998835e-01 1.095000000000000001e-01
-3.963000000000000966e-01 9.922999999999999876e-02
-3.863000000000003098e-01 8.938000000000000111e-02
-3.763000000000005230e-01 7.996999999999999942e-02
-3.662999999999998479e-01 7.098999999999999755e-02
-3.563000000000000611e-01 6.244000000000000244e-02
-3.463000000000002743e-01 5.428999999999999798e-02
-3.363000000000004874e-01 4.655000000000000110e-02
-3.262999999999998124e-01 3.923999999999999710e-02
-3.163000000000000256e-01 3.243000000000000049e-02
-3.063000000000002387e-01 2.621000000000000066e-02
-2.963000000000004519e-01 2.066000000000000128e-02
-2.863000000000006651e-01 1.584999999999999951e-02
-2.762999999999999901e-01 1.179999999999999973e-02
-2.663000000000002032e-01 8.517999999999999530e-03
-2.563000000000004164e-01 5.948000000000000162e-03
-2.463000000000006295e-01 4.013000000000000074e-03
-2.362999999999999545e-01 2.612000000000000172e-03
-2.263000000000001677e-01 1.639999999999999965e-03
-2.163000000000003809e-01 9.914999999999999768e-04
-2.063000000000005940e-01 5.770999999999999871e-04
-1.962999999999999190e-01 3.231999999999999955e-04
-1.863000000000001322e-01 1.740000000000000010e-04
-1.763000000000003453e-01 9.008999999999999972e-05
-1.663000000000005585e-01 4.482000000000000117e-05
-1.562999999999998835e-01 2.142000000000000159e-05
-1.463000000000000966e-01 9.836999999999999160e-06
-1.363000000000003098e-01 4.337999999999999802e-06
-1.263000000000005230e-01 1.836999999999999945e-06
-1.162999999999998479e-01 7.470000000000000054e-07
-1.063000000000000611e-01 2.915999999999999906e-07
-9.630000000000027427e-02 1.093000000000000060e-07
-8.630000000000048743e-02 3.933000000000000212e-08
-7.629999999999981242e-02 1.357999999999999984e-08
-6.630000000000002558e-02 4.502000000000000377e-09
-5.630000000000023874e-02 1.432000000000000018e-09
-4.630000000000045191e-02 4.372999999999999788e-10
-3.630000000000066507e-02 1.283000000000000119e-10
-2.629999999999999005e-02 3.685000000000000070e-11
-1.630000000000020322e-02 1.302999999999999921e-11
-6.300000000000416378e-03 1.519999999999999986e-11
3.699999999999370459e-03 4.712000000000000117e-11
1.370000000000004547e-02 1.635000000000000041e-10
2.369999999999983231e-02 5.496000000000000460e-10
3.369999999999961915e-02 1.772000000000000085e-09
4.369999999999940599e-02 5.472000000000000129e-09
5.370000000000008100e-02 1.619999999999999948e-08
6.369999999999986784e-02 4.594999999999999787e-08
7.369999999999965468e-02 1.248999999999999868e-07
8.369999999999944151e-02 3.254999999999999964e-07
9.370000000000011653e-02 8.135000000000000251e-07
1.036999999999999034e-01 1.949999999999999965e-06
1.136999999999996902e-01 4.483000000000000107e-06
1.236999999999994770e-01 9.892999999999999979e-06
1.337000000000001521e-01 2.095999999999999922e-05
1.436999999999999389e-01 4.267000000000000312e-05
1.536999999999997257e-01 8.351999999999999995e-05
1.636999999999995126e-01 1.573000000000000017e-04
1.737000000000001876e-01 2.851999999999999934e-04
1.836999999999999744e-01 4.985999999999999764e-04
1.936999999999997613e-01 8.413000000000000122e-04
2.036999999999995481e-01 1.371999999999999956e-03
2.136999999999993349e-01 2.165999999999999957e-03
2.237000000000000099e-01 3.314000000000000105e-03
2.336999999999997968e-01 4.921000000000000027e-03
2.436999999999995836e-01 7.104000000000000072e-03
2.536999999999993705e-01 9.981000000000000288e-03
2.637000000000000455e-01 1.366000000000000027e-02
2.736999999999998323e-01 1.823999999999999927e-02
2.836999999999996191e-01 2.376999999999999946e-02
2.936999999999994060e-01 3.024999999999999911e-02
3.037000000000000810e-01 3.763999999999999985e-02
3.136999999999998678e-01 4.583000000000000268e-02
3.236999999999996547e-01 5.467999999999999944e-02
3.336999999999994415e-01 6.400999999999999746e-02
3.437000000000001165e-01 7.366999999999999937e-02
3.536999999999999034e-01 8.354000000000000314e-02
3.636999999999996902e-01 9.353000000000000203e-02
3.736999999999994770e-01 1.035999999999999976e-01
3.837000000000001521e-01 1.136999999999999955e-01
3.936999999999999389e-01 1.236000000000000015e-01
4.036999999999997257e-01 1.333999999999999908e-01
4.136999999999995126e-01 1.428000000000000103e-01
4.237000000000001876e-01 1.517000000000000015e-01
4.336999999999999744e-01 1.600000000000000033e-01
4.436999999999997613e-01 1.676999999999999880e-01
4.536999999999995481e-01 1.753000000000000114e-01
4.636999999999993349e-01 1.832000000000000017e-01
4.737000000000000099e-01 1.922000000000000097e-01
4.836999999999997968e-01 2.026999999999999913e-01
4.936999999999995836e-01 2.152999999999999914e-01
5.036999999999993705e-01 2.298000000000000043e-01
5.137000000000000455e-01 2.457000000000000017e-01
5.236999999999998323e-01 2.619000000000000217e-01
5.336999999999996191e-01 2.772999999999999909e-01
5.436999999999994060e-01 2.904999999999999805e-01
5.537000000000000810e-01 3.005999999999999783e-01
5.636999999999998678e-01 3.071999999999999731e-01
5.736999999999996547e-01 3.104000000000000092e-01
5.836999999999994415e-01 3.110999999999999877e-01
5.937000000000001165e-01 3.104999999999999982e-01
6.036999999999999034e-01 3.096999999999999753e-01
6.136999999999996902e-01 3.099000000000000088e-01
6.236999999999994770e-01 3.118000000000000216e-01
6.337000000000001521e-01 3.156999999999999806e-01
6.436999999999999389e-01 3.214000000000000190e-01
6.536999999999997257e-01 3.286000000000000032e-01
6.636999999999995126e-01 3.366000000000000103e-01
6.737000000000001876e-01 3.449999999999999734e-01
6.836999999999999744e-01 3.533000000000000029e-01
6.936999999999997613e-01 3.613999999999999990e-01
7.036999999999995481e-01 3.691999999999999726e-01
7.136999999999993349e-01 3.765000000000000013e-01
7.237000000000000099e-01 3.834000000000000186e-01
7.336999999999997968e-01 3.896000000000000019e-01
7.436999999999995836e-01 3.948999999999999733e-01
7.536999999999993705e-01 3.991000000000000103e-01
7.637000000000000455e-01 4.025000000000000244e-01
7.736999999999998323e-01 4.052000000000000046e-01
7.836999999999996191e-01 4.079999999999999738e-01
7.936999999999994060e-01 4.118999999999999884e-01
8.037000000000000810e-01 4.177000000000000157e-01
8.136999999999998678e-01 4.262000000000000233e-01
8.236999999999996547e-01 4.379000000000000115e-01
8.336999999999994415e-01 4.522999999999999798e-01
8.437000000000001165e-01 4.687999999999999945e-01
8.536999999999999034e-01 4.860999999999999766e-01
8.636999999999996902e-01 5.028000000000000247e-01
8.736999999999994770e-01 5.177000000000000490e-01
8.837000000000001521e-01 5.296999999999999487e-01
8.936999999999999389e-01 5.383999999999999897e-01
9.036999999999997257e-01 5.436999999999999611e-01
9.136999999999995126e-01 5.461000000000000298e-01
9.237000000000001876e-01 5.459000000000000519e-01
9.336999999999999744e-01 5.439000000000000501e-01
9.436999999999997613e-01 5.405999999999999694e-01
9.536999999999995481e-01 5.364999999999999769e-01
9.636999999999993349e-01 5.321000000000000174e-01
9.737000000000000099e-01 5.278000000000000469e-01
9.836999999999997968e-01 5.239000000000000323e-01
9.936999999999995836e-01 5.207000000000000517e-01
1.003699999999999370e+00 5.183999999999999719e-01
1.013700000000000045e+00 5.170000000000000151e-01
1.023699999999999832e+00 5.167000000000000481e-01
1.033699999999999619e+00 5.175999999999999490e-01
1.043699999999999406e+00 5.197000000000000508e-01
1.053700000000000081e+00 5.233999999999999764e-01
1.063699999999999868e+00 5.289000000000000368e-01
1.073699999999999655e+00 5.364999999999999769e-01
1.083699999999999442e+00 5.463999999999999968e-01
1.093700000000000117e+00 5.584999999999999964e-01
1.103699999999999903e+00 5.723000000000000309e-01
1.113699999999999690e+00 5.869999999999999662e-01
1.123699999999999477e+00 6.019999999999999796e-01
1.133700000000000152e+00 6.162999999999999590e-01
1.143699999999999939e+00 6.297000000000000375e-01
1.153699999999999726e+00 6.421000000000000041e-01
1.163699999999999513e+00 6.539000000000000368e-01
1.173700000000000188e+00 6.659000000000000474e-01
1.183699999999999974e+00 6.786999999999999700e-01
1.193699999999999761e+00 6.928999999999999604e-01
1.203699999999999548e+00 7.084000000000000297e-01
1.213699999999999335e+00 7.250999999999999668e-01
1.223700000000000010e+00 7.419000000000000039e-01
1.233699999999999797e+00 7.580999999999999961e-01
1.243699999999999584e+00 7.727000000000000535e-01
1.253699999999999370e+00 7.852999999999999980e-01
1.263700000000000045e+00 7.955999999999999739e-01
1.273699999999999832e+00 8.038999999999999480e-01
1.283699999999999619e+00 8.107999999999999652e-01
1.293699999999999406e+00 8.169999999999999485e-01
1.303700000000000081e+00 8.227999999999999758e-01
1.313699999999999868e+00 8.286000000000000032e-01
1.323699999999999655e+00 8.345000000000000195e-01
1.333699999999999442e+00 8.403000000000000469e-01
1.343700000000000117e+00 8.457999999999999963e-01
1.353699999999999903e+00 8.508999999999999897e-01
1.363699999999999690e+00 8.557000000000000162e-01
1.373699999999999477e+00 8.605000000000000426e-01
1.383700000000000152e+00 8.658000000000000140e-01
1.393699999999999939e+00 8.719000000000000083e-01
1.403699999999999726e+00 8.790999999999999925e-01
1.413699999999999513e+00 8.877000000000000446e-01
1.423700000000000188e+00 8.977000000000000535e-01
1.433699999999999974e+00 9.089000000000000412e-01
1.443699999999999761e+00 9.213999999999999968e-01
1.453699999999999548e+00 9.350000000000000533e-01
1.463699999999999335e+00 9.494000000000000217e-01
1.473700000000000010e+00 9.641999999999999460e-01
1.483699999999999797e+00 9.788000000000000034e-01
1.493699999999999584e+00 9.919999999999999929e-01
1.503699999999999370e+00 1.002999999999999892e+00
1.513700000000000045e+00 1.010000000000000009e+00
1.523699999999999832e+00 1.012999999999999901e+00
1.533699999999999619e+00 1.012000000000000011e+00
1.543699999999999406e+00 1.006999999999999895e+00
1.553700000000000081e+00 9.991999999999999771e-01
1.563699999999999868e+00 9.908000000000000140e-01
1.573699999999999655e+00 9.835000000000000409e-01
1.583699999999999442e+00 9.788999999999999924e-01
1.593700000000000117e+00 9.784000000000000474e-01
1.603699999999999903e+00 9.826000000000000290e-01
1.613699999999999690e+00 9.919000000000000039e-01
1.623699999999999477e+00 1.006000000000000005e+00
1.633700000000000152e+00 1.026000000000000023e+00
1.643699999999999939e+00 1.050000000000000044e+00
1.653699999999999726e+00 1.078999999999999959e+00
1.663699999999999513e+00 1.112000000000000099e+00
1.673700000000000188e+00 1.149000000000000021e+00
1.683699999999999974e+00 1.187999999999999945e+00
1.693699999999999761e+00 1.229999999999999982e+00
1.703699999999999548e+00 1.270999999999999908e+00
1.713699999999999335e+00 1.312000000000000055e+00
1.723699999999999122e+00 1.350000000000000089e+00
1.733699999999998909e+00 1.385000000000000009e+00
1.743700000000000472e+00 1.415999999999999925e+00
1.753700000000000259e+00 1.441999999999999948e+00
1.763700000000000045e+00 1.463000000000000078e+00
1.773699999999999832e+00 1.481000000000000094e+00
1.783699999999999619e+00 1.495000000000000107e+00
1.793699999999999406e+00 1.508000000000000007e+00
1.803699999999999193e+00 1.518999999999999906e+00
1.813699999999998980e+00 1.530999999999999917e+00
1.823700000000000543e+00 1.544000000000000039e+00
1.833700000000000330e+00 1.556000000000000050e+00
1.843700000000000117e+00 1.568000000000000060e+00
1.853699999999999903e+00 1.578000000000000069e+00
1.863699999999999690e+00 1.584999999999999964e+00
1.873699999999999477e+00 1.586999999999999966e+00
1.883699999999999264e+00 1.584999999999999964e+00
1.893699999999999051e+00 1.580000000000000071e+00
1.903700000000000614e+00 1.574000000000000066e+00
1.913700000000000401e+00 1.568999999999999950e+00
1.923700000000000188e+00 1.566000000000000059e+00
1.933699999999999974e+00 1.568999999999999950e+00
1.943699999999999761e+00 1.576999999999999957e+00
1.953699999999999548e+00 1.590999999999999970e+00
1.963699999999999335e+00 1.608000000000000096e+00
1.973699999999999122e+00 1.625000000000000000e+00
1.983699999999998909e+00 1.641000000000000014e+00
1.993700000000000472e+00 1.651000000000000023e+00
2.003700000000000259e+00 1.653999999999999915e+00
2.013700000000000045e+00 1.649999999999999911e+00
2.023699999999999832e+00 1.637000000000000011e+00
2.033699999999999619e+00 1.620000000000000107e+00
2.043699999999999406e+00 1.598999999999999977e+00
2.053699999999999193e+00 1.578000000000000069e+00
2.063699999999998980e+00 1.560000000000000053e+00
2.073700000000000543e+00 1.546000000000000041e+00
2.083700000000000330e+00 1.536000000000000032e+00
2.093700000000000117e+00 1.528999999999999915e+00
2.103699999999999903e+00 1.524999999999999911e+00
2.113699999999999690e+00 1.520999999999999908e+00
2.123699999999999477e+00 1.516000000000000014e+00
2.133699999999999264e+00 1.508000000000000007e+00
2.143699999999999051e+00 1.497999999999999998e+00
2.153700000000000614e+00 1.485999999999999988e+00
2.163700000000000401e+00 1.471999999999999975e+00
2.173700000000000188e+00 1.459000000000000075e+00
2.183699999999999974e+00 1.445000000000000062e+00
2.193699999999999761e+00 1.431999999999999940e+00
2.203699999999999548e+00 1.417999999999999927e+00
2.213699999999999335e+00 1.403999999999999915e+00
2.223699999999999122e+00 1.387999999999999901e+00
2.233699999999998909e+00 1.370000000000000107e+00
2.243700000000000472e+00 1.352000000000000091e+00
2.253700000000000259e+00 1.334000000000000075e+00
2.263700000000000045e+00 1.318000000000000060e+00
2.273699999999999832e+00 1.306000000000000050e+00
2.283699999999999619e+00 1.298999999999999932e+00
2.293699999999999406e+00 1.298999999999999932e+00
2.303699999999999193e+00 1.304999999999999938e+00
2.313699999999998980e+00 1.314999999999999947e+00
2.323700000000000543e+00 1.328000000000000069e+00
2.333700000000000330e+00 1.342000000000000082e+00
2.343700000000000117e+00 1.352999999999999980e+00
2.353699999999999903e+00 1.358999999999999986e+00
2.363699999999999690e+00 1.358999999999999986e+00
2.373699999999999477e+00 1.352000000000000091e+00
2.383699999999999264e+00 1.338999999999999968e+00
2.393699999999999051e+00 1.320000000000000062e+00
2.403700000000000614e+00 1.298000000000000043e+00
2.413700000000000401e+00 1.274999999999999911e+00
2.423700000000000188e+00 1.252999999999999892e+00
2.433699999999999974e+00 1.233000000000000096e+00
2.443699999999999761e+00 1.215999999999999970e+00
2.453699999999999548e+00 1.203999999999999959e+00
2.463699999999999335e+00 1.195999999999999952e+00
2.473699999999999122e+00 1.191000000000000059e+00
2.483699999999998909e+00 1.187000000000000055e+00
2.493700000000000472e+00 1.183000000000000052e+00
2.503700000000000259e+00 1.175999999999999934e+00
2.513700000000000045e+00 1.165000000000000036e+00
2.523699999999999832e+00 1.149999999999999911e+00
2.533699999999999619e+00 1.129999999999999893e+00
2.543699999999999406e+00 1.106000000000000094e+00
2.553699999999999193e+00 1.080999999999999961e+00
2.563699999999998980e+00 1.056000000000000050e+00
2.573700000000000543e+00 1.034000000000000030e+00
2.583700000000000330e+00 1.018000000000000016e+00
2.593700000000000117e+00 1.010000000000000009e+00
2.603699999999999903e+00 1.008999999999999897e+00
2.613699999999999690e+00 1.014000000000000012e+00
2.623699999999999477e+00 1.024000000000000021e+00
2.633699999999999264e+00 1.036000000000000032e+00
2.643699999999999051e+00 1.046000000000000041e+00
2.653700000000000614e+00 1.052000000000000046e+00
2.663700000000000401e+00 1.052999999999999936e+00
2.673700000000000188e+00 1.048000000000000043e+00
2.683699999999999974e+00 1.038000000000000034e+00
2.693699999999999761e+00 1.022999999999999909e+00
2.703699999999999548e+00 1.006999999999999895e+00
2.713699999999999335e+00 9.909000000000000030e-01
2.723699999999999122e+00 9.775000000000000355e-01
2.733699999999998909e+00 9.686000000000000165e-01
2.743700000000000472e+00 9.657000000000000028e-01
2.753700000000000259e+00 9.695000000000000284e-01
2.763700000000000045e+00 9.807000000000000162e-01
2.773699999999999832e+00 9.990999999999999881e-01
2.783699999999999619e+00 1.024999999999999911e+00
2.793699999999999406e+00 1.056999999999999940e+00
2.803699999999999193e+00 1.094000000000000083e+00
2.813699999999998980e+00 1.137999999999999901e+00
2.823700000000000543e+00 1.185999999999999943e+00
2.833700000000000330e+00 1.237999999999999989e+00
2.843700000000000117e+00 1.294999999999999929e+00
2.853699999999999903e+00 1.356999999999999984e+00
2.863699999999999690e+00 1.423000000000000043e+00
2.873699999999999477e+00 1.497000000000000108e+00
2.883699999999999264e+00 1.578000000000000069e+00
2.893699999999999051e+00 1.667999999999999927e+00
2.903700000000000614e+00 1.766000000000000014e+00
2.913700000000000401e+00 1.872000000000000108e+00
2.923700000000000188e+00 1.983999999999999986e+00
2.933699999999999974e+00 2.096999999999999975e+00
2.943699999999999761e+00 2.206999999999999851e+00
2.953699999999999548e+00 2.309000000000000163e+00
2.963699999999999335e+00 2.396999999999999797e+00
2.973699999999999122e+00 2.468999999999999861e+00
2.983699999999998909e+00 2.520000000000000018e+00
2.993700000000000472e+00 2.547000000000000153e+00
3.003700000000000259e+00 2.552000000000000046e+00
3.013700000000000045e+00 2.532000000000000028e+00
3.023699999999999832e+00 2.491000000000000103e+00
3.033699999999999619e+00 2.431000000000000050e+00
3.043699999999999406e+00 2.354999999999999982e+00
3.053699999999999193e+00 2.269000000000000128e+00
3.063699999999998980e+00 2.177999999999999936e+00
3.073700000000000543e+00 2.087000000000000188e+00
3.083700000000000330e+00 2.001999999999999780e+00
3.093700000000000117e+00 1.927999999999999936e+00
3.103699999999999903e+00 1.866000000000000103e+00
3.113699999999999690e+00 1.818999999999999950e+00
3.123699999999999477e+00 1.786000000000000032e+00
3.133699999999999264e+00 1.766000000000000014e+00
3.143699999999999051e+00 1.754000000000000004e+00
3.153700000000000614e+00 1.749000000000000110e+00
3.163700000000000401e+00 1.745999999999999996e+00
3.173700000000000188e+00 1.743999999999999995e+00
3.183699999999999974e+00 1.741999999999999993e+00
3.193699999999999761e+00 1.739000000000000101e+00
3.203699999999999548e+00 1.735000000000000098e+00
3.213699999999999335e+00 1.733000000000000096e+00
3.223699999999999122e+00 1.731999999999999984e+00
3.233699999999998909e+00 1.733999999999999986e+00
3.243700000000000472e+00 1.737999999999999989e+00
3.253700000000000259e+00 1.745000000000000107e+00
3.263700000000000045e+00 1.750999999999999890e+00
3.273699999999999832e+00 1.756000000000000005e+00
3.283699999999999619e+00 1.756000000000000005e+00
3.293699999999999406e+00 1.750999999999999890e+00
3.303699999999999193e+00 1.739000000000000101e+00
3.313699999999998980e+00 1.721000000000000085e+00
3.323700000000000543e+00 1.697999999999999954e+00
3.333700000000000330e+00 1.673000000000000043e+00
3.343700000000000117e+00 1.647999999999999909e+00
3.353699999999999903e+00 1.624000000000000110e+00
3.363699999999999690e+00 1.604000000000000092e+00
3.373699999999999477e+00 1.586999999999999966e+00
3.383699999999999264e+00 1.572999999999999954e+00
3.393699999999999051e+00 1.562000000000000055e+00
3.403700000000000614e+00 1.552000000000000046e+00
3.413700000000000401e+00 1.544000000000000039e+00
3.423700000000000188e+00 1.536999999999999922e+00
3.433699999999999974e+00 1.530999999999999917e+00
3.443699999999999761e+00 1.528000000000000025e+00
3.453699999999999548e+00 1.526999999999999913e+00
3.463699999999999335e+00 1.530000000000000027e+00
3.473699999999999122e+00 1.536000000000000032e+00
3.483699999999998909e+00 1.546000000000000041e+00
3.493700000000000472e+00 1.558999999999999941e+00
3.503700000000000259e+00 1.572999999999999954e+00
3.513700000000000045e+00 1.586999999999999966e+00
3.523699999999999832e+00 1.598999999999999977e+00
3.533699999999999619e+00 1.608999999999999986e+00
3.543699999999999406e+00 1.612999999999999989e+00
3.553699999999999193e+00 1.610999999999999988e+00
3.563699999999998980e+00 1.602000000000000091e+00
3.573700000000000543e+00 1.588000000000000078e+00
3.583700000000000330e+00 1.568000000000000060e+00
3.593700000000000117e+00 1.546000000000000041e+00
3.603699999999999903e+00 1.522999999999999909e+00
3.613699999999999690e+00 1.502999999999999892e+00
3.623699999999999477e+00 1.489000000000000101e+00
3.633699999999999264e+00 1.481000000000000094e+00
3.643699999999999051e+00 1.479999999999999982e+00
3.653700000000000614e+00 1.485999999999999988e+00
3.663700000000000401e+00 1.497000000000000108e+00
3.673700000000000188e+00 1.510999999999999899e+00
3.683699999999999974e+00 1.524000000000000021e+00
3.693699999999999761e+00 1.534000000000000030e+00
3.703699999999999548e+00 1.538000000000000034e+00
3.713699999999999335e+00 1.532999999999999918e+00
3.723699999999999122e+00 1.518000000000000016e+00
3.733699999999998909e+00 1.491999999999999993e+00
3.743700000000000472e+00 1.455999999999999961e+00
3.753700000000000259e+00 1.411000000000000032e+00
3.763700000000000045e+00 1.360000000000000098e+00
3.773699999999999832e+00 1.304999999999999938e+00
3.783699999999999619e+00 1.250000000000000000e+00
3.793699999999999406e+00 1.199000000000000066e+00
3.803699999999999193e+00 1.153000000000000025e+00
3.813699999999998980e+00 1.114999999999999991e+00
3.823700000000000543e+00 1.086000000000000076e+00
3.833700000000000330e+00 1.064000000000000057e+00
3.843700000000000117e+00 1.050000000000000044e+00
3.853699999999999903e+00 1.040999999999999925e+00
3.863699999999999690e+00 1.036000000000000032e+00
3.873699999999999477e+00 1.032999999999999918e+00
3.883699999999999264e+00 1.030999999999999917e+00
3.893699999999999051e+00 1.028000000000000025e+00
3.903700000000000614e+00 1.026000000000000023e+00
3.913700000000000401e+00 1.024000000000000021e+00
3.923700000000000188e+00 1.022000000000000020e+00
3.933699999999999974e+00 1.020999999999999908e+00
3.943699999999999761e+00 1.020000000000000018e+00
3.953699999999999548e+00 1.020000000000000018e+00
3.963699999999999335e+00 1.022000000000000020e+00
3.973699999999999122e+00 1.024999999999999911e+00
3.983699999999998909e+00 1.028000000000000025e+00
3.993700000000000472e+00 1.032000000000000028e+00
4.003700000000000259e+00 1.036000000000000032e+00
4.013700000000000045e+00 1.040000000000000036e+00
4.023699999999999832e+00 1.044999999999999929e+00
4.033699999999999619e+00 1.050999999999999934e+00
4.043699999999999406e+00 1.060000000000000053e+00
4.053699999999999193e+00 1.074000000000000066e+00
4.063699999999998980e+00 1.094999999999999973e+00
4.073700000000000543e+00 1.127000000000000002e+00
4.083700000000000330e+00 1.169999999999999929e+00
4.093700000000000117e+00 1.225999999999999979e+00
4.103699999999999903e+00 1.292999999999999927e+00
4.113699999999999690e+00 1.368000000000000105e+00
4.123699999999999477e+00 1.447000000000000064e+00
4.133699999999999264e+00 1.526000000000000023e+00
4.143699999999999051e+00 1.598999999999999977e+00
4.153700000000000614e+00 1.661999999999999922e+00
4.163700000000000401e+00 1.709999999999999964e+00
4.173700000000000188e+00 1.741999999999999993e+00
4.183699999999999974e+00 1.756999999999999895e+00
4.193699999999999761e+00 1.754999999999999893e+00
4.203699999999999548e+00 1.737999999999999989e+00
4.213699999999999335e+00 1.707999999999999963e+00
4.223699999999999122e+00 1.667999999999999927e+00
4.233699999999998909e+00 1.622000000000000108e+00
4.243700000000000472e+00 1.572999999999999954e+00
4.253700000000000259e+00 1.524999999999999911e+00
4.263700000000000045e+00 1.479000000000000092e+00
4.273699999999999832e+00 1.437000000000000055e+00
4.283699999999999619e+00 1.401999999999999913e+00
4.293699999999999406e+00 1.374000000000000110e+00
4.303699999999999193e+00 1.350999999999999979e+00
4.313699999999998980e+00 1.334000000000000075e+00
4.323700000000000543e+00 1.320000000000000062e+00
4.333700000000000330e+00 1.308000000000000052e+00
4.343700000000000117e+00 1.296999999999999931e+00
4.353699999999999903e+00 1.284999999999999920e+00
4.363699999999999690e+00 1.270000000000000018e+00
4.373699999999999477e+00 1.252000000000000002e+00
4.383699999999999264e+00 1.229999999999999982e+00
4.393699999999999051e+00 1.203999999999999959e+00
4.403700000000000614e+00 1.175999999999999934e+00
4.413700000000000401e+00 1.145000000000000018e+00
4.423700000000000188e+00 1.114000000000000101e+00
4.433699999999999974e+00 1.084000000000000075e+00
4.443699999999999761e+00 1.056000000000000050e+00
4.453699999999999548e+00 1.030999999999999917e+00
4.463699999999999335e+00 1.010999999999999899e+00
4.473699999999999122e+00 9.971999999999999753e-01
4.483699999999998909e+00 9.907000000000000250e-01
4.493700000000000472e+00 9.923999999999999488e-01
4.503700000000000259e+00 1.002999999999999892e+00
4.513700000000000045e+00 1.022999999999999909e+00
4.523699999999999832e+00 1.052999999999999936e+00
4.533699999999999619e+00 1.090999999999999970e+00
4.543699999999999406e+00 1.135000000000000009e+00
4.553699999999999193e+00 1.183999999999999941e+00
4.563699999999998980e+00 1.235000000000000098e+00
4.573700000000000543e+00 1.284000000000000030e+00
4.583700000000000330e+00 1.328999999999999959e+00
4.593700000000000117e+00 1.368000000000000105e+00
4.603699999999999903e+00 1.397999999999999909e+00
4.613699999999999690e+00 1.419999999999999929e+00
4.623699999999999477e+00 1.433999999999999941e+00
4.633699999999999264e+00 1.441000000000000059e+00
4.643699999999999051e+00 1.439999999999999947e+00
4.653700000000000614e+00 1.435000000000000053e+00
4.663700000000000401e+00 1.425999999999999934e+00
4.673700000000000188e+00 1.413999999999999924e+00
4.683699999999999974e+00 1.399000000000000021e+00
4.693699999999999761e+00 1.383000000000000007e+00
4.703699999999999548e+00 1.366000000000000103e+00
4.713699999999999335e+00 1.348000000000000087e+00
4.723699999999999122e+00 1.332000000000000073e+00
4.733699999999998909e+00 1.316999999999999948e+00
4.743700000000000472e+00 1.302999999999999936e+00
4.753700000000000259e+00 1.290000000000000036e+00
4.763700000000000045e+00 1.278999999999999915e+00
4.773699999999999832e+00 1.268000000000000016e+00
4.783699999999999619e+00 1.256999999999999895e+00
4.793699999999999406e+00 1.247000000000000108e+00
4.803699999999999193e+00 1.237000000000000099e+00
4.813699999999998980e+00 1.229000000000000092e+00
4.823700000000000543e+00 1.221999999999999975e+00
4.833700000000000330e+00 1.217000000000000082e+00
4.843700000000000117e+00 1.213000000000000078e+00
4.853699999999999903e+00 1.209999999999999964e+00
4.863699999999999690e+00 1.205000000000000071e+00
4.873699999999999477e+00 1.197000000000000064e+00
4.883699999999999264e+00 1.183999999999999941e+00
4.893699999999999051e+00 1.165000000000000036e+00
4.903700000000000614e+00 1.139000000000000012e+00
4.913700000000000401e+00 1.108999999999999986e+00
4.923700000000000188e+00 1.076999999999999957e+00
4.933699999999999974e+00 1.046000000000000041e+00
4.943699999999999761e+00 1.020000000000000018e+00
4.953699999999999548e+00 1.002999999999999892e+00
4.963699999999999335e+00 9.959000000000000075e-01
4.973699999999999122e+00 1.000000000000000000e+00
4.983699999999998909e+00 1.014999999999999902e+00
4.993700000000000472e+00 1.038000000000000034e+00
5.003700000000000259e+00 1.066000000000000059e+00
5.013700000000000045e+00 1.096000000000000085e+00
5.023699999999999832e+00 1.124000000000000110e+00
5.033699999999999619e+00 1.147000000000000020e+00
5.043699999999999406e+00 1.163999999999999924e+00
5.053699999999999193e+00 1.173999999999999932e+00
5.063699999999998980e+00 1.177000000000000046e+00
5.073700000000000543e+00 1.173999999999999932e+00
5.083700000000000330e+00 1.167999999999999927e+00
5.093700000000000117e+00 1.159000000000000030e+00
5.103699999999999903e+00 1.151000000000000023e+00
5.113699999999999690e+00 1.143999999999999906e+00
5.123699999999999477e+00 1.139000000000000012e+00
5.133699999999999264e+00 1.135999999999999899e+00
5.143699999999999051e+00 1.135999999999999899e+00
5.153700000000000614e+00 1.139000000000000012e+00
5.163700000000000401e+00 1.143999999999999906e+00
5.173700000000000188e+00 1.153000000000000025e+00
5.183699999999999974e+00 1.165000000000000036e+00
5.193699999999999761e+00 1.181999999999999940e+00
5.203699999999999548e+00 1.203000000000000069e+00
5.213699999999999335e+00 1.229000000000000092e+00
5.223699999999999122e+00 1.258000000000000007e+00
5.233699999999998909e+00 1.286999999999999922e+00
5.243700000000000472e+00 1.316000000000000059e+00
5.253700000000000259e+00 1.340000000000000080e+00
5.263700000000000045e+00 1.358000000000000096e+00
5.273699999999999832e+00 1.364999999999999991e+00
5.283699999999999619e+00 1.362000000000000099e+00
5.293699999999999406e+00 1.348000000000000087e+00
5.303699999999999193e+00 1.324000000000000066e+00
5.313699999999998980e+00 1.292999999999999927e+00
5.323700000000000543e+00 1.258000000000000007e+00
5.333700000000000330e+00 1.223000000000000087e+00
5.343700000000000117e+00 1.191000000000000059e+00
5.353699999999999903e+00 1.165000000000000036e+00
5.363699999999999690e+00 1.145000000000000018e+00
5.373699999999999477e+00 1.133000000000000007e+00
5.383699999999999264e+00 1.125999999999999890e+00
5.393699999999999051e+00 1.122000000000000108e+00
5.403700000000000614e+00 1.118999999999999995e+00
5.413700000000000401e+00 1.114999999999999991e+00
5.423700000000000188e+00 1.108000000000000096e+00
5.433699999999999974e+00 1.098000000000000087e+00
5.443699999999999761e+00 1.082999999999999963e+00
5.453699999999999548e+00 1.064999999999999947e+00
5.463699999999999335e+00 1.042999999999999927e+00
5.473699999999999122e+00 1.020000000000000018e+00
5.483699999999998909e+00 9.947000000000000286e-01
5.493700000000000472e+00 9.687000000000000055e-01
5.503700000000000259e+00 9.424000000000000155e-01
5.513700000000000045e+00 9.163999999999999924e-01
5.523699999999999832e+00 8.911999999999999922e-01
5.533699999999999619e+00 8.679000000000000048e-01
5.543699999999999406e+00 8.474000000000000421e-01
5.553699999999999193e+00 8.307999999999999829e-01
5.563699999999998980e+00 8.194000000000000172e-01
5.573700000000000543e+00 8.137999999999999678e-01
5.583700000000000330e+00 8.147999999999999687e-01
5.593700000000000117e+00 8.222000000000000419e-01
5.603699999999999903e+00 8.356000000000000094e-01
5.613699999999999690e+00 8.541999999999999593e-01
5.623699999999999477e+00 8.764999999999999458e-01
5.633699999999999264e+00 9.009000000000000341e-01
5.643699999999999051e+00 9.254999999999999893e-01
5.653700000000000614e+00 9.484000000000000208e-01
5.663700000000000401e+00 9.679999999999999716e-01
5.673700000000000188e+00 9.828000000000000069e-01
5.683699999999999974e+00 9.920999999999999819e-01
5.693699999999999761e+00 9.958000000000000185e-01
5.703699999999999548e+00 9.949000000000000066e-01
5.713699999999999335e+00 9.911999999999999700e-01
5.723699999999999122e+00 9.870999999999999774e-01
5.733699999999998909e+00 9.856000000000000316e-01
5.743700000000000472e+00 9.892999999999999572e-01
5.753700000000000259e+00 1.000999999999999890e+00
5.763700000000000045e+00 1.020999999999999908e+00
5.773699999999999832e+00 1.050000000000000044e+00
5.783699999999999619e+00 1.086999999999999966e+00
5.793699999999999406e+00 1.131000000000000005e+00
5.803699999999999193e+00 1.177999999999999936e+00
5.813699999999998980e+00 1.225000000000000089e+00
5.823700000000000543e+00 1.268999999999999906e+00
5.833700000000000330e+00 1.306999999999999940e+00
5.843700000000000117e+00 1.336999999999999966e+00
5.853699999999999903e+00 1.354999999999999982e+00
5.863699999999999690e+00 1.362000000000000099e+00
5.873699999999999477e+00 1.354999999999999982e+00
5.883699999999999264e+00 1.336999999999999966e+00
5.893699999999999051e+00 1.306999999999999940e+00
5.903700000000000614e+00 1.268000000000000016e+00
5.913700000000000401e+00 1.223000000000000087e+00
5.923700000000000188e+00 1.173000000000000043e+00
5.933699999999999974e+00 1.122000000000000108e+00
5.943699999999999761e+00 1.072999999999999954e+00
5.953699999999999548e+00 1.026999999999999913e+00
5.963699999999999335e+00 9.857000000000000206e-01
5.973699999999999122e+00 9.503000000000000336e-01
5.983699999999998909e+00 9.210000000000000409e-01
5.993700000000000472e+00 8.975999999999999535e-01
6.003700000000000259e+00 8.791999999999999815e-01
6.013700000000000045e+00 8.647000000000000242e-01
6.023699999999999832e+00 8.525000000000000355e-01
6.033699999999999619e+00 8.416000000000000147e-01
6.043699999999999406e+00 8.307999999999999829e-01
6.053699999999999193e+00 8.196999999999999842e-01
6.063699999999998980e+00 8.082000000000000295e-01
6.073700000000000543e+00 7.967999999999999527e-01
6.083700000000000330e+00 7.860000000000000320e-01
6.093700000000000117e+00 7.762999999999999901e-01
6.103699999999999903e+00 7.683999999999999719e-01
6.113699999999999690e+00 7.624999999999999556e-01
6.123699999999999477e+00 7.586000000000000520e-01
6.133699999999999264e+00 7.568000000000000282e-01
6.143699999999999051e+00 7.570000000000000062e-01
6.153700000000000614e+00 7.591999999999999860e-01
6.163700000000000401e+00 7.635999999999999455e-01
6.173700000000000188e+00 7.700000000000000178e-01
6.183699999999999974e+00 7.782999999999999918e-01
6.193699999999999761e+00 7.879000000000000448e-01
6.203699999999999548e+00 7.979000000000000536e-01
6.213699999999999335e+00 8.072000000000000286e-01
6.223699999999999122e+00 8.145000000000000018e-01
6.233699999999998909e+00 8.186999999999999833e-01
6.243700000000000472e+00 8.189999999999999503e-01
6.253700000000000259e+00 8.149999999999999467e-01
6.263700000000000045e+00 8.073000000000000176e-01
6.273699999999999832e+00 7.966999999999999638e-01
6.283699999999999619e+00 7.849000000000000421e-01
6.293699999999999406e+00 7.738000000000000433e-01
6.303699999999999193e+00 7.655999999999999472e-01
6.313699999999998980e+00 7.622999999999999776e-01
6.323700000000000543e+00 7.655999999999999472e-01
6.333700000000000330e+00 7.762999999999999901e-01
6.343700000000000117e+00 7.947999999999999510e-01
6.353699999999999903e+00 8.204000000000000181e-01
6.363699999999999690e+00 8.516000000000000236e-01
6.373699999999999477e+00 8.866000000000000547e-01
6.383699999999999264e+00 9.233999999999999986e-01
6.393699999999999051e+00 9.602000000000000535e-01
6.403700000000000614e+00 9.956000000000000405e-01
6.413700000000000401e+00 1.028999999999999915e+00
6.423700000000000188e+00 1.060000000000000053e+00
6.433699999999999974e+00 1.088000000000000078e+00
6.443699999999999761e+00 1.114000000000000101e+00
6.453699999999999548e+00 1.137999999999999901e+00
6.463699999999999335e+00 1.157000000000000028e+00
6.473699999999999122e+00 1.173000000000000043e+00
6.483699999999998909e+00 1.181999999999999940e+00
6.493700000000000472e+00 1.183999999999999941e+00
6.503700000000000259e+00 1.177999999999999936e+00
6.513700000000000045e+00 1.163000000000000034e+00
6.523699999999999832e+00 1.141000000000000014e+00
6.533699999999999619e+00 1.112000000000000099e+00
6.543699999999999406e+00 1.078999999999999959e+00
6.553699999999999193e+00 1.042000000000000037e+00
6.563699999999998980e+00 1.002999999999999892e+00
6.573700000000000543e+00 9.630999999999999561e-01
6.583700000000000330e+00 9.232000000000000206e-01
6.593700000000000117e+00 8.838000000000000300e-01
6.603699999999999903e+00 8.450999999999999623e-01
6.613699999999999690e+00 8.073000000000000176e-01
6.623699999999999477e+00 7.704999999999999627e-01
6.633699999999999264e+00 7.347000000000000197e-01
6.643699999999999051e+00 6.998999999999999666e-01
6.653700000000000614e+00 6.661000000000000254e-01
6.663700000000000401e+00 6.337000000000000410e-01
6.673700000000000188e+00 6.032999999999999474e-01
6.683699999999999974e+00 5.757999999999999785e-01
6.693699999999999761e+00 5.525999999999999801e-01
6.703699999999999548e+00 5.346999999999999531e-01
6.713699999999999335e+00 5.232999999999999874e-01
6.723699999999999122e+00 5.189000000000000279e-01
6.733699999999998909e+00 5.211999999999999966e-01
6.743700000000000472e+00 5.293999999999999817e-01
6.753700000000000259e+00 5.420000000000000373e-01
6.763700000000000045e+00 5.572000000000000286e-01
6.773699999999999832e+00 5.727999999999999758e-01
6.783699999999999619e+00 5.870999999999999552e-01
6.793699999999999406e+00 5.985000000000000320e-01
6.803699999999999193e+00 6.059999999999999831e-01
6.813699999999998980e+00 6.089999999999999858e-01
6.823700000000000543e+00 6.075000000000000400e-01
6.833700000000000330e+00 6.017000000000000126e-01
6.843700000000000117e+00 5.923000000000000487e-01
6.853699999999999903e+00 5.803000000000000380e-01
6.863699999999999690e+00 5.666999999999999815e-01
6.873699999999999477e+00 5.526999999999999691e-01
6.883699999999999264e+00 5.395999999999999686e-01
6.893699999999999051e+00 5.282999999999999918e-01
6.903700000000000614e+00 5.199000000000000288e-01
6.913700000000000401e+00 5.149000000000000243e-01
6.923700000000000188e+00 5.139000000000000234e-01
6.933699999999999974e+00 5.169000000000000261e-01
6.943699999999999761e+00 5.238000000000000433e-01
6.953699999999999548e+00 5.342999999999999972e-01
6.963699999999999335e+00 5.477999999999999536e-01
6.973699999999999122e+00 5.635999999999999899e-01
6.983699999999998909e+00 5.812000000000000499e-01
6.993700000000000472e+00 5.999999999999999778e-01
7.003700000000000259e+00 6.193999999999999506e-01
7.013700000000000045e+00 6.391999999999999904e-01
7.023699999999999832e+00 6.592000000000000082e-01
7.033699999999999619e+00 6.791000000000000369e-01
7.043699999999999406e+00 6.987999999999999767e-01
7.053699999999999193e+00 7.183000000000000496e-01
7.063699999999998980e+00 7.374000000000000554e-01
7.073700000000000543e+00 7.560000000000000053e-01
7.083700000000000330e+00 7.740000000000000213e-01
7.093700000000000117e+00 7.909000000000000474e-01
7.103699999999999903e+00 8.062000000000000277e-01
7.113699999999999690e+00 8.186999999999999833e-01
7.123699999999999477e+00 8.272000000000000464e-01
7.133699999999999264e+00 8.303000000000000380e-01
7.143699999999999051e+00 8.263000000000000345e-01
7.153700000000000614e+00 8.142000000000000348e-01
7.163700000000000401e+00 7.933000000000000052e-01
7.173700000000000188e+00 7.639000000000000234e-01
7.183699999999999974e+00 7.268000000000000016e-01
7.193699999999999761e+00 6.838999999999999524e-01
7.203699999999999548e+00 6.374999999999999556e-01
7.213699999999999335e+00 5.900999999999999579e-01
7.223699999999999122e+00 5.443999999999999950e-01
7.233699999999998909e+00 5.023999999999999577e-01
7.243700000000000472e+00 4.661000000000000143e-01
7.253700000000000259e+00 4.365999999999999881e-01
7.263700000000000045e+00 4.143999999999999906e-01
7.273699999999999832e+00 3.995000000000000218e-01
7.283699999999999619e+00 3.911999999999999922e-01
7.293699999999999406e+00 3.885000000000000120e-01
7.303699999999999193e+00 3.901000000000000023e-01
7.313699999999998980e+00 3.948999999999999733e-01
7.323700000000000543e+00 4.017000000000000015e-01
7.333700000000000330e+00 4.098999999999999866e-01
7.343700000000000117e+00 4.193999999999999950e-01
7.353699999999999903e+00 4.302000000000000268e-01
7.363699999999999690e+00 4.425999999999999934e-01
7.373699999999999477e+00 4.568999999999999728e-01
7.383699999999999264e+00 4.729999999999999760e-01
7.393699999999999051e+00 4.905999999999999805e-01
7.403700000000000614e+00 5.090000000000000080e-01
7.413700000000000401e+00 5.272000000000000020e-01
7.423700000000000188e+00 5.441000000000000281e-01
7.433699999999999974e+00 5.584999999999999964e-01
7.443699999999999761e+00 5.693000000000000282e-01
7.453699999999999548e+00 5.758999999999999675e-01
7.463699999999999335e+00 5.777999999999999803e-01
7.473699999999999122e+00 5.750999999999999446e-01
7.483699999999998909e+00 5.684000000000000163e-01
7.493700000000000472e+00 5.586999999999999744e-01
7.503700000000000259e+00 5.471000000000000307e-01
7.513700000000000045e+00 5.352000000000000091e-01
7.523699999999999832e+00 5.241000000000000103e-01
7.533699999999999619e+00 5.147000000000000464e-01
7.543699999999999406e+00 5.073999999999999622e-01
7.553699999999999193e+00 5.020999999999999908e-01
7.563699999999998980e+00 4.983000000000000207e-01
7.573700000000000543e+00 4.956999999999999740e-01
7.583700000000000330e+00 4.937000000000000277e-01
7.593700000000000117e+00 4.923000000000000154e-01
7.603699999999999903e+00 4.919000000000000039e-01
7.613699999999999690e+00 4.930999999999999828e-01
7.623699999999999477e+00 4.966999999999999749e-01
7.633699999999999264e+00 5.031999999999999806e-01
7.643699999999999051e+00 5.129000000000000226e-01
7.653700000000000614e+00 5.254999999999999671e-01
7.663700000000000401e+00 5.402000000000000135e-01
7.673700000000000188e+00 5.560000000000000497e-01
7.683699999999999974e+00 5.718999999999999639e-01
7.693699999999999761e+00 5.867999999999999883e-01
7.703699999999999548e+00 5.999999999999999778e-01
7.713699999999999335e+00 6.108999999999999986e-01
7.723699999999999122e+00 6.189999999999999947e-01
7.733699999999998909e+00 6.237000000000000322e-01
7.743700000000000472e+00 6.240999999999999881e-01
7.753700000000000259e+00 6.189999999999999947e-01
7.763700000000000045e+00 6.072999999999999510e-01
7.773699999999999832e+00 5.877999999999999892e-01
7.783699999999999619e+00 5.598999999999999533e-01
7.793699999999999406e+00 5.237000000000000544e-01
7.803699999999999193e+00 4.803999999999999937e-01
7.813699999999998980e+00 4.315999999999999837e-01
7.823700000000000543e+00 3.800000000000000044e-01
7.833700000000000330e+00 3.280000000000000138e-01
7.843700000000000117e+00 2.782999999999999918e-01
7.853699999999999903e+00 2.330000000000000127e-01
7.863699999999999690e+00 1.935000000000000053e-01
7.873699999999999477e+00 1.610000000000000042e-01
7.883699999999999264e+00 1.358000000000000040e-01
7.893699999999999051e+00 1.179000000000000048e-01
7.903700000000000614e+00 1.068999999999999950e-01
7.913700000000000401e+00 1.019999999999999934e-01
7.923700000000000188e+00 1.020999999999999963e-01
7.933699999999999974e+00 1.062000000000000027e-01
7.943699999999999761e+00 1.127999999999999975e-01
7.953699999999999548e+00 1.205999999999999989e-01
7.963699999999999335e+00 1.282999999999999974e-01
7.973699999999999122e+00 1.348999999999999921e-01
7.983699999999998909e+00 1.398000000000000076e-01
7.993700000000000472e+00 1.424999999999999878e-01
8.003700000000000259e+00 1.433000000000000107e-01
8.013700000000000045e+00 1.421999999999999931e-01
8.023699999999999832e+00 1.398000000000000076e-01
8.033699999999999619e+00 1.363999999999999935e-01
8.043699999999999406e+00 1.323999999999999899e-01
8.053699999999999193e+00 1.280000000000000027e-01
8.063699999999998980e+00 1.232000000000000040e-01
8.073700000000000543e+00 1.184000000000000052e-01
8.083700000000000330e+00 1.137999999999999984e-01
8.093700000000000117e+00 1.097999999999999948e-01
8.103699999999999903e+00 1.072000000000000036e-01
8.113699999999999690e+00 1.063000000000000056e-01
8.123699999999999477e+00 1.074999999999999983e-01
8.133699999999999264e+00 1.111999999999999933e-01
8.143699999999999051e+00 1.169000000000000039e-01
8.153700000000000614e+00 1.243999999999999967e-01
8.163700000000000401e+00 1.330999999999999961e-01
8.173700000000000188e+00 1.424999999999999878e-01
8.183699999999999974e+00 1.524999999999999967e-01
8.193699999999999761e+00 1.630999999999999950e-01
8.203699999999999548e+00 1.749999999999999889e-01
8.213699999999999335e+00 1.885000000000000009e-01
8.223699999999999122e+00 2.041999999999999926e-01
8.233699999999998909e+00 2.222999999999999976e-01
8.243700000000000472e+00 2.424000000000000044e-01
8.253700000000000259e+00 2.635000000000000120e-01
8.263700000000000045e+00 2.842999999999999972e-01
8.273699999999999832e+00 3.033000000000000140e-01
8.283699999999999619e+00 3.190000000000000058e-01
8.293699999999999406e+00 3.305000000000000160e-01
8.303699999999999193e+00 3.372999999999999887e-01
8.313699999999998980e+00 3.395000000000000240e-01
8.323700000000000543e+00 3.376000000000000112e-01
8.333700000000000330e+00 3.321999999999999953e-01
8.343700000000000117e+00 3.237999999999999767e-01
8.353699999999999903e+00 3.125999999999999890e-01
8.363699999999999690e+00 2.984999999999999876e-01
8.373699999999999477e+00 2.813999999999999835e-01
8.383699999999999264e+00 2.611999999999999877e-01
8.393699999999999051e+00 2.381999999999999951e-01
8.403700000000000614e+00 2.129999999999999949e-01
8.413700000000000401e+00 1.867999999999999938e-01
8.423700000000000188e+00 1.607999999999999985e-01
8.433699999999999974e+00 1.363999999999999935e-01
8.443699999999999761e+00 1.147999999999999993e-01
8.453699999999999548e+00 9.658999999999999531e-02
8.463699999999999335e+00 8.193000000000000282e-02
8.473699999999999122e+00 7.059999999999999609e-02
8.483699999999998909e+00 6.207000000000000017e-02
8.493700000000000472e+00 5.575000000000000094e-02
8.503700000000000259e+00 5.109000000000000347e-02
8.513700000000000045e+00 4.773000000000000159e-02
8.523699999999999832e+00 4.547999999999999959e-02
8.533699999999999619e+00 4.433999999999999747e-02
8.543699999999999406e+00 4.431999999999999829e-02
8.553699999999999193e+00 4.546999999999999653e-02
8.563699999999998980e+00 4.773000000000000159e-02
8.573700000000000543e+00 5.097999999999999754e-02
8.583700000000000330e+00 5.503000000000000252e-02
8.593700000000000117e+00 5.970000000000000306e-02
8.603699999999999903e+00 6.483999999999999486e-02
8.613699999999999690e+00 7.036000000000000587e-02
8.623699999999999477e+00 7.618999999999999384e-02
8.633699999999999264e+00 8.226999999999999591e-02
8.643699999999999051e+00 8.848000000000000309e-02
8.653700000000000614e+00 9.460999999999999965e-02
8.663700000000000401e+00 1.003000000000000003e-01
8.673700000000000188e+00 1.052000000000000018e-01
8.683699999999999974e+00 1.088999999999999968e-01
8.693699999999999761e+00 1.108999999999999986e-01
8.703699999999999548e+00 1.111999999999999933e-01
8.713699999999999335e+00 1.096000000000000030e-01
8.723699999999999122e+00 1.063000000000000056e-01
8.733699999999998909e+00 1.016999999999999987e-01
8.743700000000000472e+00 9.631000000000000671e-02
8.753700000000000259e+00 9.064999999999999447e-02
8.763700000000000045e+00 8.538999999999999369e-02
8.773699999999999832e+00 8.114000000000000379e-02
8.783699999999999619e+00 7.846000000000000196e-02
8.793699999999999406e+00 7.778999999999999804e-02
8.803699999999999193e+00 7.942000000000000448e-02
8.813699999999998980e+00 8.350000000000000477e-02
8.823700000000000543e+00 8.999999999999999667e-02
8.833700000000000330e+00 9.872000000000000219e-02
8.843700000000000117e+00 1.092999999999999944e-01
8.853699999999999903e+00 1.213000000000000050e-01
8.863699999999999690e+00 1.340999999999999970e-01
8.873699999999999477e+00 1.466999999999999971e-01
8.883699999999999264e+00 1.584000000000000130e-01
8.893699999999999051e+00 1.681999999999999884e-01
8.903700000000000614e+00 1.751000000000000056e-01
8.913700000000000401e+00 1.784000000000000030e-01
8.923700000000000188e+00 1.778000000000000136e-01
8.933699999999999974e+00 1.729999999999999871e-01
8.943699999999999761e+00 1.645999999999999963e-01
8.953699999999999548e+00 1.531000000000000139e-01
8.963699999999999335e+00 1.393999999999999961e-01
8.973699999999999122e+00 1.243999999999999967e-01
8.983699999999998909e+00 1.089999999999999997e-01
8.993700000000000472e+00 9.385000000000000286e-02
9.003700000000000259e+00 7.946999999999999897e-02
9.013700000000000045e+00 6.622999999999999721e-02
9.023699999999999832e+00 5.435000000000000248e-02
9.033699999999999619e+00 4.399999999999999745e-02
9.043699999999999406e+00 3.527000000000000274e-02
9.053699999999999193e+00 2.824000000000000121e-02
9.063699999999998980e+00 2.289000000000000062e-02
9.073700000000000543e+00 1.914000000000000076e-02
9.083700000000000330e+00 1.682000000000000162e-02
9.093700000000000117e+00 1.566999999999999990e-02
9.103699999999999903e+00 1.537999999999999957e-02
9.113699999999999690e+00 1.563000000000000153e-02
9.123699999999999477e+00 1.612999999999999851e-02
9.133699999999999264e+00 1.666000000000000120e-02
9.143699999999999051e+00 1.712999999999999939e-02
9.153700000000000614e+00 1.760000000000000106e-02
9.163700000000000401e+00 1.822999999999999968e-02
9.173700000000000188e+00 1.930000000000000118e-02
9.183699999999999974e+00 2.109000000000000111e-02
9.193699999999999761e+00 2.384000000000000008e-02
9.203699999999999548e+00 2.767000000000000015e-02
9.213699999999999335e+00 3.248999999999999805e-02
9.223699999999999122e+00 3.803000000000000130e-02
9.233699999999998909e+00 4.383000000000000090e-02
9.243700000000000472e+00 4.929000000000000048e-02
9.253700000000000259e+00 5.378000000000000141e-02
9.263700000000000045e+00 5.675000000000000183e-02
9.273699999999999832e+00 5.782999999999999946e-02
9.283699999999999619e+00 5.693000000000000144e-02
9.293699999999999406e+00 5.426000000000000267e-02
9.303699999999999193e+00 5.029000000000000137e-02
9.313699999999998980e+00 4.567000000000000226e-02
9.323700000000000543e+00 4.114999999999999908e-02
9.333700000000000330e+00 3.740999999999999881e-02
9.343700000000000117e+00 3.497000000000000108e-02
9.353699999999999903e+00 3.411999999999999755e-02
9.363699999999999690e+00 3.486999999999999822e-02
9.373699999999999477e+00 3.697999999999999898e-02
9.383699999999999264e+00 3.996000000000000246e-02
9.393699999999999051e+00 4.322999999999999760e-02
9.403700000000000614e+00 4.614000000000000046e-02
9.413700000000000401e+00 4.812000000000000305e-02
9.423700000000000188e+00 4.873000000000000248e-02
9.433699999999999974e+00 4.775000000000000078e-02
9.443699999999999761e+00 4.519000000000000100e-02
9.453699999999999548e+00 4.123000000000000276e-02
9.463699999999999335e+00 3.626000000000000056e-02
9.473699999999999122e+00 3.072000000000000078e-02
9.483699999999998909e+00 2.508000000000000160e-02
9.493700000000000472e+00 1.975000000000000019e-02
9.503700000000000259e+00 1.504999999999999914e-02
9.513700000000000045e+00 1.115999999999999978e-02
9.523699999999999832e+00 8.148999999999999994e-03
9.533699999999999619e+00 5.991999999999999930e-03
9.543699999999999406e+00 4.586999999999999932e-03
9.553699999999999193e+00 3.791999999999999798e-03
9.563699999999998980e+00 3.448000000000000110e-03
9.573700000000000543e+00 3.399000000000000112e-03
9.583700000000000330e+00 3.504999999999999869e-03
9.593700000000000117e+00 3.648000000000000201e-03
9.603699999999999903e+00 3.740999999999999968e-03
9.613699999999999690e+00 3.726000000000000145e-03
9.623699999999999477e+00 3.579000000000000150e-03
9.633699999999999264e+00 3.304000000000000079e-03
9.643699999999999051e+00 2.926000000000000215e-03
9.653700000000000614e+00 2.482999999999999964e-03
9.663700000000000401e+00 2.018999999999999961e-03
9.673700000000000188e+00 1.572999999999999962e-03
9.683699999999999974e+00 1.172999999999999998e-03
9.693699999999999761e+00 8.381999999999999911e-04
9.703700000000001324e+00 5.735000000000000080e-04
9.713699999999999335e+00 3.757999999999999730e-04
9.723700000000000898e+00 2.358999999999999877e-04
9.733699999999998909e+00 1.418000000000000044e-04
9.743700000000000472e+00 8.160999999999999960e-05
9.753699999999998482e+00 4.499000000000000124e-05
9.763700000000000045e+00 2.375999999999999952e-05
9.773699999999998056e+00 1.201000000000000021e-05
9.783699999999999619e+00 5.817000000000000379e-06
9.793700000000001182e+00 2.697999999999999833e-06
9.803699999999999193e+00 1.198000000000000007e-06
9.813700000000000756e+00 5.096999999999999650e-07
9.823699999999998766e+00 2.076000000000000061e-07
9.833700000000000330e+00 8.100999999999999550e-08
9.843699999999998340e+00 3.026999999999999907e-08
9.853699999999999903e+00 1.083000000000000003e-08
9.863700000000001467e+00 3.712000000000000003e-09
9.873699999999999477e+00 1.217999999999999930e-09
9.883700000000001040e+00 3.830000000000000216e-10
9.893699999999999051e+00 1.153000000000000051e-10
9.903700000000000614e+00 3.323999999999999973e-11
9.913699999999998624e+00 9.177999999999999868e-12
9.923700000000000188e+00 2.427000000000000059e-12
9.933699999999998198e+00 6.146000000000000267e-13
9.943699999999999761e+00 1.490999999999999907e-13
9.953700000000001324e+00 3.462999999999999986e-14
9.963699999999999335e+00 7.703000000000000726e-15
9.973700000000000898e+00 1.641000000000000041e-15
9.983699999999998909e+00 3.347999999999999873e-16
9.993700000000000472e+00 6.542999999999999774e-17
1.000369999999999848e+01 1.223999999999999958e-17
1.001370000000000005e+01 2.194999999999999876e-18
1.002369999999999806e+01 3.766999999999999870e-19
1.003369999999999962e+01 6.191999999999999485e-20
1.004370000000000118e+01 9.748000000000000053e-21
1.005369999999999919e+01 1.469999999999999937e-21
1.006370000000000076e+01 2.121999999999999825e-22
1.007369999999999877e+01 2.935000000000000029e-23
1.008370000000000033e+01 3.886999999999999831e-24
1.009369999999999834e+01 4.929999999999999817e-25
1.010369999999999990e+01 5.988999999999999803e-26
1.011370000000000147e+01 6.966999999999999846e-27
1.012369999999999948e+01 7.762999999999999666e-28
1.013370000000000104e+01 8.282999999999999934e-29
1.014369999999999905e+01 8.463999999999999696e-30
1.015370000000000061e+01 8.284000000000000592e-31
1.016369999999999862e+01 7.763999999999999551e-32
1.017370000000000019e+01 6.968999999999999701e-33
1.018369999999999820e+01 5.991000000000000422e-34
1.019369999999999976e+01 4.932999999999999764e-35
1.020370000000000132e+01 3.889000000000000265e-36
1.021369999999999933e+01 2.936999999999999963e-37
1.022370000000000090e+01 2.124000000000000042e-38
1.023369999999999891e+01 1.470999999999999993e-39
1.024370000000000047e+01 9.759000000000000004e-41
1.025369999999999848e+01 6.198999999999999673e-42
1.026370000000000005e+01 3.772000000000000025e-43
1.027369999999999806e+01 2.198000000000000109e-44
1.028369999999999962e+01 1.225999999999999952e-45
1.029370000000000118e+01 6.552999999999999517e-47
1.030369999999999919e+01 3.353999999999999960e-48
1.031370000000000076e+01 1.644000000000000048e-49
1.032369999999999877e+01 7.718000000000000077e-51
1.033370000000000033e+01 3.469999999999999997e-52
1.034369999999999834e+01 1.494000000000000015e-53
1.035369999999999990e+01 6.160000000000000300e-55
1.036370000000000147e+01 2.432999999999999845e-56
1.037369999999999948e+01 9.199999999999999529e-58
1.038370000000000104e+01 3.331999999999999987e-59
1.039369999999999905e+01 1.155999999999999984e-60
1.040370000000000061e+01 3.840000000000000083e-62
1.041369999999999862e+01 1.222000000000000133e-63
1.042370000000000019e+01 3.722999999999999812e-65
1.043369999999999820e+01 1.087000000000000027e-66
1.044369999999999976e+01 3.037000000000000006e-68
1.045370000000000132e+01 8.127999999999999543e-70
1.046369999999999933e+01 2.083000000000000049e-71
1.047370000000000090e+01 5.115000000000000152e-73
1.048369999999999891e+01 1.203000000000000019e-74
1.049370000000000047e+01 2.707999999999999903e-76
1.050369999999999848e+01 5.839000000000000096e-78
1.051370000000000005e+01 1.206000000000000019e-79
1.052369999999999806e+01 2.385000000000000212e-81
1.053369999999999962e+01 4.536000000000000142e-83
1.054370000000000118e+01 1.003000000000000018e-84
1.055369999999999919e+01 1.979000000000000012e-85
1.056370000000000076e+01 1.838999999999999918e-85
1.057369999999999877e+01 1.836000000000000049e-85
1.058370000000000033e+01 1.836000000000000049e-85
1.059369999999999834e+01 1.836000000000000049e-85
1.060369999999999990e+01 1.836000000000000049e-85
1.061370000000000147e+01 1.836000000000000049e-85
1.062369999999999948e+01 1.836000000000000049e-85
1.063370000000000104e+01 1.836000000000000049e-85
1.064369999999999905e+01 1.836000000000000049e-85
1.065370000000000061e+01 1.836000000000000049e-85
1.066369999999999862e+01 1.836000000000000049e-85
1.067370000000000019e+01 1.836000000000000049e-85
1.068369999999999820e+01 1.836000000000000049e-85
1.069369999999999976e+01 1.836000000000000049e-85
1.070370000000000132e+01 1.836000000000000049e-85
1.071369999999999933e+01 1.836000000000000049e-85
1.072370000000000090e+01 1.836000000000000049e-85
1.073369999999999891e+01 1.836000000000000049e-85
1.074370000000000047e+01 1.836000000000000049e-85
1.075369999999999848e+01 1.836000000000000049e-85
1.076370000000000005e+01 1.836000000000000049e-85
1.077369999999999806e+01 1.836000000000000049e-85
1.078369999999999962e+01 1.836000000000000049e-85
1.079370000000000118e+01 1.836000000000000049e-85
1.080369999999999919e+01 1.836000000000000049e-85
1.081370000000000076e+01 1.836000000000000049e-85
1.082369999999999877e+01 1.836000000000000049e-85
1.083370000000000033e+01 1.836000000000000049e-85
1.084369999999999834e+01 1.836000000000000049e-85
1.085369999999999990e+01 1.836000000000000049e-85
1.086370000000000147e+01 1.836000000000000049e-85
1.087369999999999948e+01 1.836000000000000049e-85
1.088370000000000104e+01 1.836000000000000049e-85
1.089369999999999905e+01 1.836000000000000049e-85
1.090370000000000061e+01 1.836000000000000049e-85
1.091369999999999862e+01 1.836000000000000049e-85
1.092370000000000019e+01 1.836000000000000049e-85
1.093369999999999820e+01 1.836000000000000049e-85
1.094369999999999976e+01 1.836000000000000049e-85
1.095370000000000132e+01 1.836000000000000049e-85
1.096369999999999933e+01 1.836000000000000049e-85
1.097370000000000090e+01 1.836000000000000049e-85
1.098369999999999891e+01 1.836000000000000049e-85
1.099370000000000047e+01 1.836000000000000049e-85
1.100369999999999848e+01 1.836000000000000049e-85
1.101370000000000005e+01 1.836000000000000049e-85
1.102369999999999806e+01 1.836000000000000049e-85
1.103369999999999962e+01 1.836000000000000049e-85
1.104370000000000118e+01 1.836000000000000049e-85
1.105369999999999919e+01 1.836000000000000049e-85
1.106370000000000076e+01 1.836000000000000049e-85
1.107369999999999877e+01 1.836000000000000049e-85
1.108370000000000033e+01 1.836000000000000049e-85
1.109369999999999834e+01 1.836000000000000049e-85
1.110369999999999990e+01 1.836000000000000049e-85
1.111370000000000147e+01 1.836000000000000049e-85
1.112369999999999948e+01 1.836000000000000049e-85
1.113370000000000104e+01 1.836000000000000049e-85
1.114369999999999905e+01 1.836000000000000049e-85
1.115370000000000061e+01 1.836000000000000049e-85
1.116369999999999862e+01 1.836000000000000049e-85
1.117370000000000019e+01 1.836000000000000049e-85
1.118369999999999820e+01 1.836000000000000049e-85
1.119369999999999976e+01 1.836000000000000049e-85
1.120370000000000132e+01 1.836000000000000049e-85
1.121369999999999933e+01 1.836000000000000049e-85
1.122370000000000090e+01 1.836000000000000049e-85
1.123369999999999891e+01 1.836000000000000049e-85
1.124370000000000047e+01 1.836000000000000049e-85
1.125369999999999848e+01 1.836000000000000049e-85
1.126370000000000005e+01 1.836000000000000049e-85
1.127369999999999806e+01 1.836000000000000049e-85
1.128369999999999962e+01 1.836000000000000049e-85
1.129370000000000118e+01 1.836000000000000049e-85
1.130369999999999919e+01 1.836000000000000049e-85
1.131370000000000076e+01 1.836000000000000049e-85
1.132369999999999877e+01 1.836000000000000049e-85
1.133370000000000033e+01 1.836000000000000049e-85
1.134369999999999834e+01 1.836000000000000049e-85
1.135369999999999990e+01 1.836000000000000049e-85
1.136370000000000147e+01 1.836000000000000049e-85
1.137369999999999948e+01 1.836000000000000049e-85
1.138370000000000104e+01 1.836000000000000049e-85
1.139369999999999905e+01 1.836000000000000049e-85
1.140370000000000061e+01 1.836000000000000049e-85
1.141369999999999862e+01 1.836000000000000049e-85
1.142370000000000019e+01 1.836000000000000049e-85
1.143369999999999820e+01 1.836000000000000049e-85
1.144369999999999976e+01 1.836000000000000049e-85
1.145370000000000132e+01 1.836000000000000049e-85
1.146369999999999933e+01 1.836000000000000049e-85
1.147370000000000090e+01 1.836000000000000049e-85
1.148369999999999891e+01 1.836000000000000049e-85
1.149370000000000047e+01 1.836000000000000049e-85
1.150369999999999848e+01 1.836000000000000049e-85
1.151370000000000005e+01 1.836000000000000049e-85
1.152369999999999806e+01 1.836000000000000049e-85
1.153369999999999962e+01 1.836000000000000049e-85
1.154370000000000118e+01 1.836000000000000049e-85
1.155369999999999919e+01 1.836000000000000049e-85
1.156370000000000076e+01 1.836000000000000049e-85
1.157369999999999877e+01 1.836000000000000049e-85
1.158370000000000033e+01 1.836000000000000049e-85
1.159369999999999834e+01 1.836000000000000049e-85
1.160369999999999990e+01 1.836000000000000049e-85
1.161370000000000147e+01 1.836000000000000049e-85
1.162369999999999948e+01 1.836000000000000049e-85
1.163370000000000104e+01 1.836000000000000049e-85
1.164369999999999905e+01 1.836000000000000049e-85
1.165370000000000061e+01 1.836000000000000049e-85
1.166369999999999862e+01 1.836000000000000049e-85
1.167370000000000019e+01 1.836000000000000049e-85
1.168369999999999820e+01 1.836000000000000049e-85
1.169369999999999976e+01 1.836000000000000049e-85
1.170370000000000132e+01 1.836000000000000049e-85
1.171369999999999933e+01 1.836000000000000049e-85
1.172370000000000090e+01 1.836000000000000049e-85
1.173369999999999891e+01 1.836000000000000049e-85
1.174370000000000047e+01 1.836000000000000049e-85
1.175369999999999848e+01 1.836000000000000049e-85
1.176370000000000005e+01 1.836000000000000049e-85
1.177369999999999806e+01 1.836000000000000049e-85
1.178369999999999962e+01 1.836000000000000049e-85
1.179370000000000118e+01 1.836000000000000049e-85
1.180369999999999919e+01 1.836000000000000049e-85
1.181370000000000076e+01 1.836000000000000049e-85
1.182369999999999877e+01 1.836000000000000049e-85
1.183370000000000033e+01 1.836000000000000049e-85
1.184369999999999834e+01 1.836000000000000049e-85
1.185369999999999990e+01 1.836000000000000049e-85
1.186370000000000147e+01 1.836000000000000049e-85
1.187369999999999948e+01 1.836000000000000049e-85
1.188370000000000104e+01 1.836000000000000049e-85
1.189369999999999905e+01 1.836000000000000049e-85
1.190370000000000061e+01 1.836000000000000049e-85
1.191369999999999862e+01 1.836000000000000049e-85
1.192370000000000019e+01 1.836000000000000049e-85
1.193369999999999820e+01 1.836000000000000049e-85
1.194369999999999976e+01 1.836000000000000049e-85
1.195370000000000132e+01 1.836000000000000049e-85
1.196369999999999933e+01 1.836000000000000049e-85
1.197370000000000090e+01 1.836000000000000049e-85
1.198369999999999891e+01 1.836000000000000049e-85
1.199370000000000047e+01 1.836000000000000049e-85
1.200369999999999848e+01 1.836000000000000049e-85
1.201370000000000005e+01 1.836000000000000049e-85
1.202369999999999806e+01 1.836000000000000049e-85
1.203369999999999962e+01 1.836000000000000049e-85
1.204370000000000118e+01 1.836000000000000049e-85
1.205369999999999919e+01 1.836000000000000049e-85
1.206370000000000076e+01 1.836000000000000049e-85
1.207369999999999877e+01 1.836000000000000049e-85
1.208370000000000033e+01 1.836000000000000049e-85
1.209369999999999834e+01 1.836000000000000049e-85
1.210369999999999990e+01 1.836000000000000049e-85
1.211370000000000147e+01 1.836000000000000049e-85
1.212369999999999948e+01 1.836000000000000049e-85
1.213370000000000104e+01 1.836000000000000049e-85
1.214369999999999905e+01 1.836000000000000049e-85
1.215370000000000061e+01 1.836000000000000049e-85
1.216369999999999862e+01 1.836000000000000049e-85
1.217370000000000019e+01 1.836000000000000049e-85
1.218369999999999820e+01 1.836000000000000049e-85
1.219369999999999976e+01 1.836000000000000049e-85
1.220370000000000132e+01 1.836000000000000049e-85
1.221369999999999933e+01 1.836000000000000049e-85
1.222370000000000090e+01 1.836000000000000049e-85
1.223369999999999891e+01 1.836000000000000049e-85
1.224370000000000047e+01 1.836000000000000049e-85
1.225369999999999848e+01 1.836000000000000049e-85
1.226370000000000005e+01 1.836000000000000049e-85
1.227369999999999806e+01 1.836000000000000049e-85
1.228369999999999962e+01 1.836000000000000049e-85
1.229370000000000118e+01 1.836000000000000049e-85
1.230369999999999919e+01 1.836000000000000049e-85
1.231370000000000076e+01 1.836000000000000049e-85
1.232369999999999877e+01 1.836000000000000049e-85
1.233370000000000033e+01 1.836000000000000049e-85
1.234369999999999834e+01 1.836000000000000049e-85
1.235369999999999990e+01 1.836000000000000049e-85
1.236370000000000147e+01 1.836000000000000049e-85
1.237369999999999948e+01 1.836000000000000049e-85
1.238370000000000104e+01 1.836000000000000049e-85
1.239369999999999905e+01 1.836000000000000049e-85
1.240370000000000061e+01 1.836000000000000049e-85
1.241369999999999862e+01 1.836000000000000049e-85
1.242370000000000019e+01 1.836000000000000049e-85
1.243369999999999820e+01 1.836000000000000049e-85
1.244369999999999976e+01 1.836000000000000049e-85
1.245370000000000132e+01 1.836000000000000049e-85
1.246369999999999933e+01 1.836000000000000049e-85
1.247370000000000090e+01 1.836000000000000049e-85
1.248369999999999891e+01 1.836000000000000049e-85
1.249370000000000047e+01 1.836000000000000049e-85
1.250369999999999848e+01 1.836000000000000049e-85
1.251370000000000005e+01 1.836000000000000049e-85
1.252369999999999806e+01 1.836000000000000049e-85
1.253369999999999962e+01 1.836000000000000049e-85
1.254370000000000118e+01 1.836000000000000049e-85
1.255369999999999919e+01 1.836000000000000049e-85
1.256370000000000076e+01 1.836000000000000049e-85
1.257369999999999877e+01 1.836000000000000049e-85
1.258370000000000033e+01 1.836000000000000049e-85
1.259369999999999834e+01 1.836000000000000049e-85
1.260369999999999990e+01 1.836000000000000049e-85
1.261370000000000147e+01 1.836000000000000049e-85
1.262369999999999948e+01 1.836000000000000049e-85
1.263370000000000104e+01 1.836000000000000049e-85
1.264369999999999905e+01 1.836000000000000049e-85
1.265370000000000061e+01 1.836000000000000049e-85
1.266369999999999862e+01 1.836000000000000049e-85
1.267370000000000019e+01 1.836000000000000049e-85
1.268369999999999820e+01 1.836000000000000049e-85
1.269369999999999976e+01 1.836000000000000049e-85
1.270370000000000132e+01 1.836000000000000049e-85
1.271369999999999933e+01 1.836000000000000049e-85
1.272370000000000090e+01 1.836000000000000049e-85
1.273369999999999891e+01 1.836000000000000049e-85
1.274370000000000047e+01 1.836000000000000049e-85
1.275369999999999848e+01 1.836000000000000049e-85
1.276370000000000005e+01 1.836000000000000049e-85
1.277369999999999806e+01 1.836000000000000049e-85
1.278369999999999962e+01 1.836000000000000049e-85
1.279370000000000118e+01 1.836000000000000049e-85
1.280369999999999919e+01 1.836000000000000049e-85
1.281370000000000076e+01 1.836000000000000049e-85
1.282369999999999877e+01 1.836000000000000049e-85
1.283370000000000033e+01 1.836000000000000049e-85
1.284369999999999834e+01 1.836000000000000049e-85
1.285369999999999990e+01 1.836000000000000049e-85
1.286370000000000147e+01 1.836000000000000049e-85
1.287369999999999948e+01 1.836000000000000049e-85
1.288370000000000104e+01 1.836000000000000049e-85
1.289369999999999905e+01 1.836000000000000049e-85
1.290370000000000061e+01 1.836000000000000049e-85
1.291369999999999862e+01 1.836000000000000049e-85
1.292370000000000019e+01 1.836000000000000049e-85
1.293369999999999820e+01 1.836000000000000049e-85
1.294369999999999976e+01 1.836000000000000049e-85
1.295370000000000132e+01 1.836000000000000049e-85
1.296369999999999933e+01 1.836000000000000049e-85
1.297370000000000090e+01 1.836000000000000049e-85
1.298369999999999891e+01 1.836000000000000049e-85
1.299370000000000047e+01 1.836000000000000049e-85
1.300369999999999848e+01 1.836000000000000049e-85
1.301370000000000005e+01 1.836000000000000049e-85
1.302369999999999806e+01 1.836000000000000049e-85
1.303369999999999962e+01 1.836000000000000049e-85
1.304370000000000118e+01 1.836000000000000049e-85
1.305369999999999919e+01 1.836000000000000049e-85
1.306370000000000076e+01 1.836000000000000049e-85
1.307369999999999877e+01 1.836000000000000049e-85
1.308370000000000033e+01 1.836000000000000049e-85
1.309369999999999834e+01 1.836000000000000049e-85
1.310369999999999990e+01 1.836000000000000049e-85
1.311370000000000147e+01 1.836000000000000049e-85
1.312369999999999948e+01 1.836000000000000049e-85
1.313370000000000104e+01 1.836000000000000049e-85
1.314369999999999905e+01 1.836000000000000049e-85
1.315370000000000061e+01 1.836000000000000049e-85
1.316369999999999862e+01 1.836000000000000049e-85
1.317370000000000019e+01 1.836000000000000049e-85
1.318369999999999820e+01 1.836000000000000049e-85
1.319369999999999976e+01 1.836000000000000049e-85
1.320370000000000132e+01 1.836000000000000049e-85
1.321369999999999933e+01 1.836000000000000049e-85
1.322370000000000090e+01 1.836000000000000049e-85
1.323369999999999891e+01 1.836000000000000049e-85
1.324370000000000047e+01 1.836000000000000049e-85
1.325369999999999848e+01 1.836000000000000049e-85
1.326370000000000005e+01 1.836000000000000049e-85
1.327369999999999806e+01 1.836000000000000049e-85
1.328369999999999962e+01 1.836000000000000049e-85
1.329370000000000118e+01 1.836000000000000049e-85
1.330369999999999919e+01 1.836000000000000049e-85
1.331370000000000076e+01 1.836000000000000049e-85
1.332369999999999877e+01 1.836000000000000049e-85
1.333370000000000033e+01 1.836000000000000049e-85
1.334369999999999834e+01 1.836000000000000049e-85
1.335369999999999990e+01 1.836000000000000049e-85
1.336370000000000147e+01 1.836000000000000049e-85
1.337369999999999948e+01 1.836000000000000049e-85
1.338370000000000104e+01 1.836000000000000049e-85
1.339369999999999905e+01 1.836000000000000049e-85
1.340370000000000061e+01 1.836000000000000049e-85
1.341369999999999862e+01 1.836000000000000049e-85
1.342370000000000019e+01 1.836000000000000049e-85
1.343369999999999820e+01 1.836000000000000049e-85
1.344369999999999976e+01 1.836000000000000049e-85
1.345370000000000132e+01 1.836000000000000049e-85
1.346369999999999933e+01 1.836000000000000049e-85
1.347370000000000090e+01 1.836000000000000049e-85
1.348369999999999891e+01 1.836000000000000049e-85
1.349370000000000047e+01 1.836000000000000049e-85
1.350369999999999848e+01 1.836000000000000049e-85
1.351370000000000005e+01 1.836000000000000049e-85
1.352369999999999806e+01 1.836000000000000049e-85
1.353369999999999962e+01 1.836000000000000049e-85
1.354370000000000118e+01 1.836000000000000049e-85
1.355369999999999919e+01 1.836000000000000049e-85
1.356370000000000076e+01 1.836000000000000049e-85
1.357369999999999877e+01 1.836000000000000049e-85
1.358370000000000033e+01 1.836000000000000049e-85
1.359369999999999834e+01 1.836000000000000049e-85
1.360369999999999990e+01 1.836000000000000049e-85
1.361370000000000147e+01 1.836000000000000049e-85
1.362369999999999948e+01 1.836000000000000049e-85
1.363370000000000104e+01 1.836000000000000049e-85
1.364369999999999905e+01 1.836000000000000049e-85
1.365370000000000061e+01 1.836000000000000049e-85
1.366369999999999862e+01 1.836000000000000049e-85
1.367370000000000019e+01 1.836000000000000049e-85
1.368369999999999820e+01 1.836000000000000049e-85
1.369369999999999976e+01 1.836000000000000049e-85
