
     Program PROJWFC v.7.5 starts on  3Sep2026 at 10:46:30 

     This program is part of the open-source Quantum ESPRESSO suite
     for quantum simulation of materials; please cite
         "P. Giannozzi et al., J. Phys.:Condens. Matter 21 395502 (2009);
         "P. Giannozzi et al., J. Phys.:Condens. Matter 29 465901 (2017);
         "P. Giannozzi et al., J. Chem. Phys. 152 154105 (2020);
          URL http://www.quantum-espresso.org", 
     in publications or presentations arising from this work. More details at
     http://www.quantum-espresso.org/quote

     Parallel version (MPI & OpenMP), running on       8 processor cores
     Number of MPI processes:                 4
     Threads/MPI process:                     2

     MPI processes distributed on     1 nodes
     R & G space division:  proc/nbgrp/npool/nimage =       4
     6904 MiB available memory on the printing compute node when the environment starts


     Reading xml data from directory:

     ./tmp/Si_Electronic.save/

     IMPORTANT: XC functional enforced from input :
     Exchange-correlation= PBE
                           (   1   4   3   4   0   0   0)
     Any further DFT definition will be discarded
     Please, verify this is what you really want


     Parallelization info
     --------------------
     sticks:   dense  smooth     PW     G-vecs:    dense   smooth      PW
     Min         238     238     73                 4892     4892     821
     Max         239     239     74                 4896     4896     823
     Sum         955     955    295                19579    19579    3287

     Using Slab Decomposition


     Gaussian broadening (read from input): ngauss,degauss=   0    0.005000


     Calling projwave .... 
     Subspace diagonalization in iterative solution of the eigenvalue problem:
     one sub-group per band group will be used
     ELPA distributed-memory algorithm (size of sub-group:  2*  2 procs)

     linear algebra parallelized on   4 procs

  Problem Sizes 
  natomwfc =            8
  nx       =            4
  nbnd     =            8
  nkstot   =          120
  npwx     =          622
  nkb      =           36


     Atomic states used for projection
     (read from pseudopotential files):

     state #   1: atom   1 (Si ), wfc  1 (l=0 m= 1)
     state #   2: atom   1 (Si ), wfc  2 (l=1 m= 1)
     state #   3: atom   1 (Si ), wfc  2 (l=1 m= 2)
     state #   4: atom   1 (Si ), wfc  2 (l=1 m= 3)
     state #   5: atom   2 (Si ), wfc  1 (l=0 m= 1)
     state #   6: atom   2 (Si ), wfc  2 (l=1 m= 1)
     state #   7: atom   2 (Si ), wfc  2 (l=1 m= 2)
     state #   8: atom   2 (Si ), wfc  2 (l=1 m= 3)

 k =   0.0000000000  0.0000000000  0.0000000000
==== e(   1) =    -5.83225 eV ==== 
     psi = 0.498*[#   1]+0.498*[#   5]
    |psi|^2 = 0.996
==== e(   2) =     5.98940 eV ==== 
     psi = 0.160*[#   2]+0.160*[#   3]+0.160*[#   4]+0.160*[#   6]+0.160*[#   7]
          +0.160*[#   8]
    |psi|^2 = 0.962
==== e(   3) =     5.98940 eV ==== 
     psi = 0.160*[#   2]+0.160*[#   3]+0.160*[#   4]+0.160*[#   6]+0.160*[#   7]
          +0.160*[#   8]
    |psi|^2 = 0.962
==== e(   4) =     5.98940 eV ==== 
     psi = 0.160*[#   2]+0.160*[#   3]+0.160*[#   4]+0.160*[#   6]+0.160*[#   7]
          +0.160*[#   8]
    |psi|^2 = 0.962
==== e(   5) =     8.54393 eV ==== 
     psi = 0.161*[#   2]+0.161*[#   3]+0.161*[#   4]+0.161*[#   6]+0.161*[#   7]
          +0.161*[#   8]
    |psi|^2 = 0.965
==== e(   6) =     8.54393 eV ==== 
     psi = 0.161*[#   2]+0.161*[#   3]+0.161*[#   4]+0.161*[#   6]+0.161*[#   7]
          +0.161*[#   8]
    |psi|^2 = 0.965
==== e(   7) =     8.54393 eV ==== 
     psi = 0.161*[#   2]+0.161*[#   3]+0.161*[#   4]+0.161*[#   6]+0.161*[#   7]
          +0.161*[#   8]
    |psi|^2 = 0.965
==== e(   8) =     9.11566 eV ==== 
     psi = 0.495*[#   1]+0.495*[#   5]
    |psi|^2 = 0.989

 k =   0.0471404521  0.0471404521 -0.0471404521
==== e(   1) =    -5.77499 eV ==== 
     psi = 0.483*[#   1]+0.483*[#   5]+0.005*[#   2]+0.005*[#   3]+0.005*[#   4]
          +0.005*[#   6]+0.005*[#   7]+0.005*[#   8]
    |psi|^2 = 0.996
==== e(   2) =     5.39503 eV ==== 
     psi = 0.146*[#   2]+0.146*[#   3]+0.146*[#   4]+0.146*[#   6]+0.146*[#   7]
          +0.146*[#   8]+0.047*[#   1]+0.047*[#   5]
    |psi|^2 = 0.970
==== e(   3) =     5.89604 eV ==== 
     psi = 0.161*[#   2]+0.161*[#   3]+0.161*[#   4]+0.161*[#   6]+0.161*[#   7]
          +0.161*[#   8]
    |psi|^2 = 0.965
==== e(   4) =     5.89604 eV ==== 
     psi = 0.161*[#   2]+0.161*[#   3]+0.161*[#   4]+0.161*[#   6]+0.161*[#   7]
          +0.161*[#   8]
    |psi|^2 = 0.965
==== e(   5) =     8.57917 eV ==== 
     psi = 0.133*[#   2]+0.133*[#   3]+0.133*[#   4]+0.133*[#   6]+0.133*[#   7]
          +0.133*[#   8]+0.083*[#   1]+0.083*[#   5]
    |psi|^2 = 0.963
==== e(   6) =     8.68104 eV ==== 
     psi = 0.160*[#   2]+0.160*[#   3]+0.160*[#   4]+0.160*[#   6]+0.160*[#   7]
          +0.160*[#   8]
    |psi|^2 = 0.961
==== e(   7) =     8.68105 eV ==== 
     psi = 0.160*[#   2]+0.160*[#   3]+0.160*[#   4]+0.160*[#   6]+0.160*[#   7]
          +0.160*[#   8]
    |psi|^2 = 0.961
==== e(   8) =     9.57813 eV ==== 
     psi = 0.379*[#   1]+0.379*[#   5]+0.037*[#   2]+0.037*[#   3]+0.037*[#   4]
          +0.037*[#   6]+0.037*[#   7]+0.037*[#   8]
    |psi|^2 = 0.981

 k =   0.0942809042  0.0942809042 -0.0942809042
==== e(   1) =    -5.60434 eV ==== 
     psi = 0.447*[#   1]+0.447*[#   5]+0.017*[#   2]+0.017*[#   3]+0.017*[#   4]
          +0.017*[#   6]+0.017*[#   7]+0.017*[#   8]
    |psi|^2 = 0.996
==== e(   2) =     4.24270 eV ==== 
     psi = 0.131*[#   2]+0.131*[#   3]+0.131*[#   4]+0.131*[#   6]+0.131*[#   7]
          +0.131*[#   8]+0.098*[#   1]+0.098*[#   5]
    |psi|^2 = 0.979
==== e(   3) =     5.67502 eV ==== 
     psi = 0.162*[#   2]+0.162*[#   3]+0.162*[#   4]+0.162*[#   6]+0.162*[#   7]
          +0.162*[#   8]
    |psi|^2 = 0.971
==== e(   4) =     5.67502 eV ==== 
     psi = 0.162*[#   2]+0.162*[#   3]+0.162*[#   4]+0.162*[#   6]+0.162*[#   7]
          +0.162*[#   8]
    |psi|^2 = 0.971
==== e(   5) =     8.40032 eV ==== 
     psi = 0.179*[#   1]+0.179*[#   5]+0.100*[#   2]+0.100*[#   3]+0.100*[#   4]
          +0.100*[#   6]+0.100*[#   7]+0.100*[#   8]
    |psi|^2 = 0.960
==== e(   6) =     9.00489 eV ==== 
     psi = 0.158*[#   2]+0.158*[#   3]+0.158*[#   4]+0.158*[#   6]+0.158*[#   7]
          +0.158*[#   8]
    |psi|^2 = 0.951
==== e(   7) =     9.00489 eV ==== 
     psi = 0.158*[#   2]+0.158*[#   3]+0.158*[#   4]+0.158*[#   6]+0.158*[#   7]
          +0.158*[#   8]
    |psi|^2 = 0.951
==== e(   8) =    10.66536 eV ==== 
     psi = 0.265*[#   1]+0.265*[#   5]+0.072*[#   2]+0.072*[#   3]+0.072*[#   4]
          +0.072*[#   6]+0.072*[#   7]+0.072*[#   8]
    |psi|^2 = 0.962

 k =   0.1414213562  0.1414213562 -0.1414213562
==== e(   1) =    -5.32424 eV ==== 
     psi = 0.409*[#   1]+0.409*[#   5]+0.030*[#   2]+0.030*[#   3]+0.030*[#   4]
          +0.030*[#   6]+0.030*[#   7]+0.030*[#   8]
    |psi|^2 = 0.996
==== e(   2) =     3.00341 eV ==== 
     psi = 0.130*[#   1]+0.130*[#   5]+0.121*[#   2]+0.121*[#   3]+0.121*[#   4]
          +0.121*[#   6]+0.121*[#   7]+0.121*[#   8]
    |psi|^2 = 0.984
==== e(   3) =     5.42025 eV ==== 
     psi = 0.163*[#   2]+0.163*[#   3]+0.163*[#   4]+0.163*[#   6]+0.163*[#   7]
          +0.163*[#   8]
    |psi|^2 = 0.977
==== e(   4) =     5.42025 eV ==== 
     psi = 0.163*[#   2]+0.163*[#   3]+0.163*[#   4]+0.163*[#   6]+0.163*[#   7]
          +0.163*[#   8]
    |psi|^2 = 0.977
==== e(   5) =     8.13966 eV ==== 
     psi = 0.234*[#   1]+0.234*[#   5]+0.081*[#   2]+0.081*[#   3]+0.081*[#   4]
          +0.081*[#   6]+0.081*[#   7]+0.081*[#   8]
    |psi|^2 = 0.953
==== e(   6) =     9.33300 eV ==== 
     psi = 0.154*[#   2]+0.154*[#   3]+0.154*[#   4]+0.154*[#   6]+0.154*[#   7]
          +0.154*[#   8]
    |psi|^2 = 0.926
==== e(   7) =     9.33301 eV ==== 
     psi = 0.154*[#   2]+0.154*[#   3]+0.154*[#   4]+0.154*[#   6]+0.154*[#   7]
          +0.154*[#   8]
    |psi|^2 = 0.926
==== e(   8) =    11.86471 eV ==== 
     psi = 0.209*[#   1]+0.209*[#   5]+0.086*[#   2]+0.086*[#   3]+0.086*[#   4]
          +0.086*[#   6]+0.086*[#   7]+0.086*[#   8]
    |psi|^2 = 0.933

 k =   0.1885618083  0.1885618083 -0.1885618083
==== e(   1) =    -4.94350 eV ==== 
     psi = 0.380*[#   1]+0.380*[#   5]+0.039*[#   2]+0.039*[#   3]+0.039*[#   4]
          +0.039*[#   6]+0.039*[#   7]+0.039*[#   8]
    |psi|^2 = 0.996
==== e(   2) =     1.80688 eV ==== 
     psi = 0.148*[#   1]+0.148*[#   5]+0.115*[#   2]+0.115*[#   3]+0.115*[#   4]
          +0.115*[#   6]+0.115*[#   7]+0.115*[#   8]
    |psi|^2 = 0.987
==== e(   3) =     5.18821 eV ==== 
     psi = 0.164*[#   2]+0.164*[#   3]+0.164*[#   4]+0.164*[#   6]+0.164*[#   7]
          +0.164*[#   8]
    |psi|^2 = 0.981
==== e(   4) =     5.18821 eV ==== 
     psi = 0.164*[#   2]+0.164*[#   3]+0.164*[#   4]+0.164*[#   6]+0.164*[#   7]
          +0.164*[#   8]
    |psi|^2 = 0.981
==== e(   5) =     7.88687 eV ==== 
     psi = 0.274*[#   1]+0.274*[#   5]+0.066*[#   2]+0.066*[#   3]+0.066*[#   4]
          +0.066*[#   6]+0.066*[#   7]+0.066*[#   8]
    |psi|^2 = 0.945
==== e(   6) =     9.50236 eV ==== 
     psi = 0.145*[#   2]+0.145*[#   3]+0.145*[#   4]+0.145*[#   6]+0.145*[#   7]
          +0.145*[#   8]
    |psi|^2 = 0.873
==== e(   7) =     9.50236 eV ==== 
     psi = 0.145*[#   2]+0.145*[#   3]+0.145*[#   4]+0.145*[#   6]+0.145*[#   7]
          +0.145*[#   8]
    |psi|^2 = 0.873
==== e(   8) =    13.01105 eV ==== 
     psi = 0.163*[#   1]+0.163*[#   5]+0.091*[#   2]+0.091*[#   3]+0.091*[#   4]
          +0.091*[#   6]+0.091*[#   7]+0.091*[#   8]
    |psi|^2 = 0.869

 k =   0.2357022604  0.2357022604 -0.2357022604
==== e(   1) =    -4.48204 eV ==== 
     psi = 0.365*[#   1]+0.365*[#   5]+0.044*[#   2]+0.044*[#   3]+0.044*[#   4]
          +0.044*[#   6]+0.044*[#   7]+0.044*[#   8]
    |psi|^2 = 0.996
==== e(   2) =     0.71422 eV ==== 
     psi = 0.154*[#   1]+0.154*[#   5]+0.113*[#   2]+0.113*[#   3]+0.113*[#   4]
          +0.113*[#   6]+0.113*[#   7]+0.113*[#   8]
    |psi|^2 = 0.988
==== e(   3) =     5.00439 eV ==== 
     psi = 0.164*[#   2]+0.164*[#   3]+0.164*[#   4]+0.164*[#   6]+0.164*[#   7]
          +0.164*[#   8]
    |psi|^2 = 0.985
==== e(   4) =     5.00439 eV ==== 
     psi = 0.164*[#   2]+0.164*[#   3]+0.164*[#   4]+0.164*[#   6]+0.164*[#   7]
          +0.164*[#   8]
    |psi|^2 = 0.985
==== e(   5) =     7.68018 eV ==== 
     psi = 0.305*[#   1]+0.305*[#   5]+0.054*[#   2]+0.054*[#   3]+0.054*[#   4]
          +0.054*[#   6]+0.054*[#   7]+0.054*[#   8]
    |psi|^2 = 0.936
==== e(   6) =     9.49335 eV ==== 
     psi = 0.136*[#   2]+0.136*[#   3]+0.136*[#   4]+0.136*[#   6]+0.136*[#   7]
          +0.136*[#   8]
    |psi|^2 = 0.816
==== e(   7) =     9.49335 eV ==== 
     psi = 0.136*[#   2]+0.136*[#   3]+0.136*[#   4]+0.136*[#   6]+0.136*[#   7]
          +0.136*[#   8]
    |psi|^2 = 0.816
==== e(   8) =    13.77501 eV ==== 
     psi = 0.079*[#   1]+0.079*[#   5]+0.065*[#   2]+0.065*[#   3]+0.065*[#   4]
          +0.065*[#   6]+0.065*[#   7]+0.065*[#   8]
    |psi|^2 = 0.550

 k =   0.2828427125  0.2828427125 -0.2828427125
==== e(   1) =    -3.99085 eV ==== 
     psi = 0.367*[#   1]+0.367*[#   5]+0.044*[#   2]+0.044*[#   3]+0.044*[#   4]
          +0.044*[#   6]+0.044*[#   7]+0.044*[#   8]
    |psi|^2 = 0.996
==== e(   2) =    -0.20510 eV ==== 
     psi = 0.147*[#   1]+0.147*[#   5]+0.116*[#   2]+0.116*[#   3]+0.116*[#   4]
          +0.116*[#   6]+0.116*[#   7]+0.116*[#   8]
    |psi|^2 = 0.988
==== e(   3) =     4.87910 eV ==== 
     psi = 0.164*[#   2]+0.164*[#   3]+0.164*[#   4]+0.164*[#   6]+0.164*[#   7]
          +0.164*[#   8]
    |psi|^2 = 0.987
==== e(   4) =     4.87910 eV ==== 
     psi = 0.164*[#   2]+0.164*[#   3]+0.164*[#   4]+0.164*[#   6]+0.164*[#   7]
          +0.164*[#   8]
    |psi|^2 = 0.987
==== e(   5) =     7.53666 eV ==== 
     psi = 0.325*[#   1]+0.325*[#   5]+0.046*[#   2]+0.046*[#   3]+0.046*[#   4]
          +0.046*[#   6]+0.046*[#   7]+0.046*[#   8]
    |psi|^2 = 0.929
==== e(   6) =     9.41099 eV ==== 
     psi = 0.130*[#   2]+0.130*[#   3]+0.130*[#   4]+0.130*[#   6]+0.130*[#   7]
          +0.130*[#   8]
    |psi|^2 = 0.783
==== e(   7) =     9.41099 eV ==== 
     psi = 0.131*[#   2]+0.131*[#   3]+0.131*[#   4]+0.131*[#   6]+0.131*[#   7]
          +0.131*[#   8]
    |psi|^2 = 0.783
==== e(   8) =    13.79974 eV ==== 
     psi = 0.031*[#   2]+0.031*[#   3]+0.031*[#   4]+0.031*[#   6]+0.031*[#   7]
          +0.031*[#   8]+0.028*[#   1]+0.028*[#   5]
    |psi|^2 = 0.244

 k =   0.3299831646  0.3299831646 -0.3299831646
==== e(   1) =    -3.61293 eV ==== 
     psi = 0.384*[#   1]+0.384*[#   5]+0.038*[#   2]+0.038*[#   3]+0.038*[#   4]
          +0.038*[#   6]+0.038*[#   7]+0.038*[#   8]
    |psi|^2 = 0.997
==== e(   2) =    -0.79902 eV ==== 
     psi = 0.128*[#   1]+0.128*[#   5]+0.122*[#   2]+0.122*[#   3]+0.122*[#   4]
          +0.122*[#   6]+0.122*[#   7]+0.122*[#   8]
    |psi|^2 = 0.987
==== e(   3) =     4.81595 eV ==== 
     psi = 0.165*[#   2]+0.165*[#   3]+0.165*[#   4]+0.165*[#   6]+0.165*[#   7]
          +0.165*[#   8]
    |psi|^2 = 0.987
==== e(   4) =     4.81595 eV ==== 
     psi = 0.165*[#   2]+0.165*[#   3]+0.165*[#   4]+0.165*[#   6]+0.165*[#   7]
          +0.165*[#   8]
    |psi|^2 = 0.987
==== e(   5) =     7.46359 eV ==== 
     psi = 0.336*[#   1]+0.336*[#   5]+0.042*[#   2]+0.042*[#   3]+0.042*[#   4]
          +0.042*[#   6]+0.042*[#   7]+0.042*[#   8]
    |psi|^2 = 0.924
==== e(   6) =     9.34876 eV ==== 
     psi = 0.128*[#   2]+0.128*[#   3]+0.128*[#   4]+0.128*[#   6]+0.128*[#   7]
          +0.128*[#   8]
    |psi|^2 = 0.771
==== e(   7) =     9.34876 eV ==== 
     psi = 0.128*[#   2]+0.128*[#   3]+0.128*[#   4]+0.128*[#   6]+0.128*[#   7]
          +0.128*[#   8]
    |psi|^2 = 0.771
==== e(   8) =    13.71096 eV ==== 
     psi = 0.023*[#   2]+0.023*[#   3]+0.023*[#   4]+0.023*[#   6]+0.023*[#   7]
          +0.023*[#   8]+0.020*[#   1]+0.020*[#   5]
    |psi|^2 = 0.181

 k =   0.0942809042  0.0000000000  0.0000000000
==== e(   1) =    -5.75585 eV ==== 
     psi = 0.478*[#   1]+0.478*[#   5]+0.007*[#   2]+0.007*[#   3]+0.007*[#   4]
          +0.007*[#   6]+0.007*[#   7]+0.007*[#   8]
    |psi|^2 = 0.996
==== e(   2) =     5.50444 eV ==== 
     psi = 0.138*[#   2]+0.138*[#   3]+0.138*[#   4]+0.138*[#   6]+0.138*[#   7]
          +0.138*[#   8]+0.068*[#   1]+0.068*[#   5]
    |psi|^2 = 0.968
==== e(   3) =     5.70252 eV ==== 
     psi = 0.161*[#   2]+0.161*[#   3]+0.161*[#   4]+0.161*[#   6]+0.161*[#   7]
          +0.161*[#   8]
    |psi|^2 = 0.969
==== e(   4) =     5.70252 eV ==== 
     psi = 0.161*[#   2]+0.161*[#   3]+0.161*[#   4]+0.161*[#   6]+0.161*[#   7]
          +0.161*[#   8]
    |psi|^2 = 0.969
==== e(   5) =     8.36570 eV ==== 
     psi = 0.154*[#   2]+0.154*[#   3]+0.154*[#   4]+0.154*[#   6]+0.154*[#   7]
          +0.154*[#   8]+0.019*[#   1]+0.019*[#   5]
    |psi|^2 = 0.964
==== e(   6) =     8.92490 eV ==== 
     psi = 0.159*[#   2]+0.159*[#   3]+0.159*[#   4]+0.159*[#   6]+0.159*[#   7]
          +0.159*[#   8]
    |psi|^2 = 0.954
==== e(   7) =     8.92490 eV ==== 
     psi = 0.159*[#   2]+0.159*[#   3]+0.159*[#   4]+0.159*[#   6]+0.159*[#   7]
          +0.159*[#   8]
    |psi|^2 = 0.954
==== e(   8) =     9.57756 eV ==== 
     psi = 0.425*[#   1]+0.425*[#   5]+0.023*[#   2]+0.023*[#   3]+0.023*[#   4]
          +0.023*[#   6]+0.023*[#   7]+0.023*[#   8]
    |psi|^2 = 0.986

 k =   0.1414213562  0.0471404521 -0.0471404521
==== e(   1) =    -5.62280 eV ==== 
     psi = 0.449*[#   1]+0.449*[#   5]+0.016*[#   2]+0.016*[#   3]+0.016*[#   4]
          +0.016*[#   6]+0.016*[#   7]+0.016*[#   8]
    |psi|^2 = 0.996
==== e(   2) =     4.57951 eV ==== 
     psi = 0.130*[#   2]+0.130*[#   3]+0.130*[#   4]+0.130*[#   6]+0.130*[#   7]
          +0.130*[#   8]+0.097*[#   1]+0.097*[#   5]
    |psi|^2 = 0.977
==== e(   3) =     5.42905 eV ==== 
     psi = 0.162*[#   2]+0.162*[#   3]+0.162*[#   4]+0.162*[#   6]+0.162*[#   7]
          +0.162*[#   8]
    |psi|^2 = 0.974
==== e(   4) =     5.59492 eV ==== 
     psi = 0.156*[#   2]+0.156*[#   3]+0.156*[#   4]+0.156*[#   6]+0.156*[#   7]
          +0.156*[#   8]+0.018*[#   1]+0.018*[#   5]
    |psi|^2 = 0.971
==== e(   5) =     8.36371 eV ==== 
     psi = 0.146*[#   2]+0.146*[#   3]+0.146*[#   4]+0.146*[#   6]+0.146*[#   7]
          +0.146*[#   8]+0.039*[#   1]+0.039*[#   5]
    |psi|^2 = 0.958
==== e(   6) =     8.98774 eV ==== 
     psi = 0.125*[#   2]+0.125*[#   3]+0.125*[#   4]+0.125*[#   6]+0.125*[#   7]
          +0.125*[#   8]+0.103*[#   1]+0.103*[#   5]
    |psi|^2 = 0.958
==== e(   7) =     9.31977 eV ==== 
     psi = 0.157*[#   2]+0.157*[#   3]+0.157*[#   4]+0.157*[#   6]+0.157*[#   7]
          +0.157*[#   8]
    |psi|^2 = 0.943
==== e(   8) =    10.37313 eV ==== 
     psi = 0.274*[#   1]+0.274*[#   5]+0.068*[#   2]+0.068*[#   3]+0.068*[#   4]
          +0.068*[#   6]+0.068*[#   7]+0.068*[#   8]
    |psi|^2 = 0.954

 k =   0.1885618083  0.0942809042 -0.0942809042
==== e(   1) =    -5.37869 eV ==== 
     psi = 0.413*[#   1]+0.413*[#   5]+0.028*[#   2]+0.028*[#   3]+0.028*[#   4]
          +0.028*[#   6]+0.028*[#   7]+0.028*[#   8]
    |psi|^2 = 0.996
==== e(   2) =     3.39217 eV ==== 
     psi = 0.128*[#   1]+0.128*[#   5]+0.121*[#   2]+0.121*[#   3]+0.121*[#   4]
          +0.121*[#   6]+0.121*[#   7]+0.121*[#   8]
    |psi|^2 = 0.983
==== e(   3) =     5.15804 eV ==== 
     psi = 0.163*[#   2]+0.163*[#   3]+0.163*[#   4]+0.163*[#   6]+0.163*[#   7]
          +0.163*[#   8]
    |psi|^2 = 0.979
==== e(   4) =     5.37910 eV ==== 
     psi = 0.154*[#   2]+0.154*[#   3]+0.154*[#   4]+0.154*[#   6]+0.154*[#   7]
          +0.154*[#   8]+0.027*[#   1]+0.027*[#   5]
    |psi|^2 = 0.977
==== e(   5) =     8.44060 eV ==== 
     psi = 0.122*[#   1]+0.122*[#   5]+0.116*[#   2]+0.116*[#   3]+0.116*[#   4]
          +0.116*[#   6]+0.116*[#   7]+0.116*[#   8]
    |psi|^2 = 0.943
==== e(   6) =     8.98528 eV ==== 
     psi = 0.133*[#   2]+0.133*[#   3]+0.133*[#   4]+0.133*[#   6]+0.133*[#   7]
          +0.133*[#   8]+0.080*[#   1]+0.080*[#   5]
    |psi|^2 = 0.956
==== e(   7) =     9.70386 eV ==== 
     psi = 0.154*[#   2]+0.154*[#   3]+0.154*[#   4]+0.154*[#   6]+0.154*[#   7]
          +0.154*[#   8]
    |psi|^2 = 0.921
==== e(   8) =    11.25635 eV ==== 
     psi = 0.168*[#   1]+0.168*[#   5]+0.072*[#   2]+0.072*[#   3]+0.072*[#   4]
          +0.072*[#   6]+0.072*[#   7]+0.072*[#   8]
    |psi|^2 = 0.766

 k =   0.2357022604  0.1414213562 -0.1414213562
==== e(   1) =    -5.03030 eV ==== 
     psi = 0.383*[#   1]+0.383*[#   5]+0.038*[#   2]+0.038*[#   3]+0.038*[#   4]
          +0.038*[#   6]+0.038*[#   7]+0.038*[#   8]
    |psi|^2 = 0.996
==== e(   2) =     2.19715 eV ==== 
     psi = 0.148*[#   1]+0.148*[#   5]+0.115*[#   2]+0.115*[#   3]+0.115*[#   4]
          +0.115*[#   6]+0.115*[#   7]+0.115*[#   8]
    |psi|^2 = 0.986
==== e(   3) =     4.93302 eV ==== 
     psi = 0.164*[#   2]+0.164*[#   3]+0.164*[#   4]+0.164*[#   6]+0.164*[#   7]
          +0.164*[#   8]
    |psi|^2 = 0.983
==== e(   4) =     5.10827 eV ==== 
     psi = 0.153*[#   2]+0.153*[#   3]+0.153*[#   4]+0.153*[#   6]+0.153*[#   7]
          +0.153*[#   8]+0.033*[#   1]+0.033*[#   5]
    |psi|^2 = 0.981
==== e(   5) =     8.29684 eV ==== 
     psi = 0.205*[#   1]+0.205*[#   5]+0.087*[#   2]+0.087*[#   3]+0.087*[#   4]
          +0.087*[#   6]+0.087*[#   7]+0.087*[#   8]
    |psi|^2 = 0.935
==== e(   6) =     9.17493 eV ==== 
     psi = 0.143*[#   2]+0.143*[#   3]+0.143*[#   4]+0.143*[#   6]+0.143*[#   7]
          +0.143*[#   8]+0.029*[#   1]+0.029*[#   5]
    |psi|^2 = 0.915
==== e(   7) =     9.91680 eV ==== 
     psi = 0.146*[#   2]+0.146*[#   3]+0.146*[#   4]+0.146*[#   6]+0.146*[#   7]
          +0.146*[#   8]
    |psi|^2 = 0.875
==== e(   8) =    11.74731 eV ==== 
     psi = 0.083*[#   1]+0.083*[#   5]+0.047*[#   2]+0.047*[#   3]+0.047*[#   4]
          +0.047*[#   6]+0.047*[#   7]+0.047*[#   8]
    |psi|^2 = 0.446

 k =   0.2828427125  0.1885618083 -0.1885618083
==== e(   1) =    -4.59253 eV ==== 
     psi = 0.365*[#   1]+0.365*[#   5]+0.044*[#   2]+0.044*[#   3]+0.044*[#   4]
          +0.044*[#   6]+0.044*[#   7]+0.044*[#   8]
    |psi|^2 = 0.995
==== e(   2) =     1.07695 eV ==== 
     psi = 0.157*[#   1]+0.157*[#   5]+0.112*[#   2]+0.112*[#   3]+0.112*[#   4]
          +0.112*[#   6]+0.112*[#   7]+0.112*[#   8]
    |psi|^2 = 0.988
==== e(   3) =     4.77353 eV ==== 
     psi = 0.164*[#   2]+0.164*[#   3]+0.164*[#   4]+0.164*[#   6]+0.164*[#   7]
          +0.164*[#   8]
    |psi|^2 = 0.985
==== e(   4) =     4.84842 eV ==== 
     psi = 0.152*[#   2]+0.152*[#   3]+0.152*[#   4]+0.152*[#   6]+0.152*[#   7]
          +0.152*[#   8]+0.036*[#   1]+0.036*[#   5]
    |psi|^2 = 0.984
==== e(   5) =     8.10371 eV ==== 
     psi = 0.246*[#   1]+0.246*[#   5]+0.073*[#   2]+0.073*[#   3]+0.073*[#   4]
          +0.073*[#   6]+0.073*[#   7]+0.073*[#   8]
    |psi|^2 = 0.928
==== e(   6) =     9.27066 eV ==== 
     psi = 0.136*[#   2]+0.136*[#   3]+0.136*[#   4]+0.136*[#   6]+0.136*[#   7]
          +0.136*[#   8]+0.013*[#   1]+0.013*[#   5]
    |psi|^2 = 0.844
==== e(   7) =     9.90783 eV ==== 
     psi = 0.137*[#   2]+0.137*[#   3]+0.137*[#   4]+0.137*[#   6]+0.137*[#   7]
          +0.137*[#   8]
    |psi|^2 = 0.819
==== e(   8) =    12.31414 eV ==== 
     psi = 0.057*[#   1]+0.057*[#   5]+0.043*[#   2]+0.043*[#   3]+0.043*[#   4]
          +0.043*[#   6]+0.043*[#   7]+0.043*[#   8]
    |psi|^2 = 0.372

 k =   0.3299831646  0.2357022604 -0.2357022604
==== e(   1) =    -4.10185 eV ==== 
     psi = 0.361*[#   1]+0.361*[#   5]+0.046*[#   2]+0.046*[#   3]+0.046*[#   4]
          +0.046*[#   6]+0.046*[#   7]+0.046*[#   8]
    |psi|^2 = 0.996
==== e(   2) =     0.09647 eV ==== 
     psi = 0.154*[#   1]+0.154*[#   5]+0.113*[#   2]+0.113*[#   3]+0.113*[#   4]
          +0.113*[#   6]+0.113*[#   7]+0.113*[#   8]
    |psi|^2 = 0.988
==== e(   3) =     4.63001 eV ==== 
     psi = 0.152*[#   2]+0.152*[#   3]+0.152*[#   4]+0.152*[#   6]+0.152*[#   7]
          +0.152*[#   8]+0.037*[#   1]+0.037*[#   5]
    |psi|^2 = 0.987
==== e(   4) =     4.68689 eV ==== 
     psi = 0.164*[#   2]+0.164*[#   3]+0.164*[#   4]+0.164*[#   6]+0.164*[#   7]
          +0.164*[#   8]
    |psi|^2 = 0.987
==== e(   5) =     7.94844 eV ==== 
     psi = 0.272*[#   1]+0.272*[#   5]+0.063*[#   2]+0.063*[#   3]+0.063*[#   4]
          +0.063*[#   6]+0.063*[#   7]+0.063*[#   8]
    |psi|^2 = 0.921
==== e(   6) =     9.26006 eV ==== 
     psi = 0.129*[#   2]+0.129*[#   3]+0.129*[#   4]+0.129*[#   6]+0.129*[#   7]
          +0.129*[#   8]+0.008*[#   1]+0.008*[#   5]
    |psi|^2 = 0.791
==== e(   7) =     9.77334 eV ==== 
     psi = 0.130*[#   2]+0.130*[#   3]+0.130*[#   4]+0.130*[#   6]+0.130*[#   7]
          +0.130*[#   8]
    |psi|^2 = 0.781
==== e(   8) =    13.11454 eV ==== 
     psi = 0.046*[#   1]+0.046*[#   5]+0.045*[#   2]+0.045*[#   3]+0.045*[#   4]
          +0.045*[#   6]+0.045*[#   7]+0.045*[#   8]
    |psi|^2 = 0.364

 k =   0.3771236166  0.2828427125 -0.2828427125
==== e(   1) =    -3.65988 eV ==== 
     psi = 0.374*[#   1]+0.374*[#   5]+0.042*[#   2]+0.042*[#   3]+0.042*[#   4]
          +0.042*[#   6]+0.042*[#   7]+0.042*[#   8]
    |psi|^2 = 0.997
==== e(   2) =    -0.62905 eV ==== 
     psi = 0.138*[#   1]+0.138*[#   5]+0.119*[#   2]+0.119*[#   3]+0.119*[#   4]
          +0.119*[#   6]+0.119*[#   7]+0.119*[#   8]
    |psi|^2 = 0.987
==== e(   3) =     4.46762 eV ==== 
     psi = 0.152*[#   2]+0.152*[#   3]+0.152*[#   4]+0.152*[#   6]+0.152*[#   7]
          +0.152*[#   8]+0.037*[#   1]+0.037*[#   5]
    |psi|^2 = 0.988
==== e(   4) =     4.67404 eV ==== 
     psi = 0.165*[#   2]+0.165*[#   3]+0.165*[#   4]+0.165*[#   6]+0.165*[#   7]
          +0.165*[#   8]
    |psi|^2 = 0.988
==== e(   5) =     7.85440 eV ==== 
     psi = 0.287*[#   1]+0.287*[#   5]+0.057*[#   2]+0.057*[#   3]+0.057*[#   4]
          +0.057*[#   6]+0.057*[#   7]+0.057*[#   8]
    |psi|^2 = 0.916
==== e(   6) =     9.24962 eV ==== 
     psi = 0.126*[#   2]+0.126*[#   3]+0.126*[#   4]+0.126*[#   6]+0.126*[#   7]
          +0.126*[#   8]+0.006*[#   1]+0.006*[#   5]
    |psi|^2 = 0.767
==== e(   7) =     9.62431 eV ==== 
     psi = 0.127*[#   2]+0.127*[#   3]+0.127*[#   4]+0.127*[#   6]+0.127*[#   7]
          +0.127*[#   8]
    |psi|^2 = 0.765
==== e(   8) =    13.75778 eV ==== 
     psi = 0.039*[#   2]+0.039*[#   3]+0.039*[#   4]+0.039*[#   6]+0.039*[#   7]
          +0.039*[#   8]+0.035*[#   1]+0.035*[#   5]
    |psi|^2 = 0.306

 k =  -0.2828427125 -0.3771236166  0.3771236166
==== e(   1) =    -3.50895 eV ==== 
     psi = 0.383*[#   1]+0.383*[#   5]+0.038*[#   2]+0.038*[#   3]+0.038*[#   4]
          +0.038*[#   6]+0.038*[#   7]+0.038*[#   8]
    |psi|^2 = 0.997
==== e(   2) =    -0.85104 eV ==== 
     psi = 0.128*[#   1]+0.128*[#   5]+0.122*[#   2]+0.122*[#   3]+0.122*[#   4]
          +0.122*[#   6]+0.122*[#   7]+0.122*[#   8]
    |psi|^2 = 0.987
==== e(   3) =     4.36979 eV ==== 
     psi = 0.153*[#   2]+0.153*[#   3]+0.153*[#   4]+0.153*[#   6]+0.153*[#   7]
          +0.153*[#   8]+0.036*[#   1]+0.036*[#   5]
    |psi|^2 = 0.988
==== e(   4) =     4.73216 eV ==== 
     psi = 0.165*[#   2]+0.165*[#   3]+0.165*[#   4]+0.165*[#   6]+0.165*[#   7]
          +0.165*[#   8]
    |psi|^2 = 0.988
==== e(   5) =     7.82949 eV ==== 
     psi = 0.292*[#   1]+0.292*[#   5]+0.055*[#   2]+0.055*[#   3]+0.055*[#   4]
          +0.055*[#   6]+0.055*[#   7]+0.055*[#   8]
    |psi|^2 = 0.915
==== e(   6) =     9.29838 eV ==== 
     psi = 0.125*[#   2]+0.125*[#   3]+0.125*[#   4]+0.125*[#   6]+0.125*[#   7]
          +0.125*[#   8]+0.006*[#   1]+0.006*[#   5]
    |psi|^2 = 0.761
==== e(   7) =     9.52106 eV ==== 
     psi = 0.127*[#   2]+0.127*[#   3]+0.127*[#   4]+0.127*[#   6]+0.127*[#   7]
          +0.127*[#   8]
    |psi|^2 = 0.763
==== e(   8) =    13.89786 eV ==== 
     psi = 0.031*[#   2]+0.031*[#   3]+0.031*[#   4]+0.031*[#   6]+0.031*[#   7]
          +0.031*[#   8]+0.027*[#   1]+0.027*[#   5]
    |psi|^2 = 0.239

 k =  -0.2357022604 -0.3299831646  0.3299831646
==== e(   1) =    -3.79067 eV ==== 
     psi = 0.368*[#   1]+0.368*[#   5]+0.043*[#   2]+0.043*[#   3]+0.043*[#   4]
          +0.043*[#   6]+0.043*[#   7]+0.043*[#   8]
    |psi|^2 = 0.996
==== e(   2) =    -0.42650 eV ==== 
     psi = 0.145*[#   1]+0.145*[#   5]+0.116*[#   2]+0.116*[#   3]+0.116*[#   4]
          +0.116*[#   6]+0.116*[#   7]+0.116*[#   8]
    |psi|^2 = 0.988
==== e(   3) =     4.34271 eV ==== 
     psi = 0.153*[#   2]+0.153*[#   3]+0.153*[#   4]+0.153*[#   6]+0.153*[#   7]
          +0.153*[#   8]+0.034*[#   1]+0.034*[#   5]
    |psi|^2 = 0.987
==== e(   4) =     4.85596 eV ==== 
     psi = 0.165*[#   2]+0.165*[#   3]+0.165*[#   4]+0.165*[#   6]+0.165*[#   7]
          +0.165*[#   8]
    |psi|^2 = 0.987
==== e(   5) =     7.87557 eV ==== 
     psi = 0.287*[#   1]+0.287*[#   5]+0.057*[#   2]+0.057*[#   3]+0.057*[#   4]
          +0.057*[#   6]+0.057*[#   7]+0.057*[#   8]
    |psi|^2 = 0.919
==== e(   6) =     9.41685 eV ==== 
     psi = 0.126*[#   2]+0.126*[#   3]+0.126*[#   4]+0.126*[#   6]+0.126*[#   7]
          +0.126*[#   8]+0.005*[#   1]+0.005*[#   5]
    |psi|^2 = 0.765
==== e(   7) =     9.47982 eV ==== 
     psi = 0.129*[#   2]+0.129*[#   3]+0.129*[#   4]+0.129*[#   6]+0.129*[#   7]
          +0.129*[#   8]
    |psi|^2 = 0.774
==== e(   8) =    13.86775 eV ==== 
     psi = 0.040*[#   2]+0.040*[#   3]+0.040*[#   4]+0.040*[#   6]+0.040*[#   7]
          +0.040*[#   8]+0.039*[#   1]+0.039*[#   5]
    |psi|^2 = 0.318

 k =  -0.1885618083 -0.2828427125  0.2828427125
==== e(   1) =    -4.26790 eV ==== 
     psi = 0.361*[#   1]+0.361*[#   5]+0.046*[#   2]+0.046*[#   3]+0.046*[#   4]
          +0.046*[#   6]+0.046*[#   7]+0.046*[#   8]
    |psi|^2 = 0.996
==== e(   2) =     0.40437 eV ==== 
     psi = 0.157*[#   1]+0.157*[#   5]+0.112*[#   2]+0.112*[#   3]+0.112*[#   4]
          +0.112*[#   6]+0.112*[#   7]+0.112*[#   8]
    |psi|^2 = 0.988
==== e(   3) =     4.39106 eV ==== 
     psi = 0.154*[#   2]+0.154*[#   3]+0.154*[#   4]+0.154*[#   6]+0.154*[#   7]
          +0.154*[#   8]+0.032*[#   1]+0.032*[#   5]
    |psi|^2 = 0.986
==== e(   4) =     5.03777 eV ==== 
     psi = 0.164*[#   2]+0.164*[#   3]+0.164*[#   4]+0.164*[#   6]+0.164*[#   7]
          +0.164*[#   8]
    |psi|^2 = 0.986
==== e(   5) =     7.99075 eV ==== 
     psi = 0.273*[#   1]+0.273*[#   5]+0.064*[#   2]+0.064*[#   3]+0.064*[#   4]
          +0.064*[#   6]+0.064*[#   7]+0.064*[#   8]
    |psi|^2 = 0.927
==== e(   6) =     9.47615 eV ==== 
     psi = 0.134*[#   2]+0.134*[#   3]+0.134*[#   4]+0.134*[#   6]+0.134*[#   7]
          +0.134*[#   8]
    |psi|^2 = 0.806
==== e(   7) =     9.57512 eV ==== 
     psi = 0.129*[#   2]+0.129*[#   3]+0.129*[#   4]+0.129*[#   6]+0.129*[#   7]
          +0.129*[#   8]+0.005*[#   1]+0.005*[#   5]
    |psi|^2 = 0.785
==== e(   8) =    13.45696 eV ==== 
     psi = 0.074*[#   1]+0.074*[#   5]+0.059*[#   2]+0.059*[#   3]+0.059*[#   4]
          +0.059*[#   6]+0.059*[#   7]+0.059*[#   8]
    |psi|^2 = 0.503

 k =  -0.1414213562 -0.2357022604  0.2357022604
==== e(   1) =    -4.74743 eV ==== 
     psi = 0.369*[#   1]+0.369*[#   5]+0.043*[#   2]+0.043*[#   3]+0.043*[#   4]
          +0.043*[#   6]+0.043*[#   7]+0.043*[#   8]
    |psi|^2 = 0.996
==== e(   2) =     1.43949 eV ==== 
     psi = 0.155*[#   1]+0.155*[#   5]+0.113*[#   2]+0.113*[#   3]+0.113*[#   4]
          +0.113*[#   6]+0.113*[#   7]+0.113*[#   8]
    |psi|^2 = 0.988
==== e(   3) =     4.51782 eV ==== 
     psi = 0.154*[#   2]+0.154*[#   3]+0.154*[#   4]+0.154*[#   6]+0.154*[#   7]
          +0.154*[#   8]+0.029*[#   1]+0.029*[#   5]
    |psi|^2 = 0.985
==== e(   4) =     5.26613 eV ==== 
     psi = 0.164*[#   2]+0.164*[#   3]+0.164*[#   4]+0.164*[#   6]+0.164*[#   7]
          +0.164*[#   8]
    |psi|^2 = 0.983
==== e(   5) =     8.16877 eV ==== 
     psi = 0.248*[#   1]+0.248*[#   5]+0.073*[#   2]+0.073*[#   3]+0.073*[#   4]
          +0.073*[#   6]+0.073*[#   7]+0.073*[#   8]
    |psi|^2 = 0.936
==== e(   6) =     9.43484 eV ==== 
     psi = 0.144*[#   2]+0.144*[#   3]+0.144*[#   4]+0.144*[#   6]+0.144*[#   7]
          +0.144*[#   8]
    |psi|^2 = 0.866
==== e(   7) =     9.68772 eV ==== 
     psi = 0.136*[#   2]+0.136*[#   3]+0.136*[#   4]+0.136*[#   6]+0.136*[#   7]
          +0.136*[#   8]+0.008*[#   1]+0.008*[#   5]
    |psi|^2 = 0.831
==== e(   8) =    12.70023 eV ==== 
     psi = 0.108*[#   1]+0.108*[#   5]+0.065*[#   2]+0.065*[#   3]+0.065*[#   4]
          +0.065*[#   6]+0.065*[#   7]+0.065*[#   8]
    |psi|^2 = 0.608

 k =  -0.0942809042 -0.1885618083  0.1885618083
==== e(   1) =    -5.15780 eV ==== 
     psi = 0.392*[#   1]+0.392*[#   5]+0.035*[#   2]+0.035*[#   3]+0.035*[#   4]
          +0.035*[#   6]+0.035*[#   7]+0.035*[#   8]
    |psi|^2 = 0.996
==== e(   2) =     2.58791 eV ==== 
     psi = 0.142*[#   1]+0.142*[#   5]+0.117*[#   2]+0.117*[#   3]+0.117*[#   4]
          +0.117*[#   6]+0.117*[#   7]+0.117*[#   8]
    |psi|^2 = 0.985
==== e(   3) =     4.72389 eV ==== 
     psi = 0.155*[#   2]+0.155*[#   3]+0.155*[#   4]+0.155*[#   6]+0.155*[#   7]
          +0.155*[#   8]+0.025*[#   1]+0.025*[#   5]
    |psi|^2 = 0.982
==== e(   4) =     5.52101 eV ==== 
     psi = 0.163*[#   2]+0.163*[#   3]+0.163*[#   4]+0.163*[#   6]+0.163*[#   7]
          +0.163*[#   8]
    |psi|^2 = 0.978
==== e(   5) =     8.39495 eV ==== 
     psi = 0.214*[#   1]+0.214*[#   5]+0.086*[#   2]+0.086*[#   3]+0.086*[#   4]
          +0.086*[#   6]+0.086*[#   7]+0.086*[#   8]
    |psi|^2 = 0.945
==== e(   6) =     9.25591 eV ==== 
     psi = 0.154*[#   2]+0.154*[#   3]+0.154*[#   4]+0.154*[#   6]+0.154*[#   7]
          +0.154*[#   8]
    |psi|^2 = 0.926
==== e(   7) =     9.60680 eV ==== 
     psi = 0.144*[#   2]+0.144*[#   3]+0.144*[#   4]+0.144*[#   6]+0.144*[#   7]
          +0.144*[#   8]+0.016*[#   1]+0.016*[#   5]
    |psi|^2 = 0.894
==== e(   8) =    11.96122 eV ==== 
     psi = 0.155*[#   1]+0.155*[#   5]+0.075*[#   2]+0.075*[#   3]+0.075*[#   4]
          +0.075*[#   6]+0.075*[#   7]+0.075*[#   8]
    |psi|^2 = 0.757

 k =  -0.0471404521 -0.1414213562  0.1414213562
==== e(   1) =    -5.47240 eV ==== 
     psi = 0.426*[#   1]+0.426*[#   5]+0.024*[#   2]+0.024*[#   3]+0.024*[#   4]
          +0.024*[#   6]+0.024*[#   7]+0.024*[#   8]
    |psi|^2 = 0.996
==== e(   2) =     3.77556 eV ==== 
     psi = 0.124*[#   2]+0.124*[#   3]+0.124*[#   4]+0.124*[#   6]+0.124*[#   7]
          +0.124*[#   8]+0.119*[#   1]+0.119*[#   5]
    |psi|^2 = 0.981
==== e(   3) =     5.01078 eV ==== 
     psi = 0.157*[#   2]+0.157*[#   3]+0.157*[#   4]+0.157*[#   6]+0.157*[#   7]
          +0.157*[#   8]+0.018*[#   1]+0.018*[#   5]
    |psi|^2 = 0.979
==== e(   4) =     5.76265 eV ==== 
     psi = 0.162*[#   2]+0.162*[#   3]+0.162*[#   4]+0.162*[#   6]+0.162*[#   7]
          +0.162*[#   8]
    |psi|^2 = 0.972
==== e(   5) =     8.63541 eV ==== 
     psi = 0.167*[#   1]+0.167*[#   5]+0.103*[#   2]+0.103*[#   3]+0.103*[#   4]
          +0.103*[#   6]+0.103*[#   7]+0.103*[#   8]
    |psi|^2 = 0.953
==== e(   6) =     8.95303 eV ==== 
     psi = 0.159*[#   2]+0.159*[#   3]+0.159*[#   4]+0.159*[#   6]+0.159*[#   7]
          +0.159*[#   8]
    |psi|^2 = 0.954
==== e(   7) =     9.26015 eV ==== 
     psi = 0.144*[#   2]+0.144*[#   3]+0.144*[#   4]+0.144*[#   6]+0.144*[#   7]
          +0.144*[#   8]+0.035*[#   1]+0.035*[#   5]
    |psi|^2 = 0.933
==== e(   8) =    11.14424 eV ==== 
     psi = 0.213*[#   1]+0.213*[#   5]+0.082*[#   2]+0.082*[#   3]+0.082*[#   4]
          +0.082*[#   6]+0.082*[#   7]+0.082*[#   8]
    |psi|^2 = 0.917

 k =   0.0000000000 -0.0942809042  0.0942809042
==== e(   1) =    -5.67986 eV ==== 
     psi = 0.461*[#   1]+0.461*[#   5]+0.012*[#   2]+0.012*[#   3]+0.012*[#   4]
          +0.012*[#   6]+0.012*[#   7]+0.012*[#   8]
    |psi|^2 = 0.996
==== e(   2) =     4.83163 eV ==== 
     psi = 0.134*[#   2]+0.134*[#   3]+0.134*[#   4]+0.134*[#   6]+0.134*[#   7]
          +0.134*[#   8]+0.086*[#   1]+0.086*[#   5]
    |psi|^2 = 0.975
==== e(   3) =     5.41422 eV ==== 
     psi = 0.160*[#   2]+0.160*[#   3]+0.160*[#   4]+0.160*[#   6]+0.160*[#   7]
          +0.160*[#   8]+0.006*[#   1]+0.006*[#   5]
    |psi|^2 = 0.974
==== e(   4) =     5.91650 eV ==== 
     psi = 0.161*[#   2]+0.161*[#   3]+0.161*[#   4]+0.161*[#   6]+0.161*[#   7]
          +0.161*[#   8]
    |psi|^2 = 0.966
==== e(   5) =     8.70144 eV ==== 
     psi = 0.160*[#   2]+0.160*[#   3]+0.160*[#   4]+0.160*[#   6]+0.160*[#   7]
          +0.160*[#   8]
    |psi|^2 = 0.962
==== e(   6) =     8.80066 eV ==== 
     psi = 0.125*[#   1]+0.125*[#   5]+0.119*[#   2]+0.119*[#   3]+0.119*[#   4]
          +0.119*[#   6]+0.119*[#   7]+0.119*[#   8]
    |psi|^2 = 0.965
==== e(   7) =     8.81138 eV ==== 
     psi = 0.148*[#   2]+0.148*[#   3]+0.148*[#   4]+0.148*[#   6]+0.148*[#   7]
          +0.148*[#   8]+0.029*[#   1]+0.029*[#   5]
    |psi|^2 = 0.945
==== e(   8) =    10.20711 eV ==== 
     psi = 0.282*[#   1]+0.282*[#   5]+0.067*[#   2]+0.067*[#   3]+0.067*[#   4]
          +0.067*[#   6]+0.067*[#   7]+0.067*[#   8]
    |psi|^2 = 0.968

 k =   0.1885618083  0.0000000000  0.0000000000
==== e(   1) =    -5.52738 eV ==== 
     psi = 0.432*[#   1]+0.432*[#   5]+0.022*[#   2]+0.022*[#   3]+0.022*[#   4]
          +0.022*[#   6]+0.022*[#   7]+0.022*[#   8]
    |psi|^2 = 0.996
==== e(   2) =     4.49762 eV ==== 
     psi = 0.146*[#   1]+0.146*[#   5]+0.114*[#   2]+0.114*[#   3]+0.114*[#   4]
          +0.114*[#   6]+0.114*[#   7]+0.114*[#   8]
    |psi|^2 = 0.976
==== e(   3) =     5.12469 eV ==== 
     psi = 0.163*[#   2]+0.163*[#   3]+0.163*[#   4]+0.163*[#   6]+0.163*[#   7]
          +0.163*[#   8]
    |psi|^2 = 0.979
==== e(   4) =     5.12469 eV ==== 
     psi = 0.163*[#   2]+0.163*[#   3]+0.163*[#   4]+0.163*[#   6]+0.163*[#   7]
          +0.163*[#   8]
    |psi|^2 = 0.979
==== e(   5) =     7.94445 eV ==== 
     psi = 0.139*[#   2]+0.139*[#   3]+0.139*[#   4]+0.139*[#   6]+0.139*[#   7]
          +0.139*[#   8]+0.063*[#   1]+0.063*[#   5]
    |psi|^2 = 0.961
==== e(   6) =     9.78194 eV ==== 
     psi = 0.155*[#   2]+0.155*[#   3]+0.155*[#   4]+0.155*[#   6]+0.155*[#   7]
          +0.155*[#   8]
    |psi|^2 = 0.931
==== e(   7) =     9.78194 eV ==== 
     psi = 0.155*[#   2]+0.155*[#   3]+0.155*[#   4]+0.155*[#   6]+0.155*[#   7]
          +0.155*[#   8]
    |psi|^2 = 0.931
==== e(   8) =    10.25033 eV ==== 
     psi = 0.308*[#   1]+0.308*[#   5]+0.047*[#   2]+0.047*[#   3]+0.047*[#   4]
          +0.047*[#   6]+0.047*[#   7]+0.047*[#   8]
    |psi|^2 = 0.899

 k =   0.2357022604  0.0471404521 -0.0471404521
==== e(   1) =    -5.32000 eV ==== 
     psi = 0.404*[#   1]+0.404*[#   5]+0.031*[#   2]+0.031*[#   3]+0.031*[#   4]
          +0.031*[#   6]+0.031*[#   7]+0.031*[#   8]
    |psi|^2 = 0.996
==== e(   2) =     3.62290 eV ==== 
     psi = 0.153*[#   1]+0.153*[#   5]+0.113*[#   2]+0.113*[#   3]+0.113*[#   4]
          +0.113*[#   6]+0.113*[#   7]+0.113*[#   8]
    |psi|^2 = 0.982
==== e(   3) =     4.83671 eV ==== 
     psi = 0.164*[#   2]+0.164*[#   3]+0.164*[#   4]+0.164*[#   6]+0.164*[#   7]
          +0.164*[#   8]
    |psi|^2 = 0.983
==== e(   4) =     4.90623 eV ==== 
     psi = 0.154*[#   2]+0.154*[#   3]+0.154*[#   4]+0.154*[#   6]+0.154*[#   7]
          +0.154*[#   8]+0.027*[#   1]+0.027*[#   5]
    |psi|^2 = 0.981
==== e(   5) =     7.91150 eV ==== 
     psi = 0.133*[#   2]+0.133*[#   3]+0.133*[#   4]+0.133*[#   6]+0.133*[#   7]
          +0.133*[#   8]+0.076*[#   1]+0.076*[#   5]
    |psi|^2 = 0.953
==== e(   6) =     9.79496 eV ==== 
     psi = 0.136*[#   1]+0.136*[#   5]+0.108*[#   2]+0.108*[#   3]+0.108*[#   4]
          +0.108*[#   6]+0.108*[#   7]+0.108*[#   8]
    |psi|^2 = 0.920
==== e(   7) =    10.24810 eV ==== 
     psi = 0.152*[#   2]+0.152*[#   3]+0.152*[#   4]+0.152*[#   6]+0.152*[#   7]
          +0.152*[#   8]
    |psi|^2 = 0.913
==== e(   8) =    10.59336 eV ==== 
     psi = 0.088*[#   1]+0.088*[#   5]+0.079*[#   2]+0.079*[#   3]+0.079*[#   4]
          +0.079*[#   6]+0.079*[#   7]+0.079*[#   8]
    |psi|^2 = 0.647

 k =   0.2828427125  0.0942809042 -0.0942809042
==== e(   1) =    -5.00574 eV ==== 
     psi = 0.377*[#   1]+0.377*[#   5]+0.040*[#   2]+0.040*[#   3]+0.040*[#   4]
          +0.040*[#   6]+0.040*[#   7]+0.040*[#   8]
    |psi|^2 = 0.996
==== e(   2) =     2.53104 eV ==== 
     psi = 0.162*[#   1]+0.162*[#   5]+0.110*[#   2]+0.110*[#   3]+0.110*[#   4]
          +0.110*[#   6]+0.110*[#   7]+0.110*[#   8]
    |psi|^2 = 0.986
==== e(   3) =     4.60452 eV ==== 
     psi = 0.164*[#   2]+0.164*[#   3]+0.164*[#   4]+0.164*[#   6]+0.164*[#   7]
          +0.164*[#   8]
    |psi|^2 = 0.985
==== e(   4) =     4.62051 eV ==== 
     psi = 0.148*[#   2]+0.148*[#   3]+0.148*[#   4]+0.148*[#   6]+0.148*[#   7]
          +0.148*[#   8]+0.050*[#   1]+0.050*[#   5]
    |psi|^2 = 0.984
==== e(   5) =     8.10264 eV ==== 
     psi = 0.126*[#   2]+0.126*[#   3]+0.126*[#   4]+0.126*[#   6]+0.126*[#   7]
          +0.126*[#   8]+0.088*[#   1]+0.088*[#   5]
    |psi|^2 = 0.930
==== e(   6) =     9.70832 eV ==== 
     psi = 0.151*[#   1]+0.151*[#   5]+0.106*[#   2]+0.106*[#   3]+0.106*[#   4]
          +0.106*[#   6]+0.106*[#   7]+0.106*[#   8]
    |psi|^2 = 0.937
==== e(   7) =    10.55553 eV ==== 
     psi = 0.145*[#   2]+0.145*[#   3]+0.145*[#   4]+0.145*[#   6]+0.145*[#   7]
          +0.145*[#   8]
    |psi|^2 = 0.873
==== e(   8) =    10.64513 eV ==== 
     psi = 0.057*[#   2]+0.057*[#   3]+0.057*[#   4]+0.057*[#   6]+0.057*[#   7]
          +0.057*[#   8]+0.041*[#   1]+0.041*[#   5]
    |psi|^2 = 0.424

 k =   0.3299831646  0.1414213562 -0.1414213562
==== e(   1) =    -4.59580 eV ==== 
     psi = 0.358*[#   1]+0.358*[#   5]+0.047*[#   2]+0.047*[#   3]+0.047*[#   4]
          +0.047*[#   6]+0.047*[#   7]+0.047*[#   8]
    |psi|^2 = 0.995
==== e(   2) =     1.44040 eV ==== 
     psi = 0.170*[#   1]+0.170*[#   5]+0.108*[#   2]+0.108*[#   3]+0.108*[#   4]
          +0.108*[#   6]+0.108*[#   7]+0.108*[#   8]
    |psi|^2 = 0.988
==== e(   3) =     4.29370 eV ==== 
     psi = 0.144*[#   2]+0.144*[#   3]+0.144*[#   4]+0.144*[#   6]+0.144*[#   7]
          +0.144*[#   8]+0.061*[#   1]+0.061*[#   5]
    |psi|^2 = 0.987
==== e(   4) =     4.44672 eV ==== 
     psi = 0.165*[#   2]+0.165*[#   3]+0.165*[#   4]+0.165*[#   6]+0.165*[#   7]
          +0.165*[#   8]
    |psi|^2 = 0.987
==== e(   5) =     8.19957 eV ==== 
     psi = 0.118*[#   1]+0.118*[#   5]+0.109*[#   2]+0.109*[#   3]+0.109*[#   4]
          +0.109*[#   6]+0.109*[#   7]+0.109*[#   8]
    |psi|^2 = 0.890
==== e(   6) =     9.72440 eV ==== 
     psi = 0.116*[#   2]+0.116*[#   3]+0.116*[#   4]+0.116*[#   6]+0.116*[#   7]
          +0.116*[#   8]+0.114*[#   1]+0.114*[#   5]
    |psi|^2 = 0.924
==== e(   7) =    10.60610 eV ==== 
     psi = 0.136*[#   2]+0.136*[#   3]+0.136*[#   4]+0.136*[#   6]+0.136*[#   7]
          +0.136*[#   8]
    |psi|^2 = 0.814
==== e(   8) =    10.85694 eV ==== 
     psi = 0.058*[#   1]+0.058*[#   5]+0.045*[#   2]+0.045*[#   3]+0.045*[#   4]
          +0.045*[#   6]+0.045*[#   7]+0.045*[#   8]
    |psi|^2 = 0.383

 k =   0.3771236166  0.1885618083 -0.1885618083
==== e(   1) =    -4.11635 eV ==== 
     psi = 0.350*[#   1]+0.350*[#   5]+0.049*[#   2]+0.049*[#   3]+0.049*[#   4]
          +0.049*[#   6]+0.049*[#   7]+0.049*[#   8]
    |psi|^2 = 0.995
==== e(   2) =     0.43970 eV ==== 
     psi = 0.170*[#   1]+0.170*[#   5]+0.108*[#   2]+0.108*[#   3]+0.108*[#   4]
          +0.108*[#   6]+0.108*[#   7]+0.108*[#   8]
    |psi|^2 = 0.989
==== e(   3) =     3.98978 eV ==== 
     psi = 0.143*[#   2]+0.143*[#   3]+0.143*[#   4]+0.143*[#   6]+0.143*[#   7]
          +0.143*[#   8]+0.065*[#   1]+0.065*[#   5]
    |psi|^2 = 0.988
==== e(   4) =     4.37107 eV ==== 
     psi = 0.165*[#   2]+0.165*[#   3]+0.165*[#   4]+0.165*[#   6]+0.165*[#   7]
          +0.165*[#   8]
    |psi|^2 = 0.988
==== e(   5) =     8.17232 eV ==== 
     psi = 0.147*[#   1]+0.147*[#   5]+0.095*[#   2]+0.095*[#   3]+0.095*[#   4]
          +0.095*[#   6]+0.095*[#   7]+0.095*[#   8]
    |psi|^2 = 0.865
==== e(   6) =     9.66646 eV ==== 
     psi = 0.110*[#   2]+0.110*[#   3]+0.110*[#   4]+0.110*[#   6]+0.110*[#   7]
          +0.110*[#   8]+0.089*[#   1]+0.089*[#   5]
    |psi|^2 = 0.838
==== e(   7) =    10.46942 eV ==== 
     psi = 0.128*[#   2]+0.128*[#   3]+0.128*[#   4]+0.128*[#   6]+0.128*[#   7]
          +0.128*[#   8]
    |psi|^2 = 0.768
==== e(   8) =    11.55706 eV ==== 
     psi = 0.066*[#   1]+0.066*[#   5]+0.050*[#   2]+0.050*[#   3]+0.050*[#   4]
          +0.050*[#   6]+0.050*[#   7]+0.050*[#   8]
    |psi|^2 = 0.431

 k =   0.4242640687  0.2357022604 -0.2357022604
==== e(   1) =    -3.63821 eV ==== 
     psi = 0.357*[#   1]+0.357*[#   5]+0.047*[#   2]+0.047*[#   3]+0.047*[#   4]
          +0.047*[#   6]+0.047*[#   7]+0.047*[#   8]
    |psi|^2 = 0.996
==== e(   2) =    -0.37235 eV ==== 
     psi = 0.158*[#   1]+0.158*[#   5]+0.112*[#   2]+0.112*[#   3]+0.112*[#   4]
          +0.112*[#   6]+0.112*[#   7]+0.112*[#   8]
    |psi|^2 = 0.989
==== e(   3) =     3.73983 eV ==== 
     psi = 0.143*[#   2]+0.143*[#   3]+0.143*[#   4]+0.143*[#   6]+0.143*[#   7]
          +0.143*[#   8]+0.066*[#   1]+0.066*[#   5]
    |psi|^2 = 0.990
==== e(   4) =     4.37910 eV ==== 
     psi = 0.165*[#   2]+0.165*[#   3]+0.165*[#   4]+0.165*[#   6]+0.165*[#   7]
          +0.165*[#   8]
    |psi|^2 = 0.989
==== e(   5) =     8.14172 eV ==== 
     psi = 0.166*[#   1]+0.166*[#   5]+0.088*[#   2]+0.088*[#   3]+0.088*[#   4]
          +0.088*[#   6]+0.088*[#   7]+0.088*[#   8]
    |psi|^2 = 0.859
==== e(   6) =     9.59099 eV ==== 
     psi = 0.104*[#   2]+0.104*[#   3]+0.104*[#   4]+0.104*[#   6]+0.104*[#   7]
          +0.104*[#   8]+0.082*[#   1]+0.082*[#   5]
    |psi|^2 = 0.789
==== e(   7) =    10.27272 eV ==== 
     psi = 0.124*[#   2]+0.124*[#   3]+0.124*[#   4]+0.124*[#   6]+0.124*[#   7]
          +0.124*[#   8]
    |psi|^2 = 0.746
==== e(   8) =    12.56493 eV ==== 
     psi = 0.059*[#   1]+0.059*[#   5]+0.050*[#   2]+0.050*[#   3]+0.050*[#   4]
          +0.050*[#   6]+0.050*[#   7]+0.050*[#   8]
    |psi|^2 = 0.421

 k =  -0.2357022604 -0.4242640687  0.4242640687
==== e(   1) =    -3.35636 eV ==== 
     psi = 0.372*[#   1]+0.372*[#   5]+0.042*[#   2]+0.042*[#   3]+0.042*[#   4]
          +0.042*[#   6]+0.042*[#   7]+0.042*[#   8]
    |psi|^2 = 0.997
==== e(   2) =    -0.78789 eV ==== 
     psi = 0.142*[#   1]+0.142*[#   5]+0.117*[#   2]+0.117*[#   3]+0.117*[#   4]
          +0.117*[#   6]+0.117*[#   7]+0.117*[#   8]
    |psi|^2 = 0.988
==== e(   3) =     3.56038 eV ==== 
     psi = 0.144*[#   2]+0.144*[#   3]+0.144*[#   4]+0.144*[#   6]+0.144*[#   7]
          +0.144*[#   8]+0.064*[#   1]+0.064*[#   5]
    |psi|^2 = 0.990
==== e(   4) =     4.46803 eV ==== 
     psi = 0.165*[#   2]+0.165*[#   3]+0.165*[#   4]+0.165*[#   6]+0.165*[#   7]
          +0.165*[#   8]
    |psi|^2 = 0.989
==== e(   5) =     8.16838 eV ==== 
     psi = 0.179*[#   1]+0.179*[#   5]+0.084*[#   2]+0.084*[#   3]+0.084*[#   4]
          +0.084*[#   6]+0.084*[#   7]+0.084*[#   8]
    |psi|^2 = 0.863
==== e(   6) =     9.56926 eV ==== 
     psi = 0.102*[#   2]+0.102*[#   3]+0.102*[#   4]+0.102*[#   6]+0.102*[#   7]
          +0.102*[#   8]+0.076*[#   1]+0.076*[#   5]
    |psi|^2 = 0.766
==== e(   7) =    10.09570 eV ==== 
     psi = 0.124*[#   2]+0.124*[#   3]+0.124*[#   4]+0.124*[#   6]+0.124*[#   7]
          +0.124*[#   8]
    |psi|^2 = 0.743
==== e(   8) =    13.66808 eV ==== 
     psi = 0.050*[#   1]+0.050*[#   5]+0.048*[#   2]+0.048*[#   3]+0.048*[#   4]
          +0.048*[#   6]+0.048*[#   7]+0.048*[#   8]
    |psi|^2 = 0.386

 k =  -0.1885618083 -0.3771236166  0.3771236166
==== e(   1) =    -3.51204 eV ==== 
     psi = 0.363*[#   1]+0.363*[#   5]+0.045*[#   2]+0.045*[#   3]+0.045*[#   4]
          +0.045*[#   6]+0.045*[#   7]+0.045*[#   8]
    |psi|^2 = 0.996
==== e(   2) =    -0.56163 eV ==== 
     psi = 0.151*[#   1]+0.151*[#   5]+0.114*[#   2]+0.114*[#   3]+0.114*[#   4]
          +0.114*[#   6]+0.114*[#   7]+0.114*[#   8]
    |psi|^2 = 0.989
==== e(   3) =     3.46270 eV ==== 
     psi = 0.144*[#   2]+0.144*[#   3]+0.144*[#   4]+0.144*[#   6]+0.144*[#   7]
          +0.144*[#   8]+0.062*[#   1]+0.062*[#   5]
    |psi|^2 = 0.990
==== e(   4) =     4.63124 eV ==== 
     psi = 0.165*[#   2]+0.165*[#   3]+0.165*[#   4]+0.165*[#   6]+0.165*[#   7]
          +0.165*[#   8]
    |psi|^2 = 0.988
==== e(   5) =     8.26525 eV ==== 
     psi = 0.188*[#   1]+0.188*[#   5]+0.083*[#   2]+0.083*[#   3]+0.083*[#   4]
          +0.083*[#   6]+0.083*[#   7]+0.083*[#   8]
    |psi|^2 = 0.874
==== e(   6) =     9.62269 eV ==== 
     psi = 0.104*[#   2]+0.104*[#   3]+0.104*[#   4]+0.104*[#   6]+0.104*[#   7]
          +0.104*[#   8]+0.067*[#   1]+0.067*[#   5]
    |psi|^2 = 0.755
==== e(   7) =     9.96786 eV ==== 
     psi = 0.126*[#   2]+0.126*[#   3]+0.126*[#   4]+0.126*[#   6]+0.126*[#   7]
          +0.126*[#   8]
    |psi|^2 = 0.755
==== e(   8) =    14.09945 eV ==== 
     psi = 0.065*[#   1]+0.065*[#   5]+0.058*[#   2]+0.058*[#   3]+0.058*[#   4]
          +0.058*[#   6]+0.058*[#   7]+0.058*[#   8]
    |psi|^2 = 0.475

 k =  -0.1414213562 -0.3299831646  0.3299831646
==== e(   1) =    -3.95681 eV ==== 
     psi = 0.352*[#   1]+0.352*[#   5]+0.048*[#   2]+0.048*[#   3]+0.048*[#   4]
          +0.048*[#   6]+0.048*[#   7]+0.048*[#   8]
    |psi|^2 = 0.996
==== e(   2) =     0.15445 eV ==== 
     psi = 0.166*[#   1]+0.166*[#   5]+0.110*[#   2]+0.110*[#   3]+0.110*[#   4]
          +0.110*[#   6]+0.110*[#   7]+0.110*[#   8]
    |psi|^2 = 0.989
==== e(   3) =     3.45678 eV ==== 
     psi = 0.146*[#   2]+0.146*[#   3]+0.146*[#   4]+0.146*[#   6]+0.146*[#   7]
          +0.146*[#   8]+0.058*[#   1]+0.058*[#   5]
    |psi|^2 = 0.989
==== e(   4) =     4.85746 eV ==== 
     psi = 0.165*[#   2]+0.165*[#   3]+0.165*[#   4]+0.165*[#   6]+0.165*[#   7]
          +0.165*[#   8]
    |psi|^2 = 0.987
==== e(   5) =     8.42407 eV ==== 
     psi = 0.190*[#   1]+0.190*[#   5]+0.085*[#   2]+0.085*[#   3]+0.085*[#   4]
          +0.085*[#   6]+0.085*[#   7]+0.085*[#   8]
    |psi|^2 = 0.890
==== e(   6) =     9.74180 eV ==== 
     psi = 0.108*[#   2]+0.108*[#   3]+0.108*[#   4]+0.108*[#   6]+0.108*[#   7]
          +0.108*[#   8]+0.055*[#   1]+0.055*[#   5]
    |psi|^2 = 0.756
==== e(   7) =     9.87594 eV ==== 
     psi = 0.132*[#   2]+0.132*[#   3]+0.132*[#   4]+0.132*[#   6]+0.132*[#   7]
          +0.132*[#   8]
    |psi|^2 = 0.792
==== e(   8) =    13.25461 eV ==== 
     psi = 0.091*[#   1]+0.091*[#   5]+0.063*[#   2]+0.063*[#   3]+0.063*[#   4]
          +0.063*[#   6]+0.063*[#   7]+0.063*[#   8]
    |psi|^2 = 0.558

 k =  -0.0942809042 -0.2828427125  0.2828427125
==== e(   1) =    -4.44702 eV ==== 
     psi = 0.356*[#   1]+0.356*[#   5]+0.047*[#   2]+0.047*[#   3]+0.047*[#   4]
          +0.047*[#   6]+0.047*[#   7]+0.047*[#   8]
    |psi|^2 = 0.995
==== e(   2) =     1.10179 eV ==== 
     psi = 0.170*[#   1]+0.170*[#   5]+0.108*[#   2]+0.108*[#   3]+0.108*[#   4]
          +0.108*[#   6]+0.108*[#   7]+0.108*[#   8]
    |psi|^2 = 0.989
==== e(   3) =     3.55541 eV ==== 
     psi = 0.147*[#   2]+0.147*[#   3]+0.147*[#   4]+0.147*[#   6]+0.147*[#   7]
          +0.147*[#   8]+0.052*[#   1]+0.052*[#   5]
    |psi|^2 = 0.988
==== e(   4) =     5.12829 eV ==== 
     psi = 0.164*[#   2]+0.164*[#   3]+0.164*[#   4]+0.164*[#   6]+0.164*[#   7]
          +0.164*[#   8]
    |psi|^2 = 0.985
==== e(   5) =     8.62642 eV ==== 
     psi = 0.183*[#   1]+0.183*[#   5]+0.091*[#   2]+0.091*[#   3]+0.091*[#   4]
          +0.091*[#   6]+0.091*[#   7]+0.091*[#   8]
    |psi|^2 = 0.909
==== e(   6) =     9.75355 eV ==== 
     psi = 0.144*[#   2]+0.144*[#   3]+0.144*[#   4]+0.144*[#   6]+0.144*[#   7]
          +0.144*[#   8]
    |psi|^2 = 0.863
==== e(   7) =     9.85978 eV ==== 
     psi = 0.115*[#   2]+0.115*[#   3]+0.115*[#   4]+0.115*[#   6]+0.115*[#   7]
          +0.115*[#   8]+0.046*[#   1]+0.046*[#   5]
    |psi|^2 = 0.783
==== e(   8) =    12.35551 eV ==== 
     psi = 0.114*[#   1]+0.114*[#   5]+0.065*[#   2]+0.065*[#   3]+0.065*[#   4]
          +0.065*[#   6]+0.065*[#   7]+0.065*[#   8]
    |psi|^2 = 0.619

 k =  -0.0471404521 -0.2357022604  0.2357022604
==== e(   1) =    -4.88315 eV ==== 
     psi = 0.372*[#   1]+0.372*[#   5]+0.042*[#   2]+0.042*[#   3]+0.042*[#   4]
          +0.042*[#   6]+0.042*[#   7]+0.042*[#   8]
    |psi|^2 = 0.996
==== e(   2) =     2.13824 eV ==== 
     psi = 0.165*[#   1]+0.165*[#   5]+0.110*[#   2]+0.110*[#   3]+0.110*[#   4]
          +0.110*[#   6]+0.110*[#   7]+0.110*[#   8]
    |psi|^2 = 0.987
==== e(   3) =     3.78713 eV ==== 
     psi = 0.150*[#   2]+0.150*[#   3]+0.150*[#   4]+0.150*[#   6]+0.150*[#   7]
          +0.150*[#   8]+0.043*[#   1]+0.043*[#   5]
    |psi|^2 = 0.986
==== e(   4) =     5.41218 eV ==== 
     psi = 0.164*[#   2]+0.164*[#   3]+0.164*[#   4]+0.164*[#   6]+0.164*[#   7]
          +0.164*[#   8]
    |psi|^2 = 0.981
==== e(   5) =     8.84198 eV ==== 
     psi = 0.167*[#   1]+0.167*[#   5]+0.099*[#   2]+0.099*[#   3]+0.099*[#   4]
          +0.099*[#   6]+0.099*[#   7]+0.099*[#   8]
    |psi|^2 = 0.930
==== e(   6) =     9.50655 eV ==== 
     psi = 0.155*[#   2]+0.155*[#   3]+0.155*[#   4]+0.155*[#   6]+0.155*[#   7]
          +0.155*[#   8]
    |psi|^2 = 0.929
==== e(   7) =     9.78450 eV ==== 
     psi = 0.124*[#   2]+0.124*[#   3]+0.124*[#   4]+0.124*[#   6]+0.124*[#   7]
          +0.124*[#   8]+0.053*[#   1]+0.053*[#   5]
    |psi|^2 = 0.849
==== e(   8) =    11.73867 eV ==== 
     psi = 0.130*[#   1]+0.130*[#   5]+0.065*[#   2]+0.065*[#   3]+0.065*[#   4]
          +0.065*[#   6]+0.065*[#   7]+0.065*[#   8]
    |psi|^2 = 0.651

 k =   0.0000000000 -0.1885618083  0.1885618083
==== e(   1) =    -5.22980 eV ==== 
     psi = 0.397*[#   1]+0.397*[#   5]+0.034*[#   2]+0.034*[#   3]+0.034*[#   4]
          +0.034*[#   6]+0.034*[#   7]+0.034*[#   8]
    |psi|^2 = 0.996
==== e(   2) =     3.09999 eV ==== 
     psi = 0.149*[#   1]+0.149*[#   5]+0.114*[#   2]+0.114*[#   3]+0.114*[#   4]
          +0.114*[#   6]+0.114*[#   7]+0.114*[#   8]
    |psi|^2 = 0.984
==== e(   3) =     4.24208 eV ==== 
     psi = 0.154*[#   2]+0.154*[#   3]+0.154*[#   4]+0.154*[#   6]+0.154*[#   7]
          +0.154*[#   8]+0.030*[#   1]+0.030*[#   5]
    |psi|^2 = 0.984
==== e(   4) =     5.65271 eV ==== 
     psi = 0.163*[#   2]+0.163*[#   3]+0.163*[#   4]+0.163*[#   6]+0.163*[#   7]
          +0.163*[#   8]
    |psi|^2 = 0.977
==== e(   5) =     8.96802 eV ==== 
     psi = 0.155*[#   1]+0.155*[#   5]+0.107*[#   2]+0.107*[#   3]+0.107*[#   4]
          +0.107*[#   6]+0.107*[#   7]+0.107*[#   8]
    |psi|^2 = 0.951
==== e(   6) =     9.17276 eV ==== 
     psi = 0.159*[#   2]+0.159*[#   3]+0.159*[#   4]+0.159*[#   6]+0.159*[#   7]
          +0.159*[#   8]
    |psi|^2 = 0.951
==== e(   7) =     9.41061 eV ==== 
     psi = 0.129*[#   2]+0.129*[#   3]+0.129*[#   4]+0.129*[#   6]+0.129*[#   7]
          +0.129*[#   8]+0.062*[#   1]+0.062*[#   5]
    |psi|^2 = 0.897
==== e(   8) =    11.48402 eV ==== 
     psi = 0.152*[#   1]+0.152*[#   5]+0.076*[#   2]+0.076*[#   3]+0.076*[#   4]
          +0.076*[#   6]+0.076*[#   7]+0.076*[#   8]
    |psi|^2 = 0.758

 k =   0.2828427125  0.0000000000  0.0000000000
==== e(   1) =    -5.14918 eV ==== 
     psi = 0.386*[#   1]+0.386*[#   5]+0.037*[#   2]+0.037*[#   3]+0.037*[#   4]
          +0.037*[#   6]+0.037*[#   7]+0.037*[#   8]
    |psi|^2 = 0.996
==== e(   2) =     3.35124 eV ==== 
     psi = 0.195*[#   1]+0.195*[#   5]+0.099*[#   2]+0.099*[#   3]+0.099*[#   4]
          +0.099*[#   6]+0.099*[#   7]+0.099*[#   8]
    |psi|^2 = 0.982
==== e(   3) =     4.53195 eV ==== 
     psi = 0.164*[#   2]+0.164*[#   3]+0.164*[#   4]+0.164*[#   6]+0.164*[#   7]
          +0.164*[#   8]
    |psi|^2 = 0.986
==== e(   4) =     4.53195 eV ==== 
     psi = 0.164*[#   2]+0.164*[#   3]+0.164*[#   4]+0.164*[#   6]+0.164*[#   7]
          +0.164*[#   8]
    |psi|^2 = 0.986
==== e(   5) =     7.46488 eV ==== 
     psi = 0.124*[#   2]+0.124*[#   3]+0.124*[#   4]+0.124*[#   6]+0.124*[#   7]
          +0.124*[#   8]+0.106*[#   1]+0.106*[#   5]
    |psi|^2 = 0.954
==== e(   6) =     9.84347 eV ==== 
     psi = 0.156*[#   1]+0.156*[#   5]+0.044*[#   2]+0.044*[#   3]+0.044*[#   4]
          +0.044*[#   6]+0.044*[#   7]+0.044*[#   8]
    |psi|^2 = 0.574
==== e(   7) =    10.83142 eV ==== 
     psi = 0.150*[#   2]+0.150*[#   3]+0.150*[#   4]+0.150*[#   6]+0.150*[#   7]
          +0.150*[#   8]
    |psi|^2 = 0.899
==== e(   8) =    10.83142 eV ==== 
     psi = 0.150*[#   2]+0.150*[#   3]+0.150*[#   4]+0.150*[#   6]+0.150*[#   7]
          +0.150*[#   8]
    |psi|^2 = 0.899

 k =   0.3299831646  0.0471404521 -0.0471404521
==== e(   1) =    -4.86995 eV ==== 
     psi = 0.365*[#   1]+0.365*[#   5]+0.044*[#   2]+0.044*[#   3]+0.044*[#   4]
          +0.044*[#   6]+0.044*[#   7]+0.044*[#   8]
    |psi|^2 = 0.995
==== e(   2) =     2.58476 eV ==== 
     psi = 0.201*[#   1]+0.201*[#   5]+0.097*[#   2]+0.097*[#   3]+0.097*[#   4]
          +0.097*[#   6]+0.097*[#   7]+0.097*[#   8]
    |psi|^2 = 0.986
==== e(   3) =     4.22334 eV ==== 
     psi = 0.158*[#   2]+0.158*[#   3]+0.158*[#   4]+0.158*[#   6]+0.158*[#   7]
          +0.158*[#   8]+0.019*[#   1]+0.019*[#   5]
    |psi|^2 = 0.988
==== e(   4) =     4.28451 eV ==== 
     psi = 0.165*[#   2]+0.165*[#   3]+0.165*[#   4]+0.165*[#   6]+0.165*[#   7]
          +0.165*[#   8]
    |psi|^2 = 0.988
==== e(   5) =     7.45630 eV ==== 
     psi = 0.120*[#   2]+0.120*[#   3]+0.120*[#   4]+0.120*[#   6]+0.120*[#   7]
          +0.120*[#   8]+0.112*[#   1]+0.112*[#   5]
    |psi|^2 = 0.945
==== e(   6) =     9.49013 eV ==== 
     psi = 0.137*[#   1]+0.137*[#   5]+0.044*[#   2]+0.044*[#   3]+0.044*[#   4]
          +0.044*[#   6]+0.044*[#   7]+0.044*[#   8]
    |psi|^2 = 0.540
==== e(   7) =    11.10257 eV ==== 
     psi = 0.132*[#   2]+0.132*[#   3]+0.132*[#   4]+0.132*[#   6]+0.132*[#   7]
          +0.132*[#   8]+0.018*[#   1]+0.018*[#   5]
    |psi|^2 = 0.827
==== e(   8) =    11.29087 eV ==== 
     psi = 0.145*[#   2]+0.145*[#   3]+0.145*[#   4]+0.145*[#   6]+0.145*[#   7]
          +0.145*[#   8]
    |psi|^2 = 0.867

 k =   0.3771236166  0.0942809042 -0.0942809042
==== e(   1) =    -4.49064 eV ==== 
     psi = 0.347*[#   1]+0.347*[#   5]+0.050*[#   2]+0.050*[#   3]+0.050*[#   4]
          +0.050*[#   6]+0.050*[#   7]+0.050*[#   8]
    |psi|^2 = 0.995
==== e(   2) =     1.65515 eV ==== 
     psi = 0.202*[#   1]+0.202*[#   5]+0.097*[#   2]+0.097*[#   3]+0.097*[#   4]
          +0.097*[#   6]+0.097*[#   7]+0.097*[#   8]
    |psi|^2 = 0.988
==== e(   3) =     3.82001 eV ==== 
     psi = 0.151*[#   2]+0.151*[#   3]+0.151*[#   4]+0.151*[#   6]+0.151*[#   7]
          +0.151*[#   8]+0.043*[#   1]+0.043*[#   5]
    |psi|^2 = 0.989
==== e(   4) =     4.11448 eV ==== 
     psi = 0.165*[#   2]+0.165*[#   3]+0.165*[#   4]+0.165*[#   6]+0.165*[#   7]
          +0.165*[#   8]
    |psi|^2 = 0.990
==== e(   5) =     7.66872 eV ==== 
     psi = 0.115*[#   2]+0.115*[#   3]+0.115*[#   4]+0.115*[#   6]+0.115*[#   7]
          +0.115*[#   8]+0.111*[#   1]+0.111*[#   5]
    |psi|^2 = 0.910
==== e(   6) =     9.50726 eV ==== 
     psi = 0.126*[#   1]+0.126*[#   5]+0.050*[#   2]+0.050*[#   3]+0.050*[#   4]
          +0.050*[#   6]+0.050*[#   7]+0.050*[#   8]
    |psi|^2 = 0.553
==== e(   7) =    11.01829 eV ==== 
     psi = 0.113*[#   2]+0.113*[#   3]+0.113*[#   4]+0.113*[#   6]+0.113*[#   7]
          +0.113*[#   8]+0.049*[#   1]+0.049*[#   5]
    |psi|^2 = 0.779
==== e(   8) =    11.47140 eV ==== 
     psi = 0.134*[#   2]+0.134*[#   3]+0.134*[#   4]+0.134*[#   6]+0.134*[#   7]
          +0.134*[#   8]
    |psi|^2 = 0.806

 k =   0.4242640687  0.1414213562 -0.1414213562
==== e(   1) =    -4.03008 eV ==== 
     psi = 0.338*[#   1]+0.338*[#   5]+0.053*[#   2]+0.053*[#   3]+0.053*[#   4]
          +0.053*[#   6]+0.053*[#   7]+0.053*[#   8]
    |psi|^2 = 0.995
==== e(   2) =     0.72047 eV ==== 
     psi = 0.201*[#   1]+0.201*[#   5]+0.098*[#   2]+0.098*[#   3]+0.098*[#   4]
          +0.098*[#   6]+0.098*[#   7]+0.098*[#   8]
    |psi|^2 = 0.990
==== e(   3) =     3.40851 eV ==== 
     psi = 0.147*[#   2]+0.147*[#   3]+0.147*[#   4]+0.147*[#   6]+0.147*[#   7]
          +0.147*[#   8]+0.056*[#   1]+0.056*[#   5]
    |psi|^2 = 0.990
==== e(   4) =     4.03096 eV ==== 
     psi = 0.165*[#   2]+0.165*[#   3]+0.165*[#   4]+0.165*[#   6]+0.165*[#   7]
          +0.165*[#   8]
    |psi|^2 = 0.990
==== e(   5) =     7.77687 eV ==== 
     psi = 0.117*[#   1]+0.117*[#   5]+0.104*[#   2]+0.104*[#   3]+0.104*[#   4]
          +0.104*[#   6]+0.104*[#   7]+0.104*[#   8]
    |psi|^2 = 0.858
==== e(   6) =    10.06152 eV ==== 
     psi = 0.106*[#   1]+0.106*[#   5]+0.060*[#   2]+0.060*[#   3]+0.060*[#   4]
          +0.060*[#   6]+0.060*[#   7]+0.060*[#   8]
    |psi|^2 = 0.570
==== e(   7) =    10.85114 eV ==== 
     psi = 0.102*[#   2]+0.102*[#   3]+0.102*[#   4]+0.102*[#   6]+0.102*[#   7]
          +0.102*[#   8]+0.077*[#   1]+0.077*[#   5]
    |psi|^2 = 0.765
==== e(   8) =    11.38784 eV ==== 
     psi = 0.125*[#   2]+0.125*[#   3]+0.125*[#   4]+0.125*[#   6]+0.125*[#   7]
          +0.125*[#   8]
    |psi|^2 = 0.748

 k =   0.4714045208  0.1885618083 -0.1885618083
==== e(   1) =    -3.53724 eV ==== 
     psi = 0.339*[#   1]+0.339*[#   5]+0.053*[#   2]+0.053*[#   3]+0.053*[#   4]
          +0.053*[#   6]+0.053*[#   7]+0.053*[#   8]
    |psi|^2 = 0.995
==== e(   2) =    -0.10932 eV ==== 
     psi = 0.192*[#   1]+0.192*[#   5]+0.101*[#   2]+0.101*[#   3]+0.101*[#   4]
          +0.101*[#   6]+0.101*[#   7]+0.101*[#   8]
    |psi|^2 = 0.990
==== e(   3) =     3.05352 eV ==== 
     psi = 0.145*[#   2]+0.145*[#   3]+0.145*[#   4]+0.145*[#   6]+0.145*[#   7]
          +0.145*[#   8]+0.060*[#   1]+0.060*[#   5]
    |psi|^2 = 0.992
==== e(   4) =     4.03682 eV ==== 
     psi = 0.165*[#   2]+0.165*[#   3]+0.165*[#   4]+0.165*[#   6]+0.165*[#   7]
          +0.165*[#   8]
    |psi|^2 = 0.991
==== e(   5) =     7.81136 eV ==== 
     psi = 0.122*[#   1]+0.122*[#   5]+0.098*[#   2]+0.098*[#   3]+0.098*[#   4]
          +0.098*[#   6]+0.098*[#   7]+0.098*[#   8]
    |psi|^2 = 0.834
==== e(   6) =    10.69225 eV ==== 
     psi = 0.086*[#   2]+0.086*[#   3]+0.086*[#   4]+0.086*[#   6]+0.086*[#   7]
          +0.086*[#   8]+0.080*[#   1]+0.080*[#   5]
    |psi|^2 = 0.678
==== e(   7) =    11.02103 eV ==== 
     psi = 0.103*[#   1]+0.103*[#   5]+0.068*[#   2]+0.068*[#   3]+0.068*[#   4]
          +0.068*[#   6]+0.068*[#   7]+0.068*[#   8]
    |psi|^2 = 0.614
==== e(   8) =    11.18273 eV ==== 
     psi = 0.120*[#   2]+0.120*[#   3]+0.120*[#   4]+0.120*[#   6]+0.120*[#   7]
          +0.120*[#   8]
    |psi|^2 = 0.718

 k =  -0.1885618083 -0.4714045208  0.4714045208
==== e(   1) =    -3.15645 eV ==== 
     psi = 0.353*[#   1]+0.353*[#   5]+0.048*[#   2]+0.048*[#   3]+0.048*[#   4]
          +0.048*[#   6]+0.048*[#   7]+0.048*[#   8]
    |psi|^2 = 0.996
==== e(   2) =    -0.65982 eV ==== 
     psi = 0.175*[#   1]+0.175*[#   5]+0.107*[#   2]+0.107*[#   3]+0.107*[#   4]
          +0.107*[#   6]+0.107*[#   7]+0.107*[#   8]
    |psi|^2 = 0.990
==== e(   3) =     2.78343 eV ==== 
     psi = 0.145*[#   2]+0.145*[#   3]+0.145*[#   4]+0.145*[#   6]+0.145*[#   7]
          +0.145*[#   8]+0.061*[#   1]+0.061*[#   5]
    |psi|^2 = 0.992
==== e(   4) =     4.13044 eV ==== 
     psi = 0.165*[#   2]+0.165*[#   3]+0.165*[#   4]+0.165*[#   6]+0.165*[#   7]
          +0.165*[#   8]
    |psi|^2 = 0.991
==== e(   5) =     7.88851 eV ==== 
     psi = 0.123*[#   1]+0.123*[#   5]+0.097*[#   2]+0.097*[#   3]+0.097*[#   4]
          +0.097*[#   6]+0.097*[#   7]+0.097*[#   8]
    |psi|^2 = 0.830
==== e(   6) =    10.58648 eV ==== 
     psi = 0.101*[#   1]+0.101*[#   5]+0.084*[#   2]+0.084*[#   3]+0.084*[#   4]
          +0.084*[#   6]+0.084*[#   7]+0.084*[#   8]
    |psi|^2 = 0.706
==== e(   7) =    10.96292 eV ==== 
     psi = 0.119*[#   2]+0.119*[#   3]+0.119*[#   4]+0.119*[#   6]+0.119*[#   7]
          +0.119*[#   8]
    |psi|^2 = 0.712
==== e(   8) =    12.19538 eV ==== 
     psi = 0.075*[#   1]+0.075*[#   5]+0.057*[#   2]+0.057*[#   3]+0.057*[#   4]
          +0.057*[#   6]+0.057*[#   7]+0.057*[#   8]
    |psi|^2 = 0.493

 k =  -0.1414213562 -0.4242640687  0.4242640687
==== e(   1) =    -3.16888 eV ==== 
     psi = 0.354*[#   1]+0.354*[#   5]+0.048*[#   2]+0.048*[#   3]+0.048*[#   4]
          +0.048*[#   6]+0.048*[#   7]+0.048*[#   8]
    |psi|^2 = 0.996
==== e(   2) =    -0.63871 eV ==== 
     psi = 0.173*[#   1]+0.173*[#   5]+0.107*[#   2]+0.107*[#   3]+0.107*[#   4]
          +0.107*[#   6]+0.107*[#   7]+0.107*[#   8]
    |psi|^2 = 0.990
==== e(   3) =     2.61525 eV ==== 
     psi = 0.146*[#   2]+0.146*[#   3]+0.146*[#   4]+0.146*[#   6]+0.146*[#   7]
          +0.146*[#   8]+0.059*[#   1]+0.059*[#   5]
    |psi|^2 = 0.992
==== e(   4) =     4.30590 eV ==== 
     psi = 0.165*[#   2]+0.165*[#   3]+0.165*[#   4]+0.165*[#   6]+0.165*[#   7]
          +0.165*[#   8]
    |psi|^2 = 0.990
==== e(   5) =     8.04827 eV ==== 
     psi = 0.121*[#   1]+0.121*[#   5]+0.099*[#   2]+0.099*[#   3]+0.099*[#   4]
          +0.099*[#   6]+0.099*[#   7]+0.099*[#   8]
    |psi|^2 = 0.834
==== e(   6) =    10.53849 eV ==== 
     psi = 0.107*[#   1]+0.107*[#   5]+0.082*[#   2]+0.082*[#   3]+0.082*[#   4]
          +0.082*[#   6]+0.082*[#   7]+0.082*[#   8]
    |psi|^2 = 0.704
==== e(   7) =    10.77181 eV ==== 
     psi = 0.122*[#   2]+0.122*[#   3]+0.122*[#   4]+0.122*[#   6]+0.122*[#   7]
          +0.122*[#   8]
    |psi|^2 = 0.732
==== e(   8) =    13.48732 eV ==== 
     psi = 0.050*[#   1]+0.050*[#   5]+0.040*[#   2]+0.040*[#   3]+0.040*[#   4]
          +0.040*[#   6]+0.040*[#   7]+0.040*[#   8]
    |psi|^2 = 0.341

 k =  -0.0942809042 -0.3771236166  0.3771236166
==== e(   1) =    -3.56051 eV ==== 
     psi = 0.344*[#   1]+0.344*[#   5]+0.051*[#   2]+0.051*[#   3]+0.051*[#   4]
          +0.051*[#   6]+0.051*[#   7]+0.051*[#   8]
    |psi|^2 = 0.996
==== e(   2) =    -0.06655 eV ==== 
     psi = 0.188*[#   1]+0.188*[#   5]+0.102*[#   2]+0.102*[#   3]+0.102*[#   4]
          +0.102*[#   6]+0.102*[#   7]+0.102*[#   8]
    |psi|^2 = 0.991
==== e(   3) =     2.56820 eV ==== 
     psi = 0.147*[#   2]+0.147*[#   3]+0.147*[#   4]+0.147*[#   6]+0.147*[#   7]
          +0.147*[#   8]+0.054*[#   1]+0.054*[#   5]
    |psi|^2 = 0.991
==== e(   4) =     4.55174 eV ==== 
     psi = 0.165*[#   2]+0.165*[#   3]+0.165*[#   4]+0.165*[#   6]+0.165*[#   7]
          +0.165*[#   8]
    |psi|^2 = 0.989
==== e(   5) =     8.28810 eV ==== 
     psi = 0.118*[#   1]+0.118*[#   5]+0.101*[#   2]+0.101*[#   3]+0.101*[#   4]
          +0.101*[#   6]+0.101*[#   7]+0.101*[#   8]
    |psi|^2 = 0.843
==== e(   6) =    10.54498 eV ==== 
     psi = 0.103*[#   1]+0.103*[#   5]+0.083*[#   2]+0.083*[#   3]+0.083*[#   4]
          +0.083*[#   6]+0.083*[#   7]+0.083*[#   8]
    |psi|^2 = 0.707
==== e(   7) =    10.59774 eV ==== 
     psi = 0.131*[#   2]+0.131*[#   3]+0.131*[#   4]+0.131*[#   6]+0.131*[#   7]
          +0.131*[#   8]
    |psi|^2 = 0.787
==== e(   8) =    13.13318 eV ==== 
     psi = 0.098*[#   1]+0.098*[#   5]+0.061*[#   2]+0.061*[#   3]+0.061*[#   4]
          +0.061*[#   6]+0.061*[#   7]+0.061*[#   8]
    |psi|^2 = 0.563

 k =  -0.0471404521 -0.3299831646  0.3299831646
==== e(   1) =    -4.05225 eV ==== 
     psi = 0.344*[#   1]+0.344*[#   5]+0.051*[#   2]+0.051*[#   3]+0.051*[#   4]
          +0.051*[#   6]+0.051*[#   7]+0.051*[#   8]
    |psi|^2 = 0.995
==== e(   2) =     0.74024 eV ==== 
     psi = 0.196*[#   1]+0.196*[#   5]+0.100*[#   2]+0.100*[#   3]+0.100*[#   4]
          +0.100*[#   6]+0.100*[#   7]+0.100*[#   8]
    |psi|^2 = 0.991
==== e(   3) =     2.68122 eV ==== 
     psi = 0.149*[#   2]+0.149*[#   3]+0.149*[#   4]+0.149*[#   6]+0.149*[#   7]
          +0.149*[#   8]+0.047*[#   1]+0.047*[#   5]
    |psi|^2 = 0.990
==== e(   4) =     4.84746 eV ==== 
     psi = 0.165*[#   2]+0.165*[#   3]+0.165*[#   4]+0.165*[#   6]+0.165*[#   7]
          +0.165*[#   8]
    |psi|^2 = 0.987
==== e(   5) =     8.57727 eV ==== 
     psi = 0.117*[#   1]+0.117*[#   5]+0.105*[#   2]+0.105*[#   3]+0.105*[#   4]
          +0.105*[#   6]+0.105*[#   7]+0.105*[#   8]
    |psi|^2 = 0.861
==== e(   6) =    10.35745 eV ==== 
     psi = 0.147*[#   2]+0.147*[#   3]+0.147*[#   4]+0.147*[#   6]+0.147*[#   7]
          +0.147*[#   8]
    |psi|^2 = 0.880
==== e(   7) =    10.54148 eV ==== 
     psi = 0.092*[#   2]+0.092*[#   3]+0.092*[#   4]+0.092*[#   6]+0.092*[#   7]
          +0.092*[#   8]+0.089*[#   1]+0.089*[#   5]
    |psi|^2 = 0.729
==== e(   8) =    12.14558 eV ==== 
     psi = 0.129*[#   1]+0.129*[#   5]+0.067*[#   2]+0.067*[#   3]+0.067*[#   4]
          +0.067*[#   6]+0.067*[#   7]+0.067*[#   8]
    |psi|^2 = 0.659

 k =   0.0000000000 -0.2828427125  0.2828427125
==== e(   1) =    -4.50857 eV ==== 
     psi = 0.354*[#   1]+0.354*[#   5]+0.048*[#   2]+0.048*[#   3]+0.048*[#   4]
          +0.048*[#   6]+0.048*[#   7]+0.048*[#   8]
    |psi|^2 = 0.995
==== e(   2) =     1.53787 eV ==== 
     psi = 0.190*[#   1]+0.190*[#   5]+0.102*[#   2]+0.102*[#   3]+0.102*[#   4]
          +0.102*[#   6]+0.102*[#   7]+0.102*[#   8]
    |psi|^2 = 0.990
==== e(   3) =     3.05162 eV ==== 
     psi = 0.151*[#   2]+0.151*[#   3]+0.151*[#   4]+0.151*[#   6]+0.151*[#   7]
          +0.151*[#   8]+0.042*[#   1]+0.042*[#   5]
    |psi|^2 = 0.989
==== e(   4) =     5.15610 eV ==== 
     psi = 0.164*[#   2]+0.164*[#   3]+0.164*[#   4]+0.164*[#   6]+0.164*[#   7]
          +0.164*[#   8]
    |psi|^2 = 0.985
==== e(   5) =     8.83887 eV ==== 
     psi = 0.124*[#   1]+0.124*[#   5]+0.107*[#   2]+0.107*[#   3]+0.107*[#   4]
          +0.107*[#   6]+0.107*[#   7]+0.107*[#   8]
    |psi|^2 = 0.891
==== e(   6) =     9.95371 eV ==== 
     psi = 0.155*[#   2]+0.155*[#   3]+0.155*[#   4]+0.155*[#   6]+0.155*[#   7]
          +0.155*[#   8]
    |psi|^2 = 0.931
==== e(   7) =    10.26297 eV ==== 
     psi = 0.107*[#   2]+0.107*[#   3]+0.107*[#   4]+0.107*[#   6]+0.107*[#   7]
          +0.107*[#   8]+0.079*[#   1]+0.079*[#   5]
    |psi|^2 = 0.799
==== e(   8) =    11.64627 eV ==== 
     psi = 0.137*[#   1]+0.137*[#   5]+0.062*[#   2]+0.062*[#   3]+0.062*[#   4]
          +0.062*[#   6]+0.062*[#   7]+0.062*[#   8]
    |psi|^2 = 0.647

 k =   0.3771236166  0.0000000000  0.0000000000
==== e(   1) =    -4.62538 eV ==== 
     psi = 0.349*[#   1]+0.349*[#   5]+0.050*[#   2]+0.050*[#   3]+0.050*[#   4]
          +0.050*[#   6]+0.050*[#   7]+0.050*[#   8]
    |psi|^2 = 0.995
==== e(   2) =     2.17109 eV ==== 
     psi = 0.227*[#   1]+0.227*[#   5]+0.089*[#   2]+0.089*[#   3]+0.089*[#   4]
          +0.089*[#   6]+0.089*[#   7]+0.089*[#   8]
    |psi|^2 = 0.987
==== e(   3) =     4.01845 eV ==== 
     psi = 0.165*[#   2]+0.165*[#   3]+0.165*[#   4]+0.165*[#   6]+0.165*[#   7]
          +0.165*[#   8]
    |psi|^2 = 0.990
==== e(   4) =     4.01845 eV ==== 
     psi = 0.165*[#   2]+0.165*[#   3]+0.165*[#   4]+0.165*[#   6]+0.165*[#   7]
          +0.165*[#   8]
    |psi|^2 = 0.990
==== e(   5) =     7.04528 eV ==== 
     psi = 0.139*[#   1]+0.139*[#   5]+0.111*[#   2]+0.111*[#   3]+0.111*[#   4]
          +0.111*[#   6]+0.111*[#   7]+0.111*[#   8]
    |psi|^2 = 0.944
==== e(   6) =     8.88648 eV ==== 
     psi = 0.126*[#   1]+0.126*[#   5]+0.046*[#   2]+0.046*[#   3]+0.046*[#   4]
          +0.046*[#   6]+0.046*[#   7]+0.046*[#   8]
    |psi|^2 = 0.529
==== e(   7) =    11.97138 eV ==== 
     psi = 0.142*[#   2]+0.142*[#   3]+0.142*[#   4]+0.142*[#   6]+0.142*[#   7]
          +0.142*[#   8]
    |psi|^2 = 0.854
==== e(   8) =    11.97138 eV ==== 
     psi = 0.142*[#   2]+0.142*[#   3]+0.142*[#   4]+0.142*[#   6]+0.142*[#   7]
          +0.142*[#   8]
    |psi|^2 = 0.854

 k =   0.4242640687  0.0471404521 -0.0471404521
==== e(   1) =    -4.27810 eV ==== 
     psi = 0.335*[#   1]+0.335*[#   5]+0.054*[#   2]+0.054*[#   3]+0.054*[#   4]
          +0.054*[#   6]+0.054*[#   7]+0.054*[#   8]
    |psi|^2 = 0.995
==== e(   2) =     1.49123 eV ==== 
     psi = 0.235*[#   1]+0.235*[#   5]+0.086*[#   2]+0.086*[#   3]+0.086*[#   4]
          +0.086*[#   6]+0.086*[#   7]+0.086*[#   8]
    |psi|^2 = 0.989
==== e(   3) =     3.67061 eV ==== 
     psi = 0.161*[#   2]+0.161*[#   3]+0.161*[#   4]+0.161*[#   6]+0.161*[#   7]
          +0.161*[#   8]+0.011*[#   1]+0.011*[#   5]
    |psi|^2 = 0.991
==== e(   4) =     3.82925 eV ==== 
     psi = 0.165*[#   2]+0.165*[#   3]+0.165*[#   4]+0.165*[#   6]+0.165*[#   7]
          +0.165*[#   8]
    |psi|^2 = 0.992
==== e(   5) =     7.08803 eV ==== 
     psi = 0.139*[#   1]+0.139*[#   5]+0.109*[#   2]+0.109*[#   3]+0.109*[#   4]
          +0.109*[#   6]+0.109*[#   7]+0.109*[#   8]
    |psi|^2 = 0.931
==== e(   6) =     8.58411 eV ==== 
     psi = 0.126*[#   1]+0.126*[#   5]+0.051*[#   2]+0.051*[#   3]+0.051*[#   4]
          +0.051*[#   6]+0.051*[#   7]+0.051*[#   8]
    |psi|^2 = 0.557
==== e(   7) =    12.24952 eV ==== 
     psi = 0.126*[#   2]+0.126*[#   3]+0.126*[#   4]+0.126*[#   6]+0.126*[#   7]
          +0.126*[#   8]+0.023*[#   1]+0.023*[#   5]
    |psi|^2 = 0.803
==== e(   8) =    12.38789 eV ==== 
     psi = 0.134*[#   2]+0.134*[#   3]+0.134*[#   4]+0.134*[#   6]+0.134*[#   7]
          +0.134*[#   8]
    |psi|^2 = 0.805

 k =   0.4714045208  0.0942809042 -0.0942809042
==== e(   1) =    -3.84163 eV ==== 
     psi = 0.325*[#   1]+0.325*[#   5]+0.057*[#   2]+0.057*[#   3]+0.057*[#   4]
          +0.057*[#   6]+0.057*[#   7]+0.057*[#   8]
    |psi|^2 = 0.995
==== e(   2) =     0.73096 eV ==== 
     psi = 0.239*[#   1]+0.239*[#   5]+0.085*[#   2]+0.085*[#   3]+0.085*[#   4]
          +0.085*[#   6]+0.085*[#   7]+0.085*[#   8]
    |psi|^2 = 0.991
==== e(   3) =     3.16146 eV ==== 
     psi = 0.157*[#   2]+0.157*[#   3]+0.157*[#   4]+0.157*[#   6]+0.157*[#   7]
          +0.157*[#   8]+0.025*[#   1]+0.025*[#   5]
    |psi|^2 = 0.992
==== e(   4) =     3.72790 eV ==== 
     psi = 0.165*[#   2]+0.165*[#   3]+0.165*[#   4]+0.165*[#   6]+0.165*[#   7]
          +0.165*[#   8]
    |psi|^2 = 0.992
==== e(   5) =     7.29874 eV ==== 
     psi = 0.132*[#   1]+0.132*[#   5]+0.103*[#   2]+0.103*[#   3]+0.103*[#   4]
          +0.103*[#   6]+0.103*[#   7]+0.103*[#   8]
    |psi|^2 = 0.883
==== e(   6) =     8.78199 eV ==== 
     psi = 0.120*[#   1]+0.120*[#   5]+0.060*[#   2]+0.060*[#   3]+0.060*[#   4]
          +0.060*[#   6]+0.060*[#   7]+0.060*[#   8]
    |psi|^2 = 0.602
==== e(   7) =    12.18445 eV ==== 
     psi = 0.109*[#   2]+0.109*[#   3]+0.109*[#   4]+0.109*[#   6]+0.109*[#   7]
          +0.109*[#   8]+0.054*[#   1]+0.054*[#   5]
    |psi|^2 = 0.760
==== e(   8) =    12.44051 eV ==== 
     psi = 0.122*[#   2]+0.122*[#   3]+0.122*[#   4]+0.122*[#   6]+0.122*[#   7]
          +0.122*[#   8]
    |psi|^2 = 0.730

 k =   0.5185449729  0.1414213562 -0.1414213562
==== e(   1) =    -3.34954 eV ==== 
     psi = 0.323*[#   1]+0.323*[#   5]+0.058*[#   2]+0.058*[#   3]+0.058*[#   4]
          +0.058*[#   6]+0.058*[#   7]+0.058*[#   8]
    |psi|^2 = 0.995
==== e(   2) =    -0.01090 eV ==== 
     psi = 0.237*[#   1]+0.237*[#   5]+0.086*[#   2]+0.086*[#   3]+0.086*[#   4]
          +0.086*[#   6]+0.086*[#   7]+0.086*[#   8]
    |psi|^2 = 0.992
==== e(   3) =     2.66061 eV ==== 
     psi = 0.155*[#   2]+0.155*[#   3]+0.155*[#   4]+0.155*[#   6]+0.155*[#   7]
          +0.155*[#   8]+0.032*[#   1]+0.032*[#   5]
    |psi|^2 = 0.993
==== e(   4) =     3.71869 eV ==== 
     psi = 0.165*[#   2]+0.165*[#   3]+0.165*[#   4]+0.165*[#   6]+0.165*[#   7]
          +0.165*[#   8]
    |psi|^2 = 0.992
==== e(   5) =     7.39390 eV ==== 
     psi = 0.130*[#   1]+0.130*[#   5]+0.097*[#   2]+0.097*[#   3]+0.097*[#   4]
          +0.097*[#   6]+0.097*[#   7]+0.097*[#   8]
    |psi|^2 = 0.839
==== e(   6) =     9.54792 eV ==== 
     psi = 0.103*[#   1]+0.103*[#   5]+0.066*[#   2]+0.066*[#   3]+0.066*[#   4]
          +0.066*[#   6]+0.066*[#   7]+0.066*[#   8]
    |psi|^2 = 0.601
==== e(   7) =    12.03991 eV ==== 
     psi = 0.097*[#   2]+0.097*[#   3]+0.097*[#   4]+0.097*[#   6]+0.097*[#   7]
          +0.097*[#   8]+0.080*[#   1]+0.080*[#   5]
    |psi|^2 = 0.740
==== e(   8) =    12.27118 eV ==== 
     psi = 0.114*[#   2]+0.114*[#   3]+0.114*[#   4]+0.114*[#   6]+0.114*[#   7]
          +0.114*[#   8]
    |psi|^2 = 0.687

 k =  -0.1414213562 -0.5185449729  0.5185449729
==== e(   1) =    -2.90346 eV ==== 
     psi = 0.332*[#   1]+0.332*[#   5]+0.055*[#   2]+0.055*[#   3]+0.055*[#   4]
          +0.055*[#   6]+0.055*[#   7]+0.055*[#   8]
    |psi|^2 = 0.996
==== e(   2) =    -0.59952 eV ==== 
     psi = 0.225*[#   1]+0.225*[#   5]+0.090*[#   2]+0.090*[#   3]+0.090*[#   4]
          +0.090*[#   6]+0.090*[#   7]+0.090*[#   8]
    |psi|^2 = 0.992
==== e(   3) =     2.25997 eV ==== 
     psi = 0.154*[#   2]+0.154*[#   3]+0.154*[#   4]+0.154*[#   6]+0.154*[#   7]
          +0.154*[#   8]+0.033*[#   1]+0.033*[#   5]
    |psi|^2 = 0.993
==== e(   4) =     3.80128 eV ==== 
     psi = 0.165*[#   2]+0.165*[#   3]+0.165*[#   4]+0.165*[#   6]+0.165*[#   7]
          +0.165*[#   8]
    |psi|^2 = 0.992
==== e(   5) =     7.48715 eV ==== 
     psi = 0.125*[#   1]+0.125*[#   5]+0.096*[#   2]+0.096*[#   3]+0.096*[#   4]
          +0.096*[#   6]+0.096*[#   7]+0.096*[#   8]
    |psi|^2 = 0.829
==== e(   6) =    10.63381 eV ==== 
     psi = 0.075*[#   1]+0.075*[#   5]+0.056*[#   2]+0.056*[#   3]+0.056*[#   4]
          +0.056*[#   6]+0.056*[#   7]+0.056*[#   8]
    |psi|^2 = 0.485
==== e(   7) =    11.91786 eV ==== 
     psi = 0.107*[#   1]+0.107*[#   5]+0.092*[#   2]+0.092*[#   3]+0.092*[#   4]
          +0.092*[#   6]+0.092*[#   7]+0.092*[#   8]
    |psi|^2 = 0.766
==== e(   8) =    12.03363 eV ==== 
     psi = 0.113*[#   2]+0.113*[#   3]+0.113*[#   4]+0.113*[#   6]+0.113*[#   7]
          +0.113*[#   8]
    |psi|^2 = 0.680

 k =  -0.0942809042 -0.4714045208  0.4714045208
==== e(   1) =    -2.77735 eV ==== 
     psi = 0.342*[#   1]+0.342*[#   5]+0.052*[#   2]+0.052*[#   3]+0.052*[#   4]
          +0.052*[#   6]+0.052*[#   7]+0.052*[#   8]
    |psi|^2 = 0.996
==== e(   2) =    -0.74697 eV ==== 
     psi = 0.214*[#   1]+0.214*[#   5]+0.094*[#   2]+0.094*[#   3]+0.094*[#   4]
          +0.094*[#   6]+0.094*[#   7]+0.094*[#   8]
    |psi|^2 = 0.992
==== e(   3) =     2.00092 eV ==== 
     psi = 0.155*[#   2]+0.155*[#   3]+0.155*[#   4]+0.155*[#   6]+0.155*[#   7]
          +0.155*[#   8]+0.031*[#   1]+0.031*[#   5]
    |psi|^2 = 0.993
==== e(   4) =     3.97105 eV ==== 
     psi = 0.165*[#   2]+0.165*[#   3]+0.165*[#   4]+0.165*[#   6]+0.165*[#   7]
          +0.165*[#   8]
    |psi|^2 = 0.992
==== e(   5) =     7.66081 eV ==== 
     psi = 0.118*[#   1]+0.118*[#   5]+0.099*[#   2]+0.099*[#   3]+0.099*[#   4]
          +0.099*[#   6]+0.099*[#   7]+0.099*[#   8]
    |psi|^2 = 0.829
==== e(   6) =    11.61413 eV ==== 
     psi = 0.038*[#   1]+0.038*[#   5]+0.033*[#   2]+0.033*[#   3]+0.033*[#   4]
          +0.033*[#   6]+0.033*[#   7]+0.033*[#   8]
    |psi|^2 = 0.277
==== e(   7) =    11.79044 eV ==== 
     psi = 0.119*[#   2]+0.119*[#   3]+0.119*[#   4]+0.119*[#   6]+0.119*[#   7]
          +0.119*[#   8]
    |psi|^2 = 0.715
==== e(   8) =    12.11920 eV ==== 
     psi = 0.130*[#   1]+0.130*[#   5]+0.095*[#   2]+0.095*[#   3]+0.095*[#   4]
          +0.095*[#   6]+0.095*[#   7]+0.095*[#   8]
    |psi|^2 = 0.828

 k =  -0.0471404521 -0.4242640687  0.4242640687
==== e(   1) =    -3.10143 eV ==== 
     psi = 0.337*[#   1]+0.337*[#   5]+0.054*[#   2]+0.054*[#   3]+0.054*[#   4]
          +0.054*[#   6]+0.054*[#   7]+0.054*[#   8]
    |psi|^2 = 0.996
==== e(   2) =    -0.34076 eV ==== 
     psi = 0.223*[#   1]+0.223*[#   5]+0.091*[#   2]+0.091*[#   3]+0.091*[#   4]
          +0.091*[#   6]+0.091*[#   7]+0.091*[#   8]
    |psi|^2 = 0.993
==== e(   3) =     1.92516 eV ==== 
     psi = 0.156*[#   2]+0.156*[#   3]+0.156*[#   4]+0.156*[#   6]+0.156*[#   7]
          +0.156*[#   8]+0.028*[#   1]+0.028*[#   5]
    |psi|^2 = 0.992
==== e(   4) =     4.21775 eV ==== 
     psi = 0.165*[#   2]+0.165*[#   3]+0.165*[#   4]+0.165*[#   6]+0.165*[#   7]
          +0.165*[#   8]
    |psi|^2 = 0.991
==== e(   5) =     7.92570 eV ==== 
     psi = 0.109*[#   1]+0.109*[#   5]+0.102*[#   2]+0.102*[#   3]+0.102*[#   4]
          +0.102*[#   6]+0.102*[#   7]+0.102*[#   8]
    |psi|^2 = 0.831
==== e(   6) =    11.50953 eV ==== 
     psi = 0.135*[#   2]+0.135*[#   3]+0.135*[#   4]+0.135*[#   6]+0.135*[#   7]
          +0.135*[#   8]
    |psi|^2 = 0.811
==== e(   7) =    11.65375 eV ==== 
     psi = 0.078*[#   1]+0.078*[#   5]+0.058*[#   2]+0.058*[#   3]+0.058*[#   4]
          +0.058*[#   6]+0.058*[#   7]+0.058*[#   8]
    |psi|^2 = 0.506
==== e(   8) =    13.03919 eV ==== 
     psi = 0.087*[#   1]+0.087*[#   5]+0.051*[#   2]+0.051*[#   3]+0.051*[#   4]
          +0.051*[#   6]+0.051*[#   7]+0.051*[#   8]
    |psi|^2 = 0.480

 k =  -0.0000000000 -0.3771236166  0.3771236166
==== e(   1) =    -3.58479 eV ==== 
     psi = 0.336*[#   1]+0.336*[#   5]+0.054*[#   2]+0.054*[#   3]+0.054*[#   4]
          +0.054*[#   6]+0.054*[#   7]+0.054*[#   8]
    |psi|^2 = 0.995
==== e(   2) =     0.25073 eV ==== 
     psi = 0.221*[#   1]+0.221*[#   5]+0.092*[#   2]+0.092*[#   3]+0.092*[#   4]
          +0.092*[#   6]+0.092*[#   7]+0.092*[#   8]
    |psi|^2 = 0.993
==== e(   3) =     2.11714 eV ==== 
     psi = 0.155*[#   2]+0.155*[#   3]+0.155*[#   4]+0.155*[#   6]+0.155*[#   7]
          +0.155*[#   8]+0.031*[#   1]+0.031*[#   5]
    |psi|^2 = 0.991
==== e(   4) =     4.52198 eV ==== 
     psi = 0.165*[#   2]+0.165*[#   3]+0.165*[#   4]+0.165*[#   6]+0.165*[#   7]
          +0.165*[#   8]
    |psi|^2 = 0.989
==== e(   5) =     8.25737 eV ==== 
     psi = 0.105*[#   2]+0.105*[#   3]+0.105*[#   4]+0.105*[#   6]+0.105*[#   7]
          +0.105*[#   8]+0.104*[#   1]+0.104*[#   5]
    |psi|^2 = 0.838
==== e(   6) =    11.03510 eV ==== 
     psi = 0.150*[#   2]+0.150*[#   3]+0.150*[#   4]+0.150*[#   6]+0.150*[#   7]
          +0.150*[#   8]
    |psi|^2 = 0.899
==== e(   7) =    11.38142 eV ==== 
     psi = 0.072*[#   2]+0.072*[#   3]+0.072*[#   4]+0.072*[#   6]+0.072*[#   7]
          +0.072*[#   8]+0.072*[#   1]+0.072*[#   5]
    |psi|^2 = 0.576
==== e(   8) =    12.22982 eV ==== 
     psi = 0.144*[#   1]+0.144*[#   5]+0.072*[#   2]+0.072*[#   3]+0.072*[#   4]
          +0.072*[#   6]+0.072*[#   7]+0.072*[#   8]
    |psi|^2 = 0.722

 k =   0.4714045208  0.0000000000  0.0000000000
==== e(   1) =    -3.96228 eV ==== 
     psi = 0.323*[#   1]+0.323*[#   5]+0.058*[#   2]+0.058*[#   3]+0.058*[#   4]
          +0.058*[#   6]+0.058*[#   7]+0.058*[#   8]
    |psi|^2 = 0.995
==== e(   2) =     0.99417 eV ==== 
     psi = 0.249*[#   1]+0.249*[#   5]+0.082*[#   2]+0.082*[#   3]+0.082*[#   4]
          +0.082*[#   6]+0.082*[#   7]+0.082*[#   8]
    |psi|^2 = 0.990
==== e(   3) =     3.61797 eV ==== 
     psi = 0.165*[#   2]+0.165*[#   3]+0.165*[#   4]+0.165*[#   6]+0.165*[#   7]
          +0.165*[#   8]
    |psi|^2 = 0.993
==== e(   4) =     3.61797 eV ==== 
     psi = 0.165*[#   2]+0.165*[#   3]+0.165*[#   4]+0.165*[#   6]+0.165*[#   7]
          +0.165*[#   8]
    |psi|^2 = 0.993
==== e(   5) =     6.74781 eV ==== 
     psi = 0.159*[#   1]+0.159*[#   5]+0.102*[#   2]+0.102*[#   3]+0.102*[#   4]
          +0.102*[#   6]+0.102*[#   7]+0.102*[#   8]
    |psi|^2 = 0.929
==== e(   6) =     8.01315 eV ==== 
     psi = 0.134*[#   1]+0.134*[#   5]+0.056*[#   2]+0.056*[#   3]+0.056*[#   4]
          +0.056*[#   6]+0.056*[#   7]+0.056*[#   8]
    |psi|^2 = 0.604
==== e(   7) =    13.16395 eV ==== 
     psi = 0.133*[#   2]+0.133*[#   3]+0.133*[#   4]+0.133*[#   6]+0.133*[#   7]
          +0.133*[#   8]
    |psi|^2 = 0.797
==== e(   8) =    13.16395 eV ==== 
     psi = 0.133*[#   2]+0.133*[#   3]+0.133*[#   4]+0.133*[#   6]+0.133*[#   7]
          +0.133*[#   8]
    |psi|^2 = 0.797

 k =   0.5185449729  0.0471404521 -0.0471404521
==== e(   1) =    -3.55260 eV ==== 
     psi = 0.314*[#   1]+0.314*[#   5]+0.061*[#   2]+0.061*[#   3]+0.061*[#   4]
          +0.061*[#   6]+0.061*[#   7]+0.061*[#   8]
    |psi|^2 = 0.994
==== e(   2) =     0.37878 eV ==== 
     psi = 0.258*[#   1]+0.258*[#   5]+0.079*[#   2]+0.079*[#   3]+0.079*[#   4]
          +0.079*[#   6]+0.079*[#   7]+0.079*[#   8]
    |psi|^2 = 0.991
==== e(   3) =     3.27395 eV ==== 
     psi = 0.163*[#   2]+0.163*[#   3]+0.163*[#   4]+0.163*[#   6]+0.163*[#   7]
          +0.163*[#   8]+0.007*[#   1]+0.007*[#   5]
    |psi|^2 = 0.993
==== e(   4) =     3.49396 eV ==== 
     psi = 0.166*[#   2]+0.166*[#   3]+0.166*[#   4]+0.166*[#   6]+0.166*[#   7]
          +0.166*[#   8]
    |psi|^2 = 0.993
==== e(   5) =     6.85120 eV ==== 
     psi = 0.155*[#   1]+0.155*[#   5]+0.100*[#   2]+0.100*[#   3]+0.100*[#   4]
          +0.100*[#   6]+0.100*[#   7]+0.100*[#   8]
    |psi|^2 = 0.908
==== e(   6) =     7.83762 eV ==== 
     psi = 0.138*[#   1]+0.138*[#   5]+0.063*[#   2]+0.063*[#   3]+0.063*[#   4]
          +0.063*[#   6]+0.063*[#   7]+0.063*[#   8]
    |psi|^2 = 0.652
==== e(   7) =    13.46530 eV ==== 
     psi = 0.117*[#   2]+0.117*[#   3]+0.117*[#   4]+0.117*[#   6]+0.117*[#   7]
          +0.117*[#   8]+0.019*[#   1]+0.019*[#   5]
    |psi|^2 = 0.742
==== e(   8) =    13.52257 eV ==== 
     psi = 0.122*[#   2]+0.122*[#   3]+0.122*[#   4]+0.122*[#   6]+0.122*[#   7]
          +0.122*[#   8]
    |psi|^2 = 0.731

 k =   0.5656854249  0.0942809042 -0.0942809042
==== e(   1) =    -3.07175 eV ==== 
     psi = 0.309*[#   1]+0.309*[#   5]+0.063*[#   2]+0.063*[#   3]+0.063*[#   4]
          +0.063*[#   6]+0.063*[#   7]+0.063*[#   8]
    |psi|^2 = 0.994
==== e(   2) =    -0.24364 eV ==== 
     psi = 0.265*[#   1]+0.265*[#   5]+0.077*[#   2]+0.077*[#   3]+0.077*[#   4]
          +0.077*[#   6]+0.077*[#   7]+0.077*[#   8]
    |psi|^2 = 0.992
==== e(   3) =     2.71729 eV ==== 
     psi = 0.161*[#   2]+0.161*[#   3]+0.161*[#   4]+0.161*[#   6]+0.161*[#   7]
          +0.161*[#   8]+0.012*[#   1]+0.012*[#   5]
    |psi|^2 = 0.993
==== e(   4) =     3.46305 eV ==== 
     psi = 0.166*[#   2]+0.166*[#   3]+0.166*[#   4]+0.166*[#   6]+0.166*[#   7]
          +0.166*[#   8]
    |psi|^2 = 0.994
==== e(   5) =     7.03554 eV ==== 
     psi = 0.147*[#   1]+0.147*[#   5]+0.093*[#   2]+0.093*[#   3]+0.093*[#   4]
          +0.093*[#   6]+0.093*[#   7]+0.093*[#   8]
    |psi|^2 = 0.854
==== e(   6) =     8.27457 eV ==== 
     psi = 0.128*[#   1]+0.128*[#   5]+0.073*[#   2]+0.073*[#   3]+0.073*[#   4]
          +0.073*[#   6]+0.073*[#   7]+0.073*[#   8]
    |psi|^2 = 0.696
==== e(   7) =    13.42026 eV ==== 
     psi = 0.099*[#   2]+0.099*[#   3]+0.099*[#   4]+0.099*[#   6]+0.099*[#   7]
          +0.099*[#   8]+0.046*[#   1]+0.046*[#   5]
    |psi|^2 = 0.685
==== e(   8) =    13.47242 eV ==== 
     psi = 0.111*[#   2]+0.111*[#   3]+0.111*[#   4]+0.111*[#   6]+0.111*[#   7]
          +0.111*[#   8]
    |psi|^2 = 0.668

 k =  -0.0942809042 -0.5656854249  0.5656854249
==== e(   1) =    -2.58887 eV ==== 
     psi = 0.313*[#   1]+0.313*[#   5]+0.061*[#   2]+0.061*[#   3]+0.061*[#   4]
          +0.061*[#   6]+0.061*[#   7]+0.061*[#   8]
    |psi|^2 = 0.995
==== e(   2) =    -0.78790 eV ==== 
     psi = 0.266*[#   1]+0.266*[#   5]+0.077*[#   2]+0.077*[#   3]+0.077*[#   4]
          +0.077*[#   6]+0.077*[#   7]+0.077*[#   8]
    |psi|^2 = 0.993
==== e(   3) =     2.17798 eV ==== 
     psi = 0.162*[#   2]+0.162*[#   3]+0.162*[#   4]+0.162*[#   6]+0.162*[#   7]
          +0.162*[#   8]+0.010*[#   1]+0.010*[#   5]
    |psi|^2 = 0.993
==== e(   4) =     3.52621 eV ==== 
     psi = 0.166*[#   2]+0.166*[#   3]+0.166*[#   4]+0.166*[#   6]+0.166*[#   7]
          +0.166*[#   8]
    |psi|^2 = 0.993
==== e(   5) =     7.14146 eV ==== 
     psi = 0.140*[#   1]+0.140*[#   5]+0.092*[#   2]+0.092*[#   3]+0.092*[#   4]
          +0.092*[#   6]+0.092*[#   7]+0.092*[#   8]
    |psi|^2 = 0.833
==== e(   6) =     9.24140 eV ==== 
     psi = 0.109*[#   1]+0.109*[#   5]+0.072*[#   2]+0.072*[#   3]+0.072*[#   4]
          +0.072*[#   6]+0.072*[#   7]+0.072*[#   8]
    |psi|^2 = 0.653
==== e(   7) =    13.24481 eV ==== 
     psi = 0.110*[#   2]+0.110*[#   3]+0.110*[#   4]+0.110*[#   6]+0.110*[#   7]
          +0.110*[#   8]
    |psi|^2 = 0.660
==== e(   8) =    13.28863 eV ==== 
     psi = 0.084*[#   2]+0.084*[#   3]+0.084*[#   4]+0.084*[#   6]+0.084*[#   7]
          +0.084*[#   8]+0.068*[#   1]+0.068*[#   5]
    |psi|^2 = 0.641

 k =  -0.0471404521 -0.5185449729  0.5185449729
==== e(   1) =    -2.35746 eV ==== 
     psi = 0.329*[#   1]+0.329*[#   5]+0.056*[#   2]+0.056*[#   3]+0.056*[#   4]
          +0.056*[#   6]+0.056*[#   7]+0.056*[#   8]
    |psi|^2 = 0.996
==== e(   2) =    -1.01752 eV ==== 
     psi = 0.254*[#   1]+0.254*[#   5]+0.081*[#   2]+0.081*[#   3]+0.081*[#   4]
          +0.081*[#   6]+0.081*[#   7]+0.081*[#   8]
    |psi|^2 = 0.993
==== e(   3) =     1.79514 eV ==== 
     psi = 0.164*[#   2]+0.164*[#   3]+0.164*[#   4]+0.164*[#   6]+0.164*[#   7]
          +0.164*[#   8]+0.005*[#   1]+0.005*[#   5]
    |psi|^2 = 0.993
==== e(   4) =     3.68016 eV ==== 
     psi = 0.166*[#   2]+0.166*[#   3]+0.166*[#   4]+0.166*[#   6]+0.166*[#   7]
          +0.166*[#   8]
    |psi|^2 = 0.993
==== e(   5) =     7.31131 eV ==== 
     psi = 0.130*[#   1]+0.130*[#   5]+0.095*[#   2]+0.095*[#   3]+0.095*[#   4]
          +0.095*[#   6]+0.095*[#   7]+0.095*[#   8]
    |psi|^2 = 0.831
==== e(   6) =    10.46044 eV ==== 
     psi = 0.082*[#   1]+0.082*[#   5]+0.059*[#   2]+0.059*[#   3]+0.059*[#   4]
          +0.059*[#   6]+0.059*[#   7]+0.059*[#   8]
    |psi|^2 = 0.520
==== e(   7) =    12.93335 eV ==== 
     psi = 0.123*[#   2]+0.123*[#   3]+0.123*[#   4]+0.123*[#   6]+0.123*[#   7]
          +0.123*[#   8]
    |psi|^2 = 0.738
==== e(   8) =    13.16137 eV ==== 
     psi = 0.085*[#   1]+0.085*[#   5]+0.074*[#   2]+0.074*[#   3]+0.074*[#   4]
          +0.074*[#   6]+0.074*[#   7]+0.074*[#   8]
    |psi|^2 = 0.614

 k =  -0.0000000000 -0.4714045208  0.4714045208
==== e(   1) =    -2.63494 eV ==== 
     psi = 0.333*[#   1]+0.333*[#   5]+0.055*[#   2]+0.055*[#   3]+0.055*[#   4]
          +0.055*[#   6]+0.055*[#   7]+0.055*[#   8]
    |psi|^2 = 0.996
==== e(   2) =    -0.72998 eV ==== 
     psi = 0.247*[#   1]+0.247*[#   5]+0.083*[#   2]+0.083*[#   3]+0.083*[#   4]
          +0.083*[#   6]+0.083*[#   7]+0.083*[#   8]
    |psi|^2 = 0.994
==== e(   3) =     1.67327 eV ==== 
     psi = 0.163*[#   2]+0.163*[#   3]+0.163*[#   4]+0.163*[#   6]+0.163*[#   7]
          +0.163*[#   8]+0.007*[#   1]+0.007*[#   5]
    |psi|^2 = 0.992
==== e(   4) =     3.91635 eV ==== 
     psi = 0.165*[#   2]+0.165*[#   3]+0.165*[#   4]+0.165*[#   6]+0.165*[#   7]
          +0.165*[#   8]
    |psi|^2 = 0.992
==== e(   5) =     7.57816 eV ==== 
     psi = 0.117*[#   1]+0.117*[#   5]+0.099*[#   2]+0.099*[#   3]+0.099*[#   4]
          +0.099*[#   6]+0.099*[#   7]+0.099*[#   8]
    |psi|^2 = 0.830
==== e(   6) =    11.77364 eV ==== 
     psi = 0.033*[#   1]+0.033*[#   5]+0.026*[#   2]+0.026*[#   3]+0.026*[#   4]
          +0.026*[#   6]+0.026*[#   7]+0.026*[#   8]
    |psi|^2 = 0.220
==== e(   7) =    12.39670 eV ==== 
     psi = 0.142*[#   2]+0.142*[#   3]+0.142*[#   4]+0.142*[#   6]+0.142*[#   7]
          +0.142*[#   8]
    |psi|^2 = 0.854
==== e(   8) =    12.96165 eV ==== 
     psi = 0.104*[#   1]+0.104*[#   5]+0.078*[#   2]+0.078*[#   3]+0.078*[#   4]
          +0.078*[#   6]+0.078*[#   7]+0.078*[#   8]
    |psi|^2 = 0.678

 k =   0.5656854249  0.0000000000  0.0000000000
==== e(   1) =    -3.16891 eV ==== 
     psi = 0.305*[#   1]+0.305*[#   5]+0.064*[#   2]+0.064*[#   3]+0.064*[#   4]
          +0.064*[#   6]+0.064*[#   7]+0.064*[#   8]
    |psi|^2 = 0.994
==== e(   2) =    -0.15336 eV ==== 
     psi = 0.265*[#   1]+0.265*[#   5]+0.077*[#   2]+0.077*[#   3]+0.077*[#   4]
          +0.077*[#   6]+0.077*[#   7]+0.077*[#   8]
    |psi|^2 = 0.992
==== e(   3) =     3.34528 eV ==== 
     psi = 0.166*[#   2]+0.166*[#   3]+0.166*[#   4]+0.166*[#   6]+0.166*[#   7]
          +0.166*[#   8]
    |psi|^2 = 0.994
==== e(   4) =     3.34528 eV ==== 
     psi = 0.166*[#   2]+0.166*[#   3]+0.166*[#   4]+0.166*[#   6]+0.166*[#   7]
          +0.166*[#   8]
    |psi|^2 = 0.994
==== e(   5) =     6.60760 eV ==== 
     psi = 0.169*[#   1]+0.169*[#   5]+0.094*[#   2]+0.094*[#   3]+0.094*[#   4]
          +0.094*[#   6]+0.094*[#   7]+0.094*[#   8]
    |psi|^2 = 0.904
==== e(   6) =     7.34055 eV ==== 
     psi = 0.150*[#   1]+0.150*[#   5]+0.068*[#   2]+0.068*[#   3]+0.068*[#   4]
          +0.068*[#   6]+0.068*[#   7]+0.068*[#   8]
    |psi|^2 = 0.707
==== e(   7) =    14.39058 eV ==== 
     psi = 0.124*[#   2]+0.124*[#   3]+0.124*[#   4]+0.124*[#   6]+0.124*[#   7]
          +0.124*[#   8]
    |psi|^2 = 0.742
==== e(   8) =    14.39060 eV ==== 
     psi = 0.124*[#   2]+0.124*[#   3]+0.124*[#   4]+0.124*[#   6]+0.124*[#   7]
          +0.124*[#   8]
    |psi|^2 = 0.742

 k =   0.6128258770  0.0471404521 -0.0471404521
==== e(   1) =    -2.70516 eV ==== 
     psi = 0.299*[#   1]+0.299*[#   5]+0.066*[#   2]+0.066*[#   3]+0.066*[#   4]
          +0.066*[#   6]+0.066*[#   7]+0.066*[#   8]
    |psi|^2 = 0.994
==== e(   2) =    -0.71344 eV ==== 
     psi = 0.273*[#   1]+0.273*[#   5]+0.074*[#   2]+0.074*[#   3]+0.074*[#   4]
          +0.074*[#   6]+0.074*[#   7]+0.074*[#   8]
    |psi|^2 = 0.992
==== e(   3) =     3.03627 eV ==== 
     psi = 0.164*[#   2]+0.164*[#   3]+0.164*[#   4]+0.164*[#   6]+0.164*[#   7]
          +0.164*[#   8]+0.005*[#   1]+0.005*[#   5]
    |psi|^2 = 0.993
==== e(   4) =     3.28945 eV ==== 
     psi = 0.166*[#   2]+0.166*[#   3]+0.166*[#   4]+0.166*[#   6]+0.166*[#   7]
          +0.166*[#   8]
    |psi|^2 = 0.994
==== e(   5) =     6.76387 eV ==== 
     psi = 0.162*[#   1]+0.162*[#   5]+0.091*[#   2]+0.091*[#   3]+0.091*[#   4]
          +0.091*[#   6]+0.091*[#   7]+0.091*[#   8]
    |psi|^2 = 0.871
==== e(   6) =     7.32042 eV ==== 
     psi = 0.150*[#   1]+0.150*[#   5]+0.076*[#   2]+0.076*[#   3]+0.076*[#   4]
          +0.076*[#   6]+0.076*[#   7]+0.076*[#   8]
    |psi|^2 = 0.754
==== e(   7) =    14.68372 eV ==== 
     psi = 0.115*[#   2]+0.115*[#   3]+0.115*[#   4]+0.115*[#   6]+0.115*[#   7]
          +0.115*[#   8]
    |psi|^2 = 0.688
==== e(   8) =    14.70793 eV ==== 
     psi = 0.110*[#   2]+0.110*[#   3]+0.110*[#   4]+0.110*[#   6]+0.110*[#   7]
          +0.110*[#   8]+0.015*[#   1]+0.015*[#   5]
    |psi|^2 = 0.690

 k =  -0.0471404521 -0.6128258770  0.6128258770
==== e(   1) =    -2.20654 eV ==== 
     psi = 0.298*[#   1]+0.298*[#   5]+0.066*[#   2]+0.066*[#   3]+0.066*[#   4]
          +0.066*[#   6]+0.066*[#   7]+0.066*[#   8]
    |psi|^2 = 0.994
==== e(   2) =    -1.22224 eV ==== 
     psi = 0.280*[#   1]+0.280*[#   5]+0.072*[#   2]+0.072*[#   3]+0.072*[#   4]
          +0.072*[#   6]+0.072*[#   7]+0.072*[#   8]
    |psi|^2 = 0.993
==== e(   3) =     2.49842 eV ==== 
     psi = 0.163*[#   2]+0.163*[#   3]+0.163*[#   4]+0.163*[#   6]+0.163*[#   7]
          +0.163*[#   8]+0.007*[#   1]+0.007*[#   5]
    |psi|^2 = 0.993
==== e(   4) =     3.32877 eV ==== 
     psi = 0.166*[#   2]+0.166*[#   3]+0.166*[#   4]+0.166*[#   6]+0.166*[#   7]
          +0.166*[#   8]
    |psi|^2 = 0.994
==== e(   5) =     6.89930 eV ==== 
     psi = 0.155*[#   1]+0.155*[#   5]+0.088*[#   2]+0.088*[#   3]+0.088*[#   4]
          +0.088*[#   6]+0.088*[#   7]+0.088*[#   8]
    |psi|^2 = 0.836
==== e(   6) =     8.01984 eV ==== 
     psi = 0.134*[#   1]+0.134*[#   5]+0.082*[#   2]+0.082*[#   3]+0.082*[#   4]
          +0.082*[#   6]+0.082*[#   7]+0.082*[#   8]
    |psi|^2 = 0.757
==== e(   7) =    14.51890 eV ==== 
     psi = 0.117*[#   2]+0.117*[#   3]+0.117*[#   4]+0.117*[#   6]+0.117*[#   7]
          +0.117*[#   8]
    |psi|^2 = 0.704
==== e(   8) =    14.67963 eV ==== 
     psi = 0.093*[#   2]+0.093*[#   3]+0.093*[#   4]+0.093*[#   6]+0.093*[#   7]
          +0.093*[#   8]+0.038*[#   1]+0.038*[#   5]
    |psi|^2 = 0.631

 k =   0.0000000000 -0.5656854249  0.5656854249
==== e(   1) =    -1.99311 eV ==== 
     psi = 0.317*[#   1]+0.317*[#   5]+0.060*[#   2]+0.060*[#   3]+0.060*[#   4]
          +0.060*[#   6]+0.060*[#   7]+0.060*[#   8]
    |psi|^2 = 0.995
==== e(   2) =    -1.38992 eV ==== 
     psi = 0.269*[#   1]+0.269*[#   5]+0.076*[#   2]+0.076*[#   3]+0.076*[#   4]
          +0.076*[#   6]+0.076*[#   7]+0.076*[#   8]
    |psi|^2 = 0.993
==== e(   3) =     2.01476 eV ==== 
     psi = 0.165*[#   2]+0.165*[#   3]+0.165*[#   4]+0.165*[#   6]+0.165*[#   7]
          +0.165*[#   8]+0.002*[#   1]+0.002*[#   5]
    |psi|^2 = 0.993
==== e(   4) =     3.46129 eV ==== 
     psi = 0.166*[#   2]+0.166*[#   3]+0.166*[#   4]+0.166*[#   6]+0.166*[#   7]
          +0.166*[#   8]
    |psi|^2 = 0.994
==== e(   5) =     7.05415 eV ==== 
     psi = 0.144*[#   1]+0.144*[#   5]+0.091*[#   2]+0.091*[#   3]+0.091*[#   4]
          +0.091*[#   6]+0.091*[#   7]+0.091*[#   8]
    |psi|^2 = 0.833
==== e(   6) =     9.14072 eV ==== 
     psi = 0.112*[#   1]+0.112*[#   5]+0.075*[#   2]+0.075*[#   3]+0.075*[#   4]
          +0.075*[#   6]+0.075*[#   7]+0.075*[#   8]
    |psi|^2 = 0.673
==== e(   7) =    13.98521 eV ==== 
     psi = 0.135*[#   2]+0.135*[#   3]+0.135*[#   4]+0.135*[#   6]+0.135*[#   7]
          +0.135*[#   8]
    |psi|^2 = 0.812
==== e(   8) =    14.55665 eV ==== 
     psi = 0.113*[#   2]+0.113*[#   3]+0.113*[#   4]+0.113*[#   6]+0.113*[#   7]
          +0.113*[#   8]+0.066*[#   1]+0.066*[#   5]
    |psi|^2 = 0.812

 k =   0.6599663291  0.0000000000  0.0000000000
==== e(   1) =    -2.25779 eV ==== 
     psi = 0.291*[#   1]+0.291*[#   5]+0.069*[#   2]+0.069*[#   3]+0.069*[#   4]
          +0.069*[#   6]+0.069*[#   7]+0.069*[#   8]
    |psi|^2 = 0.993
==== e(   2) =    -1.24557 eV ==== 
     psi = 0.279*[#   1]+0.279*[#   5]+0.072*[#   2]+0.072*[#   3]+0.072*[#   4]
          +0.072*[#   6]+0.072*[#   7]+0.072*[#   8]
    |psi|^2 = 0.993
==== e(   3) =     3.20747 eV ==== 
     psi = 0.166*[#   2]+0.166*[#   3]+0.166*[#   4]+0.166*[#   6]+0.166*[#   7]
          +0.166*[#   8]
    |psi|^2 = 0.994
==== e(   4) =     3.20747 eV ==== 
     psi = 0.166*[#   2]+0.166*[#   3]+0.166*[#   4]+0.166*[#   6]+0.166*[#   7]
          +0.166*[#   8]
    |psi|^2 = 0.994
==== e(   5) =     6.64811 eV ==== 
     psi = 0.169*[#   1]+0.169*[#   5]+0.087*[#   2]+0.087*[#   3]+0.087*[#   4]
          +0.087*[#   6]+0.087*[#   7]+0.087*[#   8]
    |psi|^2 = 0.862
==== e(   6) =     6.88762 eV ==== 
     psi = 0.163*[#   1]+0.163*[#   5]+0.079*[#   2]+0.079*[#   3]+0.079*[#   4]
          +0.079*[#   6]+0.079*[#   7]+0.079*[#   8]
    |psi|^2 = 0.797
==== e(   7) =    15.58467 eV ==== 
     psi = 0.132*[#   2]+0.132*[#   3]+0.132*[#   4]+0.132*[#   6]+0.132*[#   7]
          +0.132*[#   8]
    |psi|^2 = 0.789
==== e(   8) =    15.58481 eV ==== 
     psi = 0.132*[#   2]+0.132*[#   3]+0.132*[#   4]+0.132*[#   6]+0.132*[#   7]
          +0.132*[#   8]
    |psi|^2 = 0.793

 k =   0.0000000000 -0.6599663291  0.6599663291
==== e(   1) =    -1.78086 eV ==== 
     psi = 0.289*[#   1]+0.289*[#   5]+0.069*[#   2]+0.069*[#   3]+0.069*[#   4]
          +0.069*[#   6]+0.069*[#   7]+0.069*[#   8]
    |psi|^2 = 0.993
==== e(   2) =    -1.72157 eV ==== 
     psi = 0.283*[#   1]+0.283*[#   5]+0.071*[#   2]+0.071*[#   3]+0.071*[#   4]
          +0.071*[#   6]+0.071*[#   7]+0.071*[#   8]
    |psi|^2 = 0.993
==== e(   3) =     2.95714 eV ==== 
     psi = 0.164*[#   2]+0.164*[#   3]+0.164*[#   4]+0.164*[#   6]+0.164*[#   7]
          +0.164*[#   8]+0.005*[#   1]+0.005*[#   5]
    |psi|^2 = 0.994
==== e(   4) =     3.22079 eV ==== 
     psi = 0.166*[#   2]+0.166*[#   3]+0.166*[#   4]+0.166*[#   6]+0.166*[#   7]
          +0.166*[#   8]
    |psi|^2 = 0.994
==== e(   5) =     6.77719 eV ==== 
     psi = 0.164*[#   1]+0.164*[#   5]+0.084*[#   2]+0.084*[#   3]+0.084*[#   4]
          +0.084*[#   6]+0.084*[#   7]+0.084*[#   8]
    |psi|^2 = 0.833
==== e(   6) =     7.10402 eV ==== 
     psi = 0.156*[#   1]+0.156*[#   5]+0.084*[#   2]+0.084*[#   3]+0.084*[#   4]
          +0.084*[#   6]+0.084*[#   7]+0.084*[#   8]
    |psi|^2 = 0.817
==== e(   7) =    15.55750 eV ==== 
     psi = 0.144*[#   2]+0.144*[#   3]+0.144*[#   4]+0.144*[#   6]+0.144*[#   7]
          +0.144*[#   8]
    |psi|^2 = 0.861
==== e(   8) =    15.70066 eV ==== 
     psi = 0.145*[#   2]+0.145*[#   3]+0.145*[#   4]+0.145*[#   6]+0.145*[#   7]
          +0.145*[#   8]+0.013*[#   1]+0.013*[#   5]
    |psi|^2 = 0.893

 k =   0.1885618083  0.0942809042 -0.0000000000
==== e(   1) =    -5.45272 eV ==== 
     psi = 0.422*[#   1]+0.422*[#   5]+0.025*[#   2]+0.025*[#   3]+0.025*[#   4]
          +0.025*[#   6]+0.025*[#   7]+0.025*[#   8]
    |psi|^2 = 0.996
==== e(   2) =     3.92736 eV ==== 
     psi = 0.131*[#   1]+0.131*[#   5]+0.120*[#   2]+0.120*[#   3]+0.120*[#   4]
          +0.120*[#   6]+0.120*[#   7]+0.120*[#   8]
    |psi|^2 = 0.980
==== e(   3) =     4.83210 eV ==== 
     psi = 0.159*[#   2]+0.159*[#   3]+0.159*[#   4]+0.159*[#   6]+0.159*[#   7]
          +0.159*[#   8]+0.014*[#   1]+0.014*[#   5]
    |psi|^2 = 0.981
==== e(   4) =     5.51848 eV ==== 
     psi = 0.159*[#   2]+0.159*[#   3]+0.159*[#   4]+0.159*[#   6]+0.159*[#   7]
          +0.159*[#   8]+0.012*[#   1]+0.012*[#   5]
    |psi|^2 = 0.975
==== e(   5) =     8.35000 eV ==== 
     psi = 0.143*[#   2]+0.143*[#   3]+0.143*[#   4]+0.143*[#   6]+0.143*[#   7]
          +0.143*[#   8]+0.046*[#   1]+0.046*[#   5]
    |psi|^2 = 0.952
==== e(   6) =     9.24788 eV ==== 
     psi = 0.132*[#   1]+0.132*[#   5]+0.115*[#   2]+0.115*[#   3]+0.115*[#   4]
          +0.115*[#   6]+0.115*[#   7]+0.115*[#   8]
    |psi|^2 = 0.954
==== e(   7) =     9.64484 eV ==== 
     psi = 0.151*[#   2]+0.151*[#   3]+0.151*[#   4]+0.151*[#   6]+0.151*[#   7]
          +0.151*[#   8]+0.011*[#   1]+0.011*[#   5]
    |psi|^2 = 0.927
==== e(   8) =    10.86536 eV ==== 
     psi = 0.176*[#   1]+0.176*[#   5]+0.077*[#   2]+0.077*[#   3]+0.077*[#   4]
          +0.077*[#   6]+0.077*[#   7]+0.077*[#   8]
    |psi|^2 = 0.816

 k =   0.2357022604  0.1414213562 -0.0471404521
==== e(   1) =    -5.17351 eV ==== 
     psi = 0.392*[#   1]+0.392*[#   5]+0.035*[#   2]+0.035*[#   3]+0.035*[#   4]
          +0.035*[#   6]+0.035*[#   7]+0.035*[#   8]
    |psi|^2 = 0.996
==== e(   2) =     2.91563 eV ==== 
     psi = 0.150*[#   1]+0.150*[#   5]+0.114*[#   2]+0.114*[#   3]+0.114*[#   4]
          +0.114*[#   6]+0.114*[#   7]+0.114*[#   8]
    |psi|^2 = 0.985
==== e(   3) =     4.39459 eV ==== 
     psi = 0.154*[#   2]+0.154*[#   3]+0.154*[#   4]+0.154*[#   6]+0.154*[#   7]
          +0.154*[#   8]+0.029*[#   1]+0.029*[#   5]
    |psi|^2 = 0.984
==== e(   4) =     5.33990 eV ==== 
     psi = 0.159*[#   2]+0.159*[#   3]+0.159*[#   4]+0.159*[#   6]+0.159*[#   7]
          +0.159*[#   8]+0.012*[#   1]+0.012*[#   5]
    |psi|^2 = 0.980
==== e(   5) =     8.53481 eV ==== 
     psi = 0.131*[#   2]+0.131*[#   3]+0.131*[#   4]+0.131*[#   6]+0.131*[#   7]
          +0.131*[#   8]+0.074*[#   1]+0.074*[#   5]
    |psi|^2 = 0.935
==== e(   6) =     9.24003 eV ==== 
     psi = 0.129*[#   1]+0.129*[#   5]+0.115*[#   2]+0.115*[#   3]+0.115*[#   4]
          +0.115*[#   6]+0.115*[#   7]+0.115*[#   8]
    |psi|^2 = 0.950
==== e(   7) =    10.03551 eV ==== 
     psi = 0.146*[#   2]+0.146*[#   3]+0.146*[#   4]+0.146*[#   6]+0.146*[#   7]
          +0.146*[#   8]+0.013*[#   1]+0.013*[#   5]
    |psi|^2 = 0.900
==== e(   8) =    11.10023 eV ==== 
     psi = 0.091*[#   1]+0.091*[#   5]+0.056*[#   2]+0.056*[#   3]+0.056*[#   4]
          +0.056*[#   6]+0.056*[#   7]+0.056*[#   8]
    |psi|^2 = 0.516

 k =   0.2828427125  0.1885618083 -0.0942809042
==== e(   1) =    -4.79381 eV ==== 
     psi = 0.368*[#   1]+0.368*[#   5]+0.043*[#   2]+0.043*[#   3]+0.043*[#   4]
          +0.043*[#   6]+0.043*[#   7]+0.043*[#   8]
    |psi|^2 = 0.995
==== e(   2) =     1.80790 eV ==== 
     psi = 0.162*[#   1]+0.162*[#   5]+0.111*[#   2]+0.111*[#   3]+0.111*[#   4]
          +0.111*[#   6]+0.111*[#   7]+0.111*[#   8]
    |psi|^2 = 0.988
==== e(   3) =     4.12014 eV ==== 
     psi = 0.151*[#   2]+0.151*[#   3]+0.151*[#   4]+0.151*[#   6]+0.151*[#   7]
          +0.151*[#   8]+0.041*[#   1]+0.041*[#   5]
    |psi|^2 = 0.986
==== e(   4) =     5.08675 eV ==== 
     psi = 0.160*[#   2]+0.160*[#   3]+0.160*[#   4]+0.160*[#   6]+0.160*[#   7]
          +0.160*[#   8]+0.011*[#   1]+0.011*[#   5]
    |psi|^2 = 0.983
==== e(   5) =     8.56818 eV ==== 
     psi = 0.150*[#   1]+0.150*[#   5]+0.102*[#   2]+0.102*[#   3]+0.102*[#   4]
          +0.102*[#   6]+0.102*[#   7]+0.102*[#   8]
    |psi|^2 = 0.914
==== e(   6) =     9.29313 eV ==== 
     psi = 0.130*[#   2]+0.130*[#   3]+0.130*[#   4]+0.130*[#   6]+0.130*[#   7]
          +0.130*[#   8]+0.065*[#   1]+0.065*[#   5]
    |psi|^2 = 0.908
==== e(   7) =    10.23230 eV ==== 
     psi = 0.138*[#   2]+0.138*[#   3]+0.138*[#   4]+0.138*[#   6]+0.138*[#   7]
          +0.138*[#   8]+0.010*[#   1]+0.010*[#   5]
    |psi|^2 = 0.847
==== e(   8) =    11.33735 eV ==== 
     psi = 0.070*[#   1]+0.070*[#   5]+0.043*[#   2]+0.043*[#   3]+0.043*[#   4]
          +0.043*[#   6]+0.043*[#   7]+0.043*[#   8]
    |psi|^2 = 0.400

 k =   0.3299831646  0.2357022604 -0.1414213562
==== e(   1) =    -4.33312 eV ==== 
     psi = 0.355*[#   1]+0.355*[#   5]+0.048*[#   2]+0.048*[#   3]+0.048*[#   4]
          +0.048*[#   6]+0.048*[#   7]+0.048*[#   8]
    |psi|^2 = 0.995
==== e(   2) =     0.75716 eV ==== 
     psi = 0.166*[#   1]+0.166*[#   5]+0.110*[#   2]+0.110*[#   3]+0.110*[#   4]
          +0.110*[#   6]+0.110*[#   7]+0.110*[#   8]
    |psi|^2 = 0.989
==== e(   3) =     3.94390 eV ==== 
     psi = 0.148*[#   2]+0.148*[#   3]+0.148*[#   4]+0.148*[#   6]+0.148*[#   7]
          +0.148*[#   8]+0.049*[#   1]+0.049*[#   5]
    |psi|^2 = 0.988
==== e(   4) =     4.83969 eV ==== 
     psi = 0.162*[#   2]+0.162*[#   3]+0.162*[#   4]+0.162*[#   6]+0.162*[#   7]
          +0.162*[#   8]+0.008*[#   1]+0.008*[#   5]
    |psi|^2 = 0.986
==== e(   5) =     8.45845 eV ==== 
     psi = 0.201*[#   1]+0.201*[#   5]+0.084*[#   2]+0.084*[#   3]+0.084*[#   4]
          +0.084*[#   6]+0.084*[#   7]+0.084*[#   8]
    |psi|^2 = 0.904
==== e(   6) =     9.30116 eV ==== 
     psi = 0.128*[#   2]+0.128*[#   3]+0.128*[#   4]+0.128*[#   6]+0.128*[#   7]
          +0.128*[#   8]+0.026*[#   1]+0.026*[#   5]
    |psi|^2 = 0.821
==== e(   7) =    10.20851 eV ==== 
     psi = 0.129*[#   2]+0.129*[#   3]+0.129*[#   4]+0.129*[#   6]+0.129*[#   7]
          +0.129*[#   8]+0.012*[#   1]+0.012*[#   5]
    |psi|^2 = 0.798
==== e(   8) =    11.95430 eV ==== 
     psi = 0.061*[#   1]+0.061*[#   5]+0.045*[#   2]+0.045*[#   3]+0.045*[#   4]
          +0.045*[#   6]+0.045*[#   7]+0.045*[#   8]
    |psi|^2 = 0.394

 k =   0.3771236166  0.2828427125 -0.1885618083
==== e(   1) =    -3.84145 eV ==== 
     psi = 0.357*[#   1]+0.357*[#   5]+0.047*[#   2]+0.047*[#   3]+0.047*[#   4]
          +0.047*[#   6]+0.047*[#   7]+0.047*[#   8]
    |psi|^2 = 0.996
==== e(   2) =    -0.14198 eV ==== 
     psi = 0.158*[#   1]+0.158*[#   5]+0.112*[#   2]+0.112*[#   3]+0.112*[#   4]
          +0.112*[#   6]+0.112*[#   7]+0.112*[#   8]
    |psi|^2 = 0.989
==== e(   3) =     3.84298 eV ==== 
     psi = 0.146*[#   2]+0.146*[#   3]+0.146*[#   4]+0.146*[#   6]+0.146*[#   7]
          +0.146*[#   8]+0.056*[#   1]+0.056*[#   5]
    |psi|^2 = 0.989
==== e(   4) =     4.64678 eV ==== 
     psi = 0.163*[#   2]+0.163*[#   3]+0.163*[#   4]+0.163*[#   6]+0.163*[#   7]
          +0.163*[#   8]+0.004*[#   1]+0.004*[#   5]
    |psi|^2 = 0.987
==== e(   5) =     8.35124 eV ==== 
     psi = 0.228*[#   1]+0.228*[#   5]+0.074*[#   2]+0.074*[#   3]+0.074*[#   4]
          +0.074*[#   6]+0.074*[#   7]+0.074*[#   8]
    |psi|^2 = 0.899
==== e(   6) =     9.23054 eV ==== 
     psi = 0.124*[#   2]+0.124*[#   3]+0.124*[#   4]+0.124*[#   6]+0.124*[#   7]
          +0.124*[#   8]+0.012*[#   1]+0.012*[#   5]
    |psi|^2 = 0.767
==== e(   7) =    10.11126 eV ==== 
     psi = 0.123*[#   2]+0.123*[#   3]+0.123*[#   4]+0.123*[#   6]+0.123*[#   7]
          +0.123*[#   8]+0.015*[#   1]+0.015*[#   5]
    |psi|^2 = 0.767
==== e(   8) =    12.87001 eV ==== 
     psi = 0.053*[#   1]+0.053*[#   5]+0.047*[#   2]+0.047*[#   3]+0.047*[#   4]
          +0.047*[#   6]+0.047*[#   7]+0.047*[#   8]
    |psi|^2 = 0.388

 k =  -0.2828427125 -0.3771236166  0.4714045208
==== e(   1) =    -3.46106 eV ==== 
     psi = 0.372*[#   1]+0.372*[#   5]+0.042*[#   2]+0.042*[#   3]+0.042*[#   4]
          +0.042*[#   6]+0.042*[#   7]+0.042*[#   8]
    |psi|^2 = 0.997
==== e(   2) =    -0.72952 eV ==== 
     psi = 0.141*[#   1]+0.141*[#   5]+0.118*[#   2]+0.118*[#   3]+0.118*[#   4]
          +0.118*[#   6]+0.118*[#   7]+0.118*[#   8]
    |psi|^2 = 0.988
==== e(   3) =     3.79956 eV ==== 
     psi = 0.145*[#   2]+0.145*[#   3]+0.145*[#   4]+0.145*[#   6]+0.145*[#   7]
          +0.145*[#   8]+0.060*[#   1]+0.060*[#   5]
    |psi|^2 = 0.989
==== e(   4) =     4.54021 eV ==== 
     psi = 0.164*[#   2]+0.164*[#   3]+0.164*[#   4]+0.164*[#   6]+0.164*[#   7]
          +0.164*[#   8]
    |psi|^2 = 0.988
==== e(   5) =     8.29232 eV ==== 
     psi = 0.240*[#   1]+0.240*[#   5]+0.069*[#   2]+0.069*[#   3]+0.069*[#   4]
          +0.069*[#   6]+0.069*[#   7]+0.069*[#   8]
    |psi|^2 = 0.896
==== e(   6) =     9.17307 eV ==== 
     psi = 0.123*[#   2]+0.123*[#   3]+0.123*[#   4]+0.123*[#   6]+0.123*[#   7]
          +0.123*[#   8]+0.006*[#   1]+0.006*[#   5]
    |psi|^2 = 0.749
==== e(   7) =    10.04117 eV ==== 
     psi = 0.120*[#   2]+0.120*[#   3]+0.120*[#   4]+0.120*[#   6]+0.120*[#   7]
          +0.120*[#   8]+0.017*[#   1]+0.017*[#   5]
    |psi|^2 = 0.753
==== e(   8) =    13.82642 eV ==== 
     psi = 0.047*[#   2]+0.047*[#   3]+0.047*[#   4]+0.047*[#   6]+0.047*[#   7]
          +0.047*[#   8]+0.047*[#   1]+0.047*[#   5]
    |psi|^2 = 0.378

 k =   0.2828427125  0.0942809042  0.0000000000
==== e(   1) =    -5.07698 eV ==== 
     psi = 0.381*[#   1]+0.381*[#   5]+0.039*[#   2]+0.039*[#   3]+0.039*[#   4]
          +0.039*[#   6]+0.039*[#   7]+0.039*[#   8]
    |psi|^2 = 0.996
==== e(   2) =     2.96117 eV ==== 
     psi = 0.177*[#   1]+0.177*[#   5]+0.105*[#   2]+0.105*[#   3]+0.105*[#   4]
          +0.105*[#   6]+0.105*[#   7]+0.105*[#   8]
    |psi|^2 = 0.984
==== e(   3) =     4.23692 eV ==== 
     psi = 0.159*[#   2]+0.159*[#   3]+0.159*[#   4]+0.159*[#   6]+0.159*[#   7]
          +0.159*[#   8]+0.017*[#   1]+0.017*[#   5]
    |psi|^2 = 0.986
==== e(   4) =     4.82611 eV ==== 
     psi = 0.159*[#   2]+0.159*[#   3]+0.159*[#   4]+0.159*[#   6]+0.159*[#   7]
          +0.159*[#   8]+0.014*[#   1]+0.014*[#   5]
    |psi|^2 = 0.984
==== e(   5) =     7.88947 eV ==== 
     psi = 0.129*[#   2]+0.129*[#   3]+0.129*[#   4]+0.129*[#   6]+0.129*[#   7]
          +0.129*[#   8]+0.085*[#   1]+0.085*[#   5]
    |psi|^2 = 0.946
==== e(   6) =     9.85930 eV ==== 
     psi = 0.178*[#   1]+0.178*[#   5]+0.073*[#   2]+0.073*[#   3]+0.073*[#   4]
          +0.073*[#   6]+0.073*[#   7]+0.073*[#   8]
    |psi|^2 = 0.793
==== e(   7) =    10.52477 eV ==== 
     psi = 0.099*[#   2]+0.099*[#   3]+0.099*[#   4]+0.099*[#   6]+0.099*[#   7]
          +0.099*[#   8]+0.004*[#   1]+0.004*[#   5]
    |psi|^2 = 0.604
==== e(   8) =    10.72765 eV ==== 
     psi = 0.147*[#   2]+0.147*[#   3]+0.147*[#   4]+0.147*[#   6]+0.147*[#   7]
          +0.147*[#   8]+0.007*[#   1]+0.007*[#   5]
    |psi|^2 = 0.893

 k =   0.3299831646  0.1414213562 -0.0471404521
==== e(   1) =    -4.73018 eV ==== 
     psi = 0.360*[#   1]+0.360*[#   5]+0.046*[#   2]+0.046*[#   3]+0.046*[#   4]
          +0.046*[#   6]+0.046*[#   7]+0.046*[#   8]
    |psi|^2 = 0.995
==== e(   2) =     2.05192 eV ==== 
     psi = 0.186*[#   1]+0.186*[#   5]+0.102*[#   2]+0.102*[#   3]+0.102*[#   4]
          +0.102*[#   6]+0.102*[#   7]+0.102*[#   8]
    |psi|^2 = 0.988
==== e(   3) =     3.79829 eV ==== 
     psi = 0.153*[#   2]+0.153*[#   3]+0.153*[#   4]+0.153*[#   6]+0.153*[#   7]
          +0.153*[#   8]+0.034*[#   1]+0.034*[#   5]
    |psi|^2 = 0.988
==== e(   4) =     4.62581 eV ==== 
     psi = 0.160*[#   2]+0.160*[#   3]+0.160*[#   4]+0.160*[#   6]+0.160*[#   7]
          +0.160*[#   8]+0.013*[#   1]+0.013*[#   5]
    |psi|^2 = 0.986
==== e(   5) =     8.12229 eV ==== 
     psi = 0.124*[#   2]+0.124*[#   3]+0.124*[#   4]+0.124*[#   6]+0.124*[#   7]
          +0.124*[#   8]+0.089*[#   1]+0.089*[#   5]
    |psi|^2 = 0.922
==== e(   6) =     9.84791 eV ==== 
     psi = 0.175*[#   1]+0.175*[#   5]+0.073*[#   2]+0.073*[#   3]+0.073*[#   4]
          +0.073*[#   6]+0.073*[#   7]+0.073*[#   8]
    |psi|^2 = 0.789
==== e(   7) =    10.37736 eV ==== 
     psi = 0.089*[#   2]+0.089*[#   3]+0.089*[#   4]+0.089*[#   6]+0.089*[#   7]
          +0.089*[#   8]+0.003*[#   1]+0.003*[#   5]
    |psi|^2 = 0.542
==== e(   8) =    11.09799 eV ==== 
     psi = 0.137*[#   2]+0.137*[#   3]+0.137*[#   4]+0.137*[#   6]+0.137*[#   7]
          +0.137*[#   8]+0.010*[#   1]+0.010*[#   5]
    |psi|^2 = 0.842

 k =   0.3771236166  0.1885618083 -0.0942809042
==== e(   1) =    -4.29392 eV ==== 
     psi = 0.346*[#   1]+0.346*[#   5]+0.051*[#   2]+0.051*[#   3]+0.051*[#   4]
          +0.051*[#   6]+0.051*[#   7]+0.051*[#   8]
    |psi|^2 = 0.995
==== e(   2) =     1.07294 eV ==== 
     psi = 0.188*[#   1]+0.188*[#   5]+0.102*[#   2]+0.102*[#   3]+0.102*[#   4]
          +0.102*[#   6]+0.102*[#   7]+0.102*[#   8]
    |psi|^2 = 0.990
==== e(   3) =     3.50191 eV ==== 
     psi = 0.148*[#   2]+0.148*[#   3]+0.148*[#   4]+0.148*[#   6]+0.148*[#   7]
          +0.148*[#   8]+0.051*[#   1]+0.051*[#   5]
    |psi|^2 = 0.989
==== e(   4) =     4.39315 eV ==== 
     psi = 0.162*[#   2]+0.162*[#   3]+0.162*[#   4]+0.162*[#   6]+0.162*[#   7]
          +0.162*[#   8]+0.009*[#   1]+0.009*[#   5]
    |psi|^2 = 0.988
==== e(   5) =     8.27481 eV ==== 
     psi = 0.110*[#   2]+0.110*[#   3]+0.110*[#   4]+0.110*[#   6]+0.110*[#   7]
          +0.110*[#   8]+0.106*[#   1]+0.106*[#   5]
    |psi|^2 = 0.871
==== e(   6) =     9.96241 eV ==== 
     psi = 0.113*[#   2]+0.113*[#   3]+0.113*[#   4]+0.113*[#   6]+0.113*[#   7]
          +0.113*[#   8]+0.108*[#   1]+0.108*[#   5]
    |psi|^2 = 0.893
==== e(   7) =    10.46591 eV ==== 
     psi = 0.061*[#   1]+0.061*[#   5]+0.055*[#   2]+0.055*[#   3]+0.055*[#   4]
          +0.055*[#   6]+0.055*[#   7]+0.055*[#   8]
    |psi|^2 = 0.454
==== e(   8) =    11.19969 eV ==== 
     psi = 0.120*[#   2]+0.120*[#   3]+0.120*[#   4]+0.120*[#   6]+0.120*[#   7]
          +0.120*[#   8]+0.014*[#   1]+0.014*[#   5]
    |psi|^2 = 0.750

 k =   0.4242640687  0.2357022604 -0.1414213562
==== e(   1) =    -3.80324 eV ==== 
     psi = 0.343*[#   1]+0.343*[#   5]+0.052*[#   2]+0.052*[#   3]+0.052*[#   4]
          +0.052*[#   6]+0.052*[#   7]+0.052*[#   8]
    |psi|^2 = 0.995
==== e(   2) =     0.16461 eV ==== 
     psi = 0.183*[#   1]+0.183*[#   5]+0.104*[#   2]+0.104*[#   3]+0.104*[#   4]
          +0.104*[#   6]+0.104*[#   7]+0.104*[#   8]
    |psi|^2 = 0.990
==== e(   3) =     3.28289 eV ==== 
     psi = 0.144*[#   2]+0.144*[#   3]+0.144*[#   4]+0.144*[#   6]+0.144*[#   7]
          +0.144*[#   8]+0.063*[#   1]+0.063*[#   5]
    |psi|^2 = 0.991
==== e(   4) =     4.22531 eV ==== 
     psi = 0.164*[#   2]+0.164*[#   3]+0.164*[#   4]+0.164*[#   6]+0.164*[#   7]
          +0.164*[#   8]+0.004*[#   1]+0.004*[#   5]
    |psi|^2 = 0.989
==== e(   5) =     8.30885 eV ==== 
     psi = 0.122*[#   1]+0.122*[#   5]+0.099*[#   2]+0.099*[#   3]+0.099*[#   4]
          +0.099*[#   6]+0.099*[#   7]+0.099*[#   8]
    |psi|^2 = 0.838
==== e(   6) =     9.78198 eV ==== 
     psi = 0.108*[#   2]+0.108*[#   3]+0.108*[#   4]+0.108*[#   6]+0.108*[#   7]
          +0.108*[#   8]+0.073*[#   1]+0.073*[#   5]
    |psi|^2 = 0.793
==== e(   7) =    11.07795 eV ==== 
     psi = 0.120*[#   2]+0.120*[#   3]+0.120*[#   4]+0.120*[#   6]+0.120*[#   7]
          +0.120*[#   8]+0.044*[#   1]+0.044*[#   5]
    |psi|^2 = 0.805
==== e(   8) =    11.32722 eV ==== 
     psi = 0.058*[#   1]+0.058*[#   5]+0.051*[#   2]+0.051*[#   3]+0.051*[#   4]
          +0.051*[#   6]+0.051*[#   7]+0.051*[#   8]
    |psi|^2 = 0.423

 k =  -0.2357022604 -0.4242640687  0.5185449729
==== e(   1) =    -3.35800 eV ==== 
     psi = 0.354*[#   1]+0.354*[#   5]+0.048*[#   2]+0.048*[#   3]+0.048*[#   4]
          +0.048*[#   6]+0.048*[#   7]+0.048*[#   8]
    |psi|^2 = 0.996
==== e(   2) =    -0.52848 eV ==== 
     psi = 0.168*[#   1]+0.168*[#   5]+0.109*[#   2]+0.109*[#   3]+0.109*[#   4]
          +0.109*[#   6]+0.109*[#   7]+0.109*[#   8]
    |psi|^2 = 0.990
==== e(   3) =     3.11538 eV ==== 
     psi = 0.143*[#   2]+0.143*[#   3]+0.143*[#   4]+0.143*[#   6]+0.143*[#   7]
          +0.143*[#   8]+0.067*[#   1]+0.067*[#   5]
    |psi|^2 = 0.991
==== e(   4) =     4.16785 eV ==== 
     psi = 0.165*[#   2]+0.165*[#   3]+0.165*[#   4]+0.165*[#   6]+0.165*[#   7]
          +0.165*[#   8]
    |psi|^2 = 0.989
==== e(   5) =     8.35092 eV ==== 
     psi = 0.131*[#   1]+0.131*[#   5]+0.095*[#   2]+0.095*[#   3]+0.095*[#   4]
          +0.095*[#   6]+0.095*[#   7]+0.095*[#   8]
    |psi|^2 = 0.832
==== e(   6) =     9.59359 eV ==== 
     psi = 0.105*[#   2]+0.105*[#   3]+0.105*[#   4]+0.105*[#   6]+0.105*[#   7]
          +0.105*[#   8]+0.068*[#   1]+0.068*[#   5]
    |psi|^2 = 0.765
==== e(   7) =    11.00298 eV ==== 
     psi = 0.111*[#   2]+0.111*[#   3]+0.111*[#   4]+0.111*[#   6]+0.111*[#   7]
          +0.111*[#   8]+0.032*[#   1]+0.032*[#   5]
    |psi|^2 = 0.731
==== e(   8) =    12.39981 eV ==== 
     psi = 0.064*[#   1]+0.064*[#   5]+0.051*[#   2]+0.051*[#   3]+0.051*[#   4]
          +0.051*[#   6]+0.051*[#   7]+0.051*[#   8]
    |psi|^2 = 0.435

 k =  -0.1885618083 -0.3771236166  0.4714045208
==== e(   1) =    -3.20714 eV ==== 
     psi = 0.362*[#   1]+0.362*[#   5]+0.045*[#   2]+0.045*[#   3]+0.045*[#   4]
          +0.045*[#   6]+0.045*[#   7]+0.045*[#   8]
    |psi|^2 = 0.997
==== e(   2) =    -0.73981 eV ==== 
     psi = 0.158*[#   1]+0.158*[#   5]+0.112*[#   2]+0.112*[#   3]+0.112*[#   4]
          +0.112*[#   6]+0.112*[#   7]+0.112*[#   8]
    |psi|^2 = 0.989
==== e(   3) =     3.00247 eV ==== 
     psi = 0.143*[#   2]+0.143*[#   3]+0.143*[#   4]+0.143*[#   6]+0.143*[#   7]
          +0.143*[#   8]+0.067*[#   1]+0.067*[#   5]
    |psi|^2 = 0.991
==== e(   4) =     4.22772 eV ==== 
     psi = 0.164*[#   2]+0.164*[#   3]+0.164*[#   4]+0.164*[#   6]+0.164*[#   7]
          +0.164*[#   8]+0.001*[#   1]+0.001*[#   5]
    |psi|^2 = 0.989
==== e(   5) =     8.45675 eV ==== 
     psi = 0.138*[#   1]+0.138*[#   5]+0.094*[#   2]+0.094*[#   3]+0.094*[#   4]
          +0.094*[#   6]+0.094*[#   7]+0.094*[#   8]
    |psi|^2 = 0.838
==== e(   6) =     9.46226 eV ==== 
     psi = 0.105*[#   2]+0.105*[#   3]+0.105*[#   4]+0.105*[#   6]+0.105*[#   7]
          +0.105*[#   8]+0.061*[#   1]+0.061*[#   5]
    |psi|^2 = 0.753
==== e(   7) =    10.93107 eV ==== 
     psi = 0.109*[#   2]+0.109*[#   3]+0.109*[#   4]+0.109*[#   6]+0.109*[#   7]
          +0.109*[#   8]+0.036*[#   1]+0.036*[#   5]
    |psi|^2 = 0.723
==== e(   8) =    13.62520 eV ==== 
     psi = 0.047*[#   1]+0.047*[#   5]+0.041*[#   2]+0.041*[#   3]+0.041*[#   4]
          +0.041*[#   6]+0.041*[#   7]+0.041*[#   8]
    |psi|^2 = 0.342

 k =  -0.1414213562 -0.3299831646  0.4242640687
==== e(   1) =    -3.49706 eV ==== 
     psi = 0.350*[#   1]+0.350*[#   5]+0.049*[#   2]+0.049*[#   3]+0.049*[#   4]
          +0.049*[#   6]+0.049*[#   7]+0.049*[#   8]
    |psi|^2 = 0.996
==== e(   2) =    -0.32034 eV ==== 
     psi = 0.173*[#   1]+0.173*[#   5]+0.107*[#   2]+0.107*[#   3]+0.107*[#   4]
          +0.107*[#   6]+0.107*[#   7]+0.107*[#   8]
    |psi|^2 = 0.990
==== e(   3) =     2.96257 eV ==== 
     psi = 0.144*[#   2]+0.144*[#   3]+0.144*[#   4]+0.144*[#   6]+0.144*[#   7]
          +0.144*[#   8]+0.063*[#   1]+0.063*[#   5]
    |psi|^2 = 0.991
==== e(   4) =     4.39018 eV ==== 
     psi = 0.164*[#   2]+0.164*[#   3]+0.164*[#   4]+0.164*[#   6]+0.164*[#   7]
          +0.164*[#   8]+0.003*[#   1]+0.003*[#   5]
    |psi|^2 = 0.988
==== e(   5) =     8.62983 eV ==== 
     psi = 0.145*[#   1]+0.145*[#   5]+0.094*[#   2]+0.094*[#   3]+0.094*[#   4]
          +0.094*[#   6]+0.094*[#   7]+0.094*[#   8]
    |psi|^2 = 0.853
==== e(   6) =     9.40020 eV ==== 
     psi = 0.109*[#   2]+0.109*[#   3]+0.109*[#   4]+0.109*[#   6]+0.109*[#   7]
          +0.109*[#   8]+0.048*[#   1]+0.048*[#   5]
    |psi|^2 = 0.752
==== e(   7) =    10.90039 eV ==== 
     psi = 0.112*[#   2]+0.112*[#   3]+0.112*[#   4]+0.112*[#   6]+0.112*[#   7]
          +0.112*[#   8]+0.038*[#   1]+0.038*[#   5]
    |psi|^2 = 0.747
==== e(   8) =    12.74334 eV ==== 
     psi = 0.056*[#   1]+0.056*[#   5]+0.046*[#   2]+0.046*[#   3]+0.046*[#   4]
          +0.046*[#   6]+0.046*[#   7]+0.046*[#   8]
    |psi|^2 = 0.386

 k =  -0.0942809042 -0.2828427125  0.3771236166
==== e(   1) =    -3.97698 eV ==== 
     psi = 0.345*[#   1]+0.345*[#   5]+0.051*[#   2]+0.051*[#   3]+0.051*[#   4]
          +0.051*[#   6]+0.051*[#   7]+0.051*[#   8]
    |psi|^2 = 0.995
==== e(   2) =     0.46696 eV ==== 
     psi = 0.184*[#   1]+0.184*[#   5]+0.104*[#   2]+0.104*[#   3]+0.104*[#   4]
          +0.104*[#   6]+0.104*[#   7]+0.104*[#   8]
    |psi|^2 = 0.990
==== e(   3) =     3.02051 eV ==== 
     psi = 0.146*[#   2]+0.146*[#   3]+0.146*[#   4]+0.146*[#   6]+0.146*[#   7]
          +0.146*[#   8]+0.056*[#   1]+0.056*[#   5]
    |psi|^2 = 0.990
==== e(   4) =     4.63067 eV ==== 
     psi = 0.163*[#   2]+0.163*[#   3]+0.163*[#   4]+0.163*[#   6]+0.163*[#   7]
          +0.163*[#   8]+0.005*[#   1]+0.005*[#   5]
    |psi|^2 = 0.987
==== e(   5) =     8.84376 eV ==== 
     psi = 0.152*[#   1]+0.152*[#   5]+0.096*[#   2]+0.096*[#   3]+0.096*[#   4]
          +0.096*[#   6]+0.096*[#   7]+0.096*[#   8]
    |psi|^2 = 0.877
==== e(   6) =     9.38361 eV ==== 
     psi = 0.120*[#   2]+0.120*[#   3]+0.120*[#   4]+0.120*[#   6]+0.120*[#   7]
          +0.120*[#   8]+0.030*[#   1]+0.030*[#   5]
    |psi|^2 = 0.779
==== e(   7) =    10.87344 eV ==== 
     psi = 0.120*[#   2]+0.120*[#   3]+0.120*[#   4]+0.120*[#   6]+0.120*[#   7]
          +0.120*[#   8]+0.040*[#   1]+0.040*[#   5]
    |psi|^2 = 0.798
==== e(   8) =    11.74221 eV ==== 
     psi = 0.066*[#   1]+0.066*[#   5]+0.045*[#   2]+0.045*[#   3]+0.045*[#   4]
          +0.045*[#   6]+0.045*[#   7]+0.045*[#   8]
    |psi|^2 = 0.404

 k =  -0.0471404521 -0.2357022604  0.3299831646
==== e(   1) =    -4.45463 eV ==== 
     psi = 0.352*[#   1]+0.352*[#   5]+0.049*[#   2]+0.049*[#   3]+0.049*[#   4]
          +0.049*[#   6]+0.049*[#   7]+0.049*[#   8]
    |psi|^2 = 0.995
==== e(   2) =     1.38861 eV ==== 
     psi = 0.186*[#   1]+0.186*[#   5]+0.103*[#   2]+0.103*[#   3]+0.103*[#   4]
          +0.103*[#   6]+0.103*[#   7]+0.103*[#   8]
    |psi|^2 = 0.990
==== e(   3) =     3.21684 eV ==== 
     psi = 0.149*[#   2]+0.149*[#   3]+0.149*[#   4]+0.149*[#   6]+0.149*[#   7]
          +0.149*[#   8]+0.046*[#   1]+0.046*[#   5]
    |psi|^2 = 0.989
==== e(   4) =     4.91403 eV ==== 
     psi = 0.162*[#   2]+0.162*[#   3]+0.162*[#   4]+0.162*[#   6]+0.162*[#   7]
          +0.162*[#   8]+0.006*[#   1]+0.006*[#   5]
    |psi|^2 = 0.985
==== e(   5) =     9.02871 eV ==== 
     psi = 0.132*[#   1]+0.132*[#   5]+0.106*[#   2]+0.106*[#   3]+0.106*[#   4]
          +0.106*[#   6]+0.106*[#   7]+0.106*[#   8]
    |psi|^2 = 0.901
==== e(   6) =     9.31191 eV ==== 
     psi = 0.129*[#   2]+0.129*[#   3]+0.129*[#   4]+0.129*[#   6]+0.129*[#   7]
          +0.129*[#   8]+0.045*[#   1]+0.045*[#   5]
    |psi|^2 = 0.864
==== e(   7) =    10.76014 eV ==== 
     psi = 0.120*[#   2]+0.120*[#   3]+0.120*[#   4]+0.120*[#   6]+0.120*[#   7]
          +0.120*[#   8]+0.041*[#   1]+0.041*[#   5]
    |psi|^2 = 0.805
==== e(   8) =    11.07627 eV ==== 
     psi = 0.068*[#   1]+0.068*[#   5]+0.051*[#   2]+0.051*[#   3]+0.051*[#   4]
          +0.051*[#   6]+0.051*[#   7]+0.051*[#   8]
    |psi|^2 = 0.444

 k =   0.0000000000 -0.1885618083  0.2828427125
==== e(   1) =    -4.86187 eV ==== 
     psi = 0.369*[#   1]+0.369*[#   5]+0.043*[#   2]+0.043*[#   3]+0.043*[#   4]
          +0.043*[#   6]+0.043*[#   7]+0.043*[#   8]
    |psi|^2 = 0.995
==== e(   2) =     2.26367 eV ==== 
     psi = 0.177*[#   1]+0.177*[#   5]+0.106*[#   2]+0.106*[#   3]+0.106*[#   4]
          +0.106*[#   6]+0.106*[#   7]+0.106*[#   8]
    |psi|^2 = 0.987
==== e(   3) =     3.64439 eV ==== 
     psi = 0.152*[#   2]+0.152*[#   3]+0.152*[#   4]+0.152*[#   6]+0.152*[#   7]
          +0.152*[#   8]+0.036*[#   1]+0.036*[#   5]
    |psi|^2 = 0.987
==== e(   4) =     5.18218 eV ==== 
     psi = 0.161*[#   2]+0.161*[#   3]+0.161*[#   4]+0.161*[#   6]+0.161*[#   7]
          +0.161*[#   8]+0.008*[#   1]+0.008*[#   5]
    |psi|^2 = 0.983
==== e(   5) =     8.86465 eV ==== 
     psi = 0.136*[#   2]+0.136*[#   3]+0.136*[#   4]+0.136*[#   6]+0.136*[#   7]
          +0.136*[#   8]+0.053*[#   1]+0.053*[#   5]
    |psi|^2 = 0.923
==== e(   6) =     9.29895 eV ==== 
     psi = 0.138*[#   1]+0.138*[#   5]+0.109*[#   2]+0.109*[#   3]+0.109*[#   4]
          +0.109*[#   6]+0.109*[#   7]+0.109*[#   8]
    |psi|^2 = 0.927
==== e(   7) =    10.46351 eV ==== 
     psi = 0.137*[#   2]+0.137*[#   3]+0.137*[#   4]+0.137*[#   6]+0.137*[#   7]
          +0.137*[#   8]+0.026*[#   1]+0.026*[#   5]
    |psi|^2 = 0.876
==== e(   8) =    10.89049 eV ==== 
     psi = 0.073*[#   1]+0.073*[#   5]+0.047*[#   2]+0.047*[#   3]+0.047*[#   4]
          +0.047*[#   6]+0.047*[#   7]+0.047*[#   8]
    |psi|^2 = 0.427

 k =   0.3771236166  0.0942809042  0.0000000000
==== e(   1) =    -4.55719 eV ==== 
     psi = 0.348*[#   1]+0.348*[#   5]+0.050*[#   2]+0.050*[#   3]+0.050*[#   4]
          +0.050*[#   6]+0.050*[#   7]+0.050*[#   8]
    |psi|^2 = 0.995
==== e(   2) =     1.94341 eV ==== 
     psi = 0.218*[#   1]+0.218*[#   5]+0.092*[#   2]+0.092*[#   3]+0.092*[#   4]
          +0.092*[#   6]+0.092*[#   7]+0.092*[#   8]
    |psi|^2 = 0.988
==== e(   3) =     3.72664 eV ==== 
     psi = 0.159*[#   2]+0.159*[#   3]+0.159*[#   4]+0.159*[#   6]+0.159*[#   7]
          +0.159*[#   8]+0.017*[#   1]+0.017*[#   5]
    |psi|^2 = 0.990
==== e(   4) =     4.15715 eV ==== 
     psi = 0.163*[#   2]+0.163*[#   3]+0.163*[#   4]+0.163*[#   6]+0.163*[#   7]
          +0.163*[#   8]+0.007*[#   1]+0.007*[#   5]
    |psi|^2 = 0.989
==== e(   5) =     7.47973 eV ==== 
     psi = 0.117*[#   2]+0.117*[#   3]+0.117*[#   4]+0.117*[#   6]+0.117*[#   7]
          +0.117*[#   8]+0.116*[#   1]+0.116*[#   5]
    |psi|^2 = 0.936
==== e(   6) =     9.14955 eV ==== 
     psi = 0.128*[#   1]+0.128*[#   5]+0.046*[#   2]+0.046*[#   3]+0.046*[#   4]
          +0.046*[#   6]+0.046*[#   7]+0.046*[#   8]
    |psi|^2 = 0.529
==== e(   7) =    11.26977 eV ==== 
     psi = 0.125*[#   2]+0.125*[#   3]+0.125*[#   4]+0.125*[#   6]+0.125*[#   7]
          +0.125*[#   8]+0.028*[#   1]+0.028*[#   5]
    |psi|^2 = 0.804
==== e(   8) =    11.90478 eV ==== 
     psi = 0.139*[#   2]+0.139*[#   3]+0.139*[#   4]+0.139*[#   6]+0.139*[#   7]
          +0.139*[#   8]+0.004*[#   1]+0.004*[#   5]
    |psi|^2 = 0.845

 k =   0.4242640687  0.1414213562 -0.0471404521
==== e(   1) =    -4.14920 eV ==== 
     psi = 0.335*[#   1]+0.335*[#   5]+0.054*[#   2]+0.054*[#   3]+0.054*[#   4]
          +0.054*[#   6]+0.054*[#   7]+0.054*[#   8]
    |psi|^2 = 0.995
==== e(   2) =     1.16271 eV ==== 
     psi = 0.224*[#   1]+0.224*[#   5]+0.090*[#   2]+0.090*[#   3]+0.090*[#   4]
          +0.090*[#   6]+0.090*[#   7]+0.090*[#   8]
    |psi|^2 = 0.990
==== e(   3) =     3.27767 eV ==== 
     psi = 0.155*[#   2]+0.155*[#   3]+0.155*[#   4]+0.155*[#   6]+0.155*[#   7]
          +0.155*[#   8]+0.031*[#   1]+0.031*[#   5]
    |psi|^2 = 0.991
==== e(   4) =     3.95164 eV ==== 
     psi = 0.164*[#   2]+0.164*[#   3]+0.164*[#   4]+0.164*[#   6]+0.164*[#   7]
          +0.164*[#   8]+0.005*[#   1]+0.005*[#   5]
    |psi|^2 = 0.990
==== e(   5) =     7.74359 eV ==== 
     psi = 0.113*[#   1]+0.113*[#   5]+0.112*[#   2]+0.112*[#   3]+0.112*[#   4]
          +0.112*[#   6]+0.112*[#   7]+0.112*[#   8]
    |psi|^2 = 0.900
==== e(   6) =     9.20097 eV ==== 
     psi = 0.119*[#   1]+0.119*[#   5]+0.052*[#   2]+0.052*[#   3]+0.052*[#   4]
          +0.052*[#   6]+0.052*[#   7]+0.052*[#   8]
    |psi|^2 = 0.551
==== e(   7) =    11.11796 eV ==== 
     psi = 0.115*[#   2]+0.115*[#   3]+0.115*[#   4]+0.115*[#   6]+0.115*[#   7]
          +0.115*[#   8]+0.047*[#   1]+0.047*[#   5]
    |psi|^2 = 0.781
==== e(   8) =    12.25302 eV ==== 
     psi = 0.127*[#   2]+0.127*[#   3]+0.127*[#   4]+0.127*[#   6]+0.127*[#   7]
          +0.127*[#   8]+0.011*[#   1]+0.011*[#   5]
    |psi|^2 = 0.783

 k =   0.4714045208  0.1885618083 -0.0942809042
==== e(   1) =    -3.67051 eV ==== 
     psi = 0.329*[#   1]+0.329*[#   5]+0.056*[#   2]+0.056*[#   3]+0.056*[#   4]
          +0.056*[#   6]+0.056*[#   7]+0.056*[#   8]
    |psi|^2 = 0.995
==== e(   2) =     0.35205 eV ==== 
     psi = 0.222*[#   1]+0.222*[#   5]+0.091*[#   2]+0.091*[#   3]+0.091*[#   4]
          +0.091*[#   6]+0.091*[#   7]+0.091*[#   8]
    |psi|^2 = 0.991
==== e(   3) =     2.88712 eV ==== 
     psi = 0.151*[#   2]+0.151*[#   3]+0.151*[#   4]+0.151*[#   6]+0.151*[#   7]
          +0.151*[#   8]+0.044*[#   1]+0.044*[#   5]
    |psi|^2 = 0.992
==== e(   4) =     3.80325 eV ==== 
     psi = 0.165*[#   2]+0.165*[#   3]+0.165*[#   4]+0.165*[#   6]+0.165*[#   7]
          +0.165*[#   8]+0.002*[#   1]+0.002*[#   5]
    |psi|^2 = 0.991
==== e(   5) =     7.88731 eV ==== 
     psi = 0.115*[#   1]+0.115*[#   5]+0.102*[#   2]+0.102*[#   3]+0.102*[#   4]
          +0.102*[#   6]+0.102*[#   7]+0.102*[#   8]
    |psi|^2 = 0.841
==== e(   6) =     9.82085 eV ==== 
     psi = 0.095*[#   1]+0.095*[#   5]+0.062*[#   2]+0.062*[#   3]+0.062*[#   4]
          +0.062*[#   6]+0.062*[#   7]+0.062*[#   8]
    |psi|^2 = 0.562
==== e(   7) =    10.88702 eV ==== 
     psi = 0.108*[#   2]+0.108*[#   3]+0.108*[#   4]+0.108*[#   6]+0.108*[#   7]
          +0.108*[#   8]+0.067*[#   1]+0.067*[#   5]
    |psi|^2 = 0.783
==== e(   8) =    12.28130 eV ==== 
     psi = 0.111*[#   2]+0.111*[#   3]+0.111*[#   4]+0.111*[#   6]+0.111*[#   7]
          +0.111*[#   8]+0.022*[#   1]+0.022*[#   5]
    |psi|^2 = 0.712

 k =  -0.1885618083 -0.4714045208  0.5656854249
==== e(   1) =    -3.18931 eV ==== 
     psi = 0.334*[#   1]+0.334*[#   5]+0.054*[#   2]+0.054*[#   3]+0.054*[#   4]
          +0.054*[#   6]+0.054*[#   7]+0.054*[#   8]
    |psi|^2 = 0.996
==== e(   2) =    -0.35674 eV ==== 
     psi = 0.211*[#   1]+0.211*[#   5]+0.095*[#   2]+0.095*[#   3]+0.095*[#   4]
          +0.095*[#   6]+0.095*[#   7]+0.095*[#   8]
    |psi|^2 = 0.991
==== e(   3) =     2.56383 eV ==== 
     psi = 0.149*[#   2]+0.149*[#   3]+0.149*[#   4]+0.149*[#   6]+0.149*[#   7]
          +0.149*[#   8]+0.048*[#   1]+0.048*[#   5]
    |psi|^2 = 0.992
==== e(   4) =     3.77221 eV ==== 
     psi = 0.165*[#   2]+0.165*[#   3]+0.165*[#   4]+0.165*[#   6]+0.165*[#   7]
          +0.165*[#   8]+0.001*[#   1]+0.001*[#   5]
    |psi|^2 = 0.991
==== e(   5) =     7.96622 eV ==== 
     psi = 0.114*[#   1]+0.114*[#   5]+0.098*[#   2]+0.098*[#   3]+0.098*[#   4]
          +0.098*[#   6]+0.098*[#   7]+0.098*[#   8]
    |psi|^2 = 0.818
==== e(   6) =    10.57604 eV ==== 
     psi = 0.084*[#   2]+0.084*[#   3]+0.084*[#   4]+0.084*[#   6]+0.084*[#   7]
          +0.084*[#   8]+0.029*[#   1]+0.029*[#   5]
    |psi|^2 = 0.559
==== e(   7) =    10.91877 eV ==== 
     psi = 0.123*[#   1]+0.123*[#   5]+0.080*[#   2]+0.080*[#   3]+0.080*[#   4]
          +0.080*[#   6]+0.080*[#   7]+0.080*[#   8]
    |psi|^2 = 0.726
==== e(   8) =    12.18261 eV ==== 
     psi = 0.103*[#   2]+0.103*[#   3]+0.103*[#   4]+0.103*[#   6]+0.103*[#   7]
          +0.103*[#   8]+0.033*[#   1]+0.033*[#   5]
    |psi|^2 = 0.685

 k =  -0.1414213562 -0.4242640687  0.5185449729
==== e(   1) =    -2.90801 eV ==== 
     psi = 0.347*[#   1]+0.347*[#   5]+0.051*[#   2]+0.051*[#   3]+0.051*[#   4]
          +0.051*[#   6]+0.051*[#   7]+0.051*[#   8]
    |psi|^2 = 0.996
==== e(   2) =    -0.72623 eV ==== 
     psi = 0.197*[#   1]+0.197*[#   5]+0.100*[#   2]+0.100*[#   3]+0.100*[#   4]
          +0.100*[#   6]+0.100*[#   7]+0.100*[#   8]
    |psi|^2 = 0.991
==== e(   3) =     2.33146 eV ==== 
     psi = 0.149*[#   2]+0.149*[#   3]+0.149*[#   4]+0.149*[#   6]+0.149*[#   7]
          +0.149*[#   8]+0.048*[#   1]+0.048*[#   5]
    |psi|^2 = 0.993
==== e(   4) =     3.85773 eV ==== 
     psi = 0.164*[#   2]+0.164*[#   3]+0.164*[#   4]+0.164*[#   6]+0.164*[#   7]
          +0.164*[#   8]+0.002*[#   1]+0.002*[#   5]
    |psi|^2 = 0.991
==== e(   5) =     8.10009 eV ==== 
     psi = 0.109*[#   1]+0.109*[#   5]+0.100*[#   2]+0.100*[#   3]+0.100*[#   4]
          +0.100*[#   6]+0.100*[#   7]+0.100*[#   8]
    |psi|^2 = 0.816
==== e(   6) =    10.42447 eV ==== 
     psi = 0.095*[#   2]+0.095*[#   3]+0.095*[#   4]+0.095*[#   6]+0.095*[#   7]
          +0.095*[#   8]+0.061*[#   1]+0.061*[#   5]
    |psi|^2 = 0.692
==== e(   7) =    12.02974 eV ==== 
     psi = 0.057*[#   2]+0.057*[#   3]+0.057*[#   4]+0.057*[#   6]+0.057*[#   7]
          +0.057*[#   8]+0.021*[#   1]+0.021*[#   5]
    |psi|^2 = 0.384
==== e(   8) =    12.14046 eV ==== 
     psi = 0.100*[#   2]+0.100*[#   3]+0.100*[#   4]+0.100*[#   6]+0.100*[#   7]
          +0.100*[#   8]+0.093*[#   1]+0.093*[#   5]
    |psi|^2 = 0.784

 k =  -0.0942809042 -0.3771236166  0.4714045208
==== e(   1) =    -3.08471 eV ==== 
     psi = 0.342*[#   1]+0.342*[#   5]+0.052*[#   2]+0.052*[#   3]+0.052*[#   4]
          +0.052*[#   6]+0.052*[#   7]+0.052*[#   8]
    |psi|^2 = 0.996
==== e(   2) =    -0.49087 eV ==== 
     psi = 0.203*[#   1]+0.203*[#   5]+0.098*[#   2]+0.098*[#   3]+0.098*[#   4]
          +0.098*[#   6]+0.098*[#   7]+0.098*[#   8]
    |psi|^2 = 0.992
==== e(   3) =     2.21781 eV ==== 
     psi = 0.151*[#   2]+0.151*[#   3]+0.151*[#   4]+0.151*[#   6]+0.151*[#   7]
          +0.151*[#   8]+0.045*[#   1]+0.045*[#   5]
    |psi|^2 = 0.992
==== e(   4) =     4.04422 eV ==== 
     psi = 0.164*[#   2]+0.164*[#   3]+0.164*[#   4]+0.164*[#   6]+0.164*[#   7]
          +0.164*[#   8]+0.003*[#   1]+0.003*[#   5]
    |psi|^2 = 0.990
==== e(   5) =     8.31830 eV ==== 
     psi = 0.102*[#   2]+0.102*[#   3]+0.102*[#   4]+0.102*[#   6]+0.102*[#   7]
          +0.102*[#   8]+0.102*[#   1]+0.102*[#   5]
    |psi|^2 = 0.819
==== e(   6) =    10.27750 eV ==== 
     psi = 0.098*[#   2]+0.098*[#   3]+0.098*[#   4]+0.098*[#   6]+0.098*[#   7]
          +0.098*[#   8]+0.064*[#   1]+0.064*[#   5]
    |psi|^2 = 0.716
==== e(   7) =    11.94914 eV ==== 
     psi = 0.105*[#   2]+0.105*[#   3]+0.105*[#   4]+0.105*[#   6]+0.105*[#   7]
          +0.105*[#   8]+0.045*[#   1]+0.045*[#   5]
    |psi|^2 = 0.718
==== e(   8) =    12.70227 eV ==== 
     psi = 0.045*[#   1]+0.045*[#   5]+0.034*[#   2]+0.034*[#   3]+0.034*[#   4]
          +0.034*[#   6]+0.034*[#   7]+0.034*[#   8]
    |psi|^2 = 0.293

 k =  -0.0471404521 -0.3299831646  0.4242640687
==== e(   1) =    -3.53940 eV ==== 
     psi = 0.336*[#   1]+0.336*[#   5]+0.054*[#   2]+0.054*[#   3]+0.054*[#   4]
          +0.054*[#   6]+0.054*[#   7]+0.054*[#   8]
    |psi|^2 = 0.995
==== e(   2) =     0.14163 eV ==== 
     psi = 0.214*[#   1]+0.214*[#   5]+0.094*[#   2]+0.094*[#   3]+0.094*[#   4]
          +0.094*[#   6]+0.094*[#   7]+0.094*[#   8]
    |psi|^2 = 0.992
==== e(   3) =     2.26665 eV ==== 
     psi = 0.152*[#   2]+0.152*[#   3]+0.152*[#   4]+0.152*[#   6]+0.152*[#   7]
          +0.152*[#   8]+0.039*[#   1]+0.039*[#   5]
    |psi|^2 = 0.991
==== e(   4) =     4.30978 eV ==== 
     psi = 0.163*[#   2]+0.163*[#   3]+0.163*[#   4]+0.163*[#   6]+0.163*[#   7]
          +0.163*[#   8]+0.004*[#   1]+0.004*[#   5]
    |psi|^2 = 0.989
==== e(   5) =     8.60997 eV ==== 
     psi = 0.106*[#   2]+0.106*[#   3]+0.106*[#   4]+0.106*[#   6]+0.106*[#   7]
          +0.106*[#   8]+0.096*[#   1]+0.096*[#   5]
    |psi|^2 = 0.827
==== e(   6) =    10.12626 eV ==== 
     psi = 0.110*[#   2]+0.110*[#   3]+0.110*[#   4]+0.110*[#   6]+0.110*[#   7]
          +0.110*[#   8]+0.056*[#   1]+0.056*[#   5]
    |psi|^2 = 0.773
==== e(   7) =    11.56322 eV ==== 
     psi = 0.087*[#   1]+0.087*[#   5]+0.078*[#   2]+0.078*[#   3]+0.078*[#   4]
          +0.078*[#   6]+0.078*[#   7]+0.078*[#   8]
    |psi|^2 = 0.641
==== e(   8) =    11.91378 eV ==== 
     psi = 0.076*[#   2]+0.076*[#   3]+0.076*[#   4]+0.076*[#   6]+0.076*[#   7]
          +0.076*[#   8]+0.032*[#   1]+0.032*[#   5]
    |psi|^2 = 0.523

 k =   0.0000000000 -0.2828427125  0.3771236166
==== e(   1) =    -4.02602 eV ==== 
     psi = 0.340*[#   1]+0.340*[#   5]+0.052*[#   2]+0.052*[#   3]+0.052*[#   4]
          +0.052*[#   6]+0.052*[#   7]+0.052*[#   8]
    |psi|^2 = 0.995
==== e(   2) =     0.83635 eV ==== 
     psi = 0.211*[#   1]+0.211*[#   5]+0.095*[#   2]+0.095*[#   3]+0.095*[#   4]
          +0.095*[#   6]+0.095*[#   7]+0.095*[#   8]
    |psi|^2 = 0.991
==== e(   3) =     2.56737 eV ==== 
     psi = 0.152*[#   2]+0.152*[#   3]+0.152*[#   4]+0.152*[#   6]+0.152*[#   7]
          +0.152*[#   8]+0.038*[#   1]+0.038*[#   5]
    |psi|^2 = 0.990
==== e(   4) =     4.62020 eV ==== 
     psi = 0.163*[#   2]+0.163*[#   3]+0.163*[#   4]+0.163*[#   6]+0.163*[#   7]
          +0.163*[#   8]+0.005*[#   1]+0.005*[#   5]
    |psi|^2 = 0.987
==== e(   5) =     8.92927 eV ==== 
     psi = 0.108*[#   2]+0.108*[#   3]+0.108*[#   4]+0.108*[#   6]+0.108*[#   7]
          +0.108*[#   8]+0.099*[#   1]+0.099*[#   5]
    |psi|^2 = 0.848
==== e(   6) =     9.76347 eV ==== 
     psi = 0.126*[#   2]+0.126*[#   3]+0.126*[#   4]+0.126*[#   6]+0.126*[#   7]
          +0.126*[#   8]+0.051*[#   1]+0.051*[#   5]
    |psi|^2 = 0.859
==== e(   7) =    11.02523 eV ==== 
     psi = 0.097*[#   1]+0.097*[#   5]+0.045*[#   2]+0.045*[#   3]+0.045*[#   4]
          +0.045*[#   6]+0.045*[#   7]+0.045*[#   8]
    |psi|^2 = 0.464
==== e(   8) =    11.48271 eV ==== 
     psi = 0.117*[#   2]+0.117*[#   3]+0.117*[#   4]+0.117*[#   6]+0.117*[#   7]
          +0.117*[#   8]+0.033*[#   1]+0.033*[#   5]
    |psi|^2 = 0.768

 k =   0.4714045208  0.0942809042 -0.0000000000
==== e(   1) =    -3.90044 eV ==== 
     psi = 0.324*[#   1]+0.324*[#   5]+0.058*[#   2]+0.058*[#   3]+0.058*[#   4]
          +0.058*[#   6]+0.058*[#   7]+0.058*[#   8]
    |psi|^2 = 0.995
==== e(   2) =     0.88335 eV ==== 
     psi = 0.247*[#   1]+0.247*[#   5]+0.083*[#   2]+0.083*[#   3]+0.083*[#   4]
          +0.083*[#   6]+0.083*[#   7]+0.083*[#   8]
    |psi|^2 = 0.990
==== e(   3) =     3.33734 eV ==== 
     psi = 0.161*[#   2]+0.161*[#   3]+0.161*[#   4]+0.161*[#   6]+0.161*[#   7]
          +0.161*[#   8]+0.014*[#   1]+0.014*[#   5]
    |psi|^2 = 0.992
==== e(   4) =     3.62016 eV ==== 
     psi = 0.165*[#   2]+0.165*[#   3]+0.165*[#   4]+0.165*[#   6]+0.165*[#   7]
          +0.165*[#   8]+0.001*[#   1]+0.001*[#   5]
    |psi|^2 = 0.992
==== e(   5) =     7.18285 eV ==== 
     psi = 0.138*[#   1]+0.138*[#   5]+0.107*[#   2]+0.107*[#   3]+0.107*[#   4]
          +0.107*[#   6]+0.107*[#   7]+0.107*[#   8]
    |psi|^2 = 0.919
==== e(   6) =     8.32253 eV ==== 
     psi = 0.129*[#   1]+0.129*[#   5]+0.056*[#   2]+0.056*[#   3]+0.056*[#   4]
          +0.056*[#   6]+0.056*[#   7]+0.056*[#   8]
    |psi|^2 = 0.591
==== e(   7) =    12.32248 eV ==== 
     psi = 0.117*[#   2]+0.117*[#   3]+0.117*[#   4]+0.117*[#   6]+0.117*[#   7]
          +0.117*[#   8]+0.027*[#   1]+0.027*[#   5]
    |psi|^2 = 0.754
==== e(   8) =    13.13226 eV ==== 
     psi = 0.130*[#   2]+0.130*[#   3]+0.130*[#   4]+0.130*[#   6]+0.130*[#   7]
          +0.130*[#   8]+0.003*[#   1]+0.003*[#   5]
    |psi|^2 = 0.786

 k =   0.5185449729  0.1414213562 -0.0471404521
==== e(   1) =    -3.44124 eV ==== 
     psi = 0.317*[#   1]+0.317*[#   5]+0.060*[#   2]+0.060*[#   3]+0.060*[#   4]
          +0.060*[#   6]+0.060*[#   7]+0.060*[#   8]
    |psi|^2 = 0.995
==== e(   2) =     0.22594 eV ==== 
     psi = 0.255*[#   1]+0.255*[#   5]+0.080*[#   2]+0.080*[#   3]+0.080*[#   4]
          +0.080*[#   6]+0.080*[#   7]+0.080*[#   8]
    |psi|^2 = 0.992
==== e(   3) =     2.86373 eV ==== 
     psi = 0.159*[#   2]+0.159*[#   3]+0.159*[#   4]+0.159*[#   6]+0.159*[#   7]
          +0.159*[#   8]+0.020*[#   1]+0.020*[#   5]
    |psi|^2 = 0.992
==== e(   4) =     3.45780 eV ==== 
     psi = 0.165*[#   2]+0.165*[#   3]+0.165*[#   4]+0.165*[#   6]+0.165*[#   7]
          +0.165*[#   8]
    |psi|^2 = 0.992
==== e(   5) =     7.46192 eV ==== 
     psi = 0.130*[#   1]+0.130*[#   5]+0.101*[#   2]+0.101*[#   3]+0.101*[#   4]
          +0.101*[#   6]+0.101*[#   7]+0.101*[#   8]
    |psi|^2 = 0.869
==== e(   6) =     8.55991 eV ==== 
     psi = 0.122*[#   1]+0.122*[#   5]+0.066*[#   2]+0.066*[#   3]+0.066*[#   4]
          +0.066*[#   6]+0.066*[#   7]+0.066*[#   8]
    |psi|^2 = 0.637
==== e(   7) =    12.13261 eV ==== 
     psi = 0.107*[#   2]+0.107*[#   3]+0.107*[#   4]+0.107*[#   6]+0.107*[#   7]
          +0.107*[#   8]+0.041*[#   1]+0.041*[#   5]
    |psi|^2 = 0.722
==== e(   8) =    13.46985 eV ==== 
     psi = 0.115*[#   2]+0.115*[#   3]+0.115*[#   4]+0.115*[#   6]+0.115*[#   7]
          +0.115*[#   8]+0.012*[#   1]+0.012*[#   5]
    |psi|^2 = 0.715

 k =  -0.1414213562 -0.5185449729  0.6128258770
==== e(   1) =    -2.94600 eV ==== 
     psi = 0.317*[#   1]+0.317*[#   5]+0.060*[#   2]+0.060*[#   3]+0.060*[#   4]
          +0.060*[#   6]+0.060*[#   7]+0.060*[#   8]
    |psi|^2 = 0.995
==== e(   2) =    -0.40198 eV ==== 
     psi = 0.256*[#   1]+0.256*[#   5]+0.080*[#   2]+0.080*[#   3]+0.080*[#   4]
          +0.080*[#   6]+0.080*[#   7]+0.080*[#   8]
    |psi|^2 = 0.993
==== e(   3) =     2.37028 eV ==== 
     psi = 0.159*[#   2]+0.159*[#   3]+0.159*[#   4]+0.159*[#   6]+0.159*[#   7]
          +0.159*[#   8]+0.020*[#   1]+0.020*[#   5]
    |psi|^2 = 0.993
==== e(   4) =     3.42967 eV ==== 
     psi = 0.165*[#   2]+0.165*[#   3]+0.165*[#   4]+0.165*[#   6]+0.165*[#   7]
          +0.165*[#   8]+0.002*[#   1]+0.002*[#   5]
    |psi|^2 = 0.992
==== e(   5) =     7.58964 eV ==== 
     psi = 0.125*[#   1]+0.125*[#   5]+0.096*[#   2]+0.096*[#   3]+0.096*[#   4]
          +0.096*[#   6]+0.096*[#   7]+0.096*[#   8]
    |psi|^2 = 0.824
==== e(   6) =     9.40281 eV ==== 
     psi = 0.102*[#   1]+0.102*[#   5]+0.070*[#   2]+0.070*[#   3]+0.070*[#   4]
          +0.070*[#   6]+0.070*[#   7]+0.070*[#   8]
    |psi|^2 = 0.627
==== e(   7) =    11.89103 eV ==== 
     psi = 0.100*[#   2]+0.100*[#   3]+0.100*[#   4]+0.100*[#   6]+0.100*[#   7]
          +0.100*[#   8]+0.054*[#   1]+0.054*[#   5]
    |psi|^2 = 0.710
==== e(   8) =    13.45997 eV ==== 
     psi = 0.103*[#   2]+0.103*[#   3]+0.103*[#   4]+0.103*[#   6]+0.103*[#   7]
          +0.103*[#   8]+0.025*[#   1]+0.025*[#   5]
    |psi|^2 = 0.666

 k =  -0.0942809042 -0.4714045208  0.5656854249
==== e(   1) =    -2.56706 eV ==== 
     psi = 0.328*[#   1]+0.328*[#   5]+0.056*[#   2]+0.056*[#   3]+0.056*[#   4]
          +0.056*[#   6]+0.056*[#   7]+0.056*[#   8]
    |psi|^2 = 0.996
==== e(   2) =    -0.83465 eV ==== 
     psi = 0.246*[#   1]+0.246*[#   5]+0.084*[#   2]+0.084*[#   3]+0.084*[#   4]
          +0.084*[#   6]+0.084*[#   7]+0.084*[#   8]
    |psi|^2 = 0.993
==== e(   3) =     1.98669 eV ==== 
     psi = 0.160*[#   2]+0.160*[#   3]+0.160*[#   4]+0.160*[#   6]+0.160*[#   7]
          +0.160*[#   8]+0.017*[#   1]+0.017*[#   5]
    |psi|^2 = 0.993
==== e(   4) =     3.51896 eV ==== 
     psi = 0.164*[#   2]+0.164*[#   3]+0.164*[#   4]+0.164*[#   6]+0.164*[#   7]
          +0.164*[#   8]+0.003*[#   1]+0.003*[#   5]
    |psi|^2 = 0.992
==== e(   5) =     7.72622 eV ==== 
     psi = 0.117*[#   1]+0.117*[#   5]+0.097*[#   2]+0.097*[#   3]+0.097*[#   4]
          +0.097*[#   6]+0.097*[#   7]+0.097*[#   8]
    |psi|^2 = 0.816
==== e(   6) =    10.54283 eV ==== 
     psi = 0.069*[#   1]+0.069*[#   5]+0.060*[#   2]+0.060*[#   3]+0.060*[#   4]
          +0.060*[#   6]+0.060*[#   7]+0.060*[#   8]
    |psi|^2 = 0.496
==== e(   7) =    11.67973 eV ==== 
     psi = 0.100*[#   2]+0.100*[#   3]+0.100*[#   4]+0.100*[#   6]+0.100*[#   7]
          +0.100*[#   8]+0.071*[#   1]+0.071*[#   5]
    |psi|^2 = 0.739
==== e(   8) =    13.31789 eV ==== 
     psi = 0.106*[#   2]+0.106*[#   3]+0.106*[#   4]+0.106*[#   6]+0.106*[#   7]
          +0.106*[#   8]+0.038*[#   1]+0.038*[#   5]
    |psi|^2 = 0.713

 k =  -0.0471404521 -0.4242640687  0.5185449729
==== e(   1) =    -2.63178 eV ==== 
     psi = 0.334*[#   1]+0.334*[#   5]+0.055*[#   2]+0.055*[#   3]+0.055*[#   4]
          +0.055*[#   6]+0.055*[#   7]+0.055*[#   8]
    |psi|^2 = 0.996
==== e(   2) =    -0.75362 eV ==== 
     psi = 0.241*[#   1]+0.241*[#   5]+0.085*[#   2]+0.085*[#   3]+0.085*[#   4]
          +0.085*[#   6]+0.085*[#   7]+0.085*[#   8]
    |psi|^2 = 0.993
==== e(   3) =     1.78572 eV ==== 
     psi = 0.161*[#   2]+0.161*[#   3]+0.161*[#   4]+0.161*[#   6]+0.161*[#   7]
          +0.161*[#   8]+0.014*[#   1]+0.014*[#   5]
    |psi|^2 = 0.993
==== e(   4) =     3.70968 eV ==== 
     psi = 0.164*[#   2]+0.164*[#   3]+0.164*[#   4]+0.164*[#   6]+0.164*[#   7]
          +0.164*[#   8]+0.004*[#   1]+0.004*[#   5]
    |psi|^2 = 0.991
==== e(   5) =     7.94784 eV ==== 
     psi = 0.106*[#   1]+0.106*[#   5]+0.101*[#   2]+0.101*[#   3]+0.101*[#   4]
          +0.101*[#   6]+0.101*[#   7]+0.101*[#   8]
    |psi|^2 = 0.816
==== e(   6) =    11.31826 eV ==== 
     psi = 0.077*[#   2]+0.077*[#   3]+0.077*[#   4]+0.077*[#   6]+0.077*[#   7]
          +0.077*[#   8]+0.022*[#   1]+0.022*[#   5]
    |psi|^2 = 0.503
==== e(   7) =    11.99951 eV ==== 
     psi = 0.085*[#   1]+0.085*[#   5]+0.064*[#   2]+0.064*[#   3]+0.064*[#   4]
          +0.064*[#   6]+0.064*[#   7]+0.064*[#   8]
    |psi|^2 = 0.557
==== e(   8) =    12.72060 eV ==== 
     psi = 0.088*[#   2]+0.088*[#   3]+0.088*[#   4]+0.088*[#   6]+0.088*[#   7]
          +0.088*[#   8]+0.069*[#   1]+0.069*[#   5]
    |psi|^2 = 0.664

 k =  -0.0000000000 -0.3771236166  0.4714045208
==== e(   1) =    -3.05552 eV ==== 
     psi = 0.332*[#   1]+0.332*[#   5]+0.055*[#   2]+0.055*[#   3]+0.055*[#   4]
          +0.055*[#   6]+0.055*[#   7]+0.055*[#   8]
    |psi|^2 = 0.996
==== e(   2) =    -0.29833 eV ==== 
     psi = 0.239*[#   1]+0.239*[#   5]+0.086*[#   2]+0.086*[#   3]+0.086*[#   4]
          +0.086*[#   6]+0.086*[#   7]+0.086*[#   8]
    |psi|^2 = 0.993
==== e(   3) =     1.84744 eV ==== 
     psi = 0.159*[#   2]+0.159*[#   3]+0.159*[#   4]+0.159*[#   6]+0.159*[#   7]
          +0.159*[#   8]+0.019*[#   1]+0.019*[#   5]
    |psi|^2 = 0.992
==== e(   4) =     3.98344 eV ==== 
     psi = 0.164*[#   2]+0.164*[#   3]+0.164*[#   4]+0.164*[#   6]+0.164*[#   7]
          +0.164*[#   8]+0.004*[#   1]+0.004*[#   5]
    |psi|^2 = 0.990
==== e(   5) =     8.25487 eV ==== 
     psi = 0.104*[#   2]+0.104*[#   3]+0.104*[#   4]+0.104*[#   6]+0.104*[#   7]
          +0.104*[#   8]+0.097*[#   1]+0.097*[#   5]
    |psi|^2 = 0.817
==== e(   6) =    10.97433 eV ==== 
     psi = 0.108*[#   2]+0.108*[#   3]+0.108*[#   4]+0.108*[#   6]+0.108*[#   7]
          +0.108*[#   8]+0.035*[#   1]+0.035*[#   5]
    |psi|^2 = 0.717
==== e(   7) =    11.82651 eV ==== 
     psi = 0.092*[#   1]+0.092*[#   5]+0.054*[#   2]+0.054*[#   3]+0.054*[#   4]
          +0.054*[#   6]+0.054*[#   7]+0.054*[#   8]
    |psi|^2 = 0.504
==== e(   8) =    12.70875 eV ==== 
     psi = 0.069*[#   2]+0.069*[#   3]+0.069*[#   4]+0.069*[#   6]+0.069*[#   7]
          +0.069*[#   8]+0.011*[#   1]+0.011*[#   5]
    |psi|^2 = 0.437

 k =   0.5656854249  0.0942809042  0.0000000000
==== e(   1) =    -3.11716 eV ==== 
     psi = 0.307*[#   1]+0.307*[#   5]+0.064*[#   2]+0.064*[#   3]+0.064*[#   4]
          +0.064*[#   6]+0.064*[#   7]+0.064*[#   8]
    |psi|^2 = 0.994
==== e(   2) =    -0.18973 eV ==== 
     psi = 0.267*[#   1]+0.267*[#   5]+0.076*[#   2]+0.076*[#   3]+0.076*[#   4]
          +0.076*[#   6]+0.076*[#   7]+0.076*[#   8]
    |psi|^2 = 0.992
==== e(   3) =     3.08597 eV ==== 
     psi = 0.162*[#   2]+0.162*[#   3]+0.162*[#   4]+0.162*[#   6]+0.162*[#   7]
          +0.162*[#   8]+0.011*[#   1]+0.011*[#   5]
    |psi|^2 = 0.993
==== e(   4) =     3.24459 eV ==== 
     psi = 0.165*[#   2]+0.165*[#   3]+0.165*[#   4]+0.165*[#   6]+0.165*[#   7]
          +0.165*[#   8]
    |psi|^2 = 0.993
==== e(   5) =     7.03406 eV ==== 
     psi = 0.150*[#   1]+0.150*[#   5]+0.099*[#   2]+0.099*[#   3]+0.099*[#   4]
          +0.099*[#   6]+0.099*[#   7]+0.099*[#   8]
    |psi|^2 = 0.892
==== e(   6) =     7.68924 eV ==== 
     psi = 0.141*[#   1]+0.141*[#   5]+0.068*[#   2]+0.068*[#   3]+0.068*[#   4]
          +0.068*[#   6]+0.068*[#   7]+0.068*[#   8]
    |psi|^2 = 0.691
==== e(   7) =    13.43899 eV ==== 
     psi = 0.106*[#   2]+0.106*[#   3]+0.106*[#   4]+0.106*[#   6]+0.106*[#   7]
          +0.106*[#   8]+0.022*[#   1]+0.022*[#   5]
    |psi|^2 = 0.679
==== e(   8) =    14.38472 eV ==== 
     psi = 0.122*[#   2]+0.122*[#   3]+0.122*[#   4]+0.122*[#   6]+0.122*[#   7]
          +0.122*[#   8]+0.002*[#   1]+0.002*[#   5]
    |psi|^2 = 0.735

 k =  -0.0942809042 -0.5656854249  0.6599663291
==== e(   1) =    -2.62325 eV ==== 
     psi = 0.303*[#   1]+0.303*[#   5]+0.065*[#   2]+0.065*[#   3]+0.065*[#   4]
          +0.065*[#   6]+0.065*[#   7]+0.065*[#   8]
    |psi|^2 = 0.994
==== e(   2) =    -0.74303 eV ==== 
     psi = 0.276*[#   1]+0.276*[#   5]+0.074*[#   2]+0.074*[#   3]+0.074*[#   4]
          +0.074*[#   6]+0.074*[#   7]+0.074*[#   8]
    |psi|^2 = 0.993
==== e(   3) =     2.59539 eV ==== 
     psi = 0.162*[#   2]+0.162*[#   3]+0.162*[#   4]+0.162*[#   6]+0.162*[#   7]
          +0.162*[#   8]+0.010*[#   1]+0.010*[#   5]
    |psi|^2 = 0.993
==== e(   4) =     3.17258 eV ==== 
     psi = 0.165*[#   2]+0.165*[#   3]+0.165*[#   4]+0.165*[#   6]+0.165*[#   7]
          +0.165*[#   8]+0.003*[#   1]+0.003*[#   5]
    |psi|^2 = 0.993
==== e(   5) =     7.29551 eV ==== 
     psi = 0.141*[#   1]+0.141*[#   5]+0.092*[#   2]+0.092*[#   3]+0.092*[#   4]
          +0.092*[#   6]+0.092*[#   7]+0.092*[#   8]
    |psi|^2 = 0.835
==== e(   6) =     8.15852 eV ==== 
     psi = 0.129*[#   1]+0.129*[#   5]+0.078*[#   2]+0.078*[#   3]+0.078*[#   4]
          +0.078*[#   6]+0.078*[#   7]+0.078*[#   8]
    |psi|^2 = 0.727
==== e(   7) =    13.22472 eV ==== 
     psi = 0.096*[#   2]+0.096*[#   3]+0.096*[#   4]+0.096*[#   6]+0.096*[#   7]
          +0.096*[#   8]+0.032*[#   1]+0.032*[#   5]
    |psi|^2 = 0.643
==== e(   8) =    14.68335 eV ==== 
     psi = 0.119*[#   2]+0.119*[#   3]+0.119*[#   4]+0.119*[#   6]+0.119*[#   7]
          +0.119*[#   8]+0.013*[#   1]+0.013*[#   5]
    |psi|^2 = 0.739

 k =  -0.0471404521 -0.5185449729  0.6128258770
==== e(   1) =    -2.18270 eV ==== 
     psi = 0.311*[#   1]+0.311*[#   5]+0.062*[#   2]+0.062*[#   3]+0.062*[#   4]
          +0.062*[#   6]+0.062*[#   7]+0.062*[#   8]
    |psi|^2 = 0.995
==== e(   2) =    -1.17588 eV ==== 
     psi = 0.275*[#   1]+0.275*[#   5]+0.074*[#   2]+0.074*[#   3]+0.074*[#   4]
          +0.074*[#   6]+0.074*[#   7]+0.074*[#   8]
    |psi|^2 = 0.994
==== e(   3) =     2.08356 eV ==== 
     psi = 0.164*[#   2]+0.164*[#   3]+0.164*[#   4]+0.164*[#   6]+0.164*[#   7]
          +0.164*[#   8]+0.004*[#   1]+0.004*[#   5]
    |psi|^2 = 0.993
==== e(   4) =     3.25322 eV ==== 
     psi = 0.164*[#   2]+0.164*[#   3]+0.164*[#   4]+0.164*[#   6]+0.164*[#   7]
          +0.164*[#   8]+0.004*[#   1]+0.004*[#   5]
    |psi|^2 = 0.993
==== e(   5) =     7.43157 eV ==== 
     psi = 0.132*[#   1]+0.132*[#   5]+0.093*[#   2]+0.093*[#   3]+0.093*[#   4]
          +0.093*[#   6]+0.093*[#   7]+0.093*[#   8]
    |psi|^2 = 0.818
==== e(   6) =     9.19773 eV ==== 
     psi = 0.107*[#   1]+0.107*[#   5]+0.075*[#   2]+0.075*[#   3]+0.075*[#   4]
          +0.075*[#   6]+0.075*[#   7]+0.075*[#   8]
    |psi|^2 = 0.667
==== e(   7) =    12.97297 eV ==== 
     psi = 0.093*[#   2]+0.093*[#   3]+0.093*[#   4]+0.093*[#   6]+0.093*[#   7]
          +0.093*[#   8]+0.040*[#   1]+0.040*[#   5]
    |psi|^2 = 0.636
==== e(   8) =    14.15042 eV ==== 
     psi = 0.100*[#   2]+0.100*[#   3]+0.100*[#   4]+0.100*[#   6]+0.100*[#   7]
          +0.100*[#   8]+0.039*[#   1]+0.039*[#   5]
    |psi|^2 = 0.680

 k =   0.0000000000 -0.4714045208  0.5656854249
==== e(   1) =    -2.21455 eV ==== 
     psi = 0.327*[#   1]+0.327*[#   5]+0.057*[#   2]+0.057*[#   3]+0.057*[#   4]
          +0.057*[#   6]+0.057*[#   7]+0.057*[#   8]
    |psi|^2 = 0.996
==== e(   2) =    -1.11899 eV ==== 
     psi = 0.263*[#   1]+0.263*[#   5]+0.078*[#   2]+0.078*[#   3]+0.078*[#   4]
          +0.078*[#   6]+0.078*[#   7]+0.078*[#   8]
    |psi|^2 = 0.994
==== e(   3) =     1.76562 eV ==== 
     psi = 0.165*[#   2]+0.165*[#   3]+0.165*[#   4]+0.165*[#   6]+0.165*[#   7]
          +0.165*[#   8]
    |psi|^2 = 0.993
==== e(   4) =     3.43751 eV ==== 
     psi = 0.164*[#   2]+0.164*[#   3]+0.164*[#   4]+0.164*[#   6]+0.164*[#   7]
          +0.164*[#   8]+0.004*[#   1]+0.004*[#   5]
    |psi|^2 = 0.993
==== e(   5) =     7.64267 eV ==== 
     psi = 0.119*[#   1]+0.119*[#   5]+0.097*[#   2]+0.097*[#   3]+0.097*[#   4]
          +0.097*[#   6]+0.097*[#   7]+0.097*[#   8]
    |psi|^2 = 0.817
==== e(   6) =    10.46269 eV ==== 
     psi = 0.077*[#   1]+0.077*[#   5]+0.061*[#   2]+0.061*[#   3]+0.061*[#   4]
          +0.061*[#   6]+0.061*[#   7]+0.061*[#   8]
    |psi|^2 = 0.519
==== e(   7) =    12.56834 eV ==== 
     psi = 0.107*[#   2]+0.107*[#   3]+0.107*[#   4]+0.107*[#   6]+0.107*[#   7]
          +0.107*[#   8]+0.043*[#   1]+0.043*[#   5]
    |psi|^2 = 0.730
==== e(   8) =    13.04267 eV ==== 
     psi = 0.066*[#   2]+0.066*[#   3]+0.066*[#   4]+0.066*[#   6]+0.066*[#   7]
          +0.066*[#   8]+0.065*[#   1]+0.065*[#   5]
    |psi|^2 = 0.527

 k =  -0.0471404521 -0.6128258770  0.7071067812
==== e(   1) =    -2.22232 eV ==== 
     psi = 0.293*[#   1]+0.293*[#   5]+0.068*[#   2]+0.068*[#   3]+0.068*[#   4]
          +0.068*[#   6]+0.068*[#   7]+0.068*[#   8]
    |psi|^2 = 0.994
==== e(   2) =    -1.23697 eV ==== 
     psi = 0.281*[#   1]+0.281*[#   5]+0.072*[#   2]+0.072*[#   3]+0.072*[#   4]
          +0.072*[#   6]+0.072*[#   7]+0.072*[#   8]
    |psi|^2 = 0.993
==== e(   3) =     2.98234 eV ==== 
     psi = 0.163*[#   2]+0.163*[#   3]+0.163*[#   4]+0.163*[#   6]+0.163*[#   7]
          +0.163*[#   8]+0.007*[#   1]+0.007*[#   5]
    |psi|^2 = 0.994
==== e(   4) =     3.03334 eV ==== 
     psi = 0.165*[#   2]+0.165*[#   3]+0.165*[#   4]+0.165*[#   6]+0.165*[#   7]
          +0.165*[#   8]+0.003*[#   1]+0.003*[#   5]
    |psi|^2 = 0.994
==== e(   5) =     7.05693 eV ==== 
     psi = 0.153*[#   1]+0.153*[#   5]+0.090*[#   2]+0.090*[#   3]+0.090*[#   4]
          +0.090*[#   6]+0.090*[#   7]+0.090*[#   8]
    |psi|^2 = 0.848
==== e(   6) =     7.27014 eV ==== 
     psi = 0.150*[#   1]+0.150*[#   5]+0.080*[#   2]+0.080*[#   3]+0.080*[#   4]
          +0.080*[#   6]+0.080*[#   7]+0.080*[#   8]
    |psi|^2 = 0.781
==== e(   7) =    14.60189 eV ==== 
     psi = 0.099*[#   2]+0.099*[#   3]+0.099*[#   4]+0.099*[#   6]+0.099*[#   7]
          +0.099*[#   8]+0.017*[#   1]+0.017*[#   5]
    |psi|^2 = 0.631
==== e(   8) =    15.44520 eV ==== 
     psi = 0.144*[#   2]+0.144*[#   3]+0.144*[#   4]+0.144*[#   6]+0.144*[#   7]
          +0.144*[#   8]+0.008*[#   1]+0.008*[#   5]
    |psi|^2 = 0.882

 k =   0.0000000000 -0.5656854249  0.6599663291
==== e(   1) =    -1.80514 eV ==== 
     psi = 0.300*[#   1]+0.300*[#   5]+0.066*[#   2]+0.066*[#   3]+0.066*[#   4]
          +0.066*[#   6]+0.066*[#   7]+0.066*[#   8]
    |psi|^2 = 0.994
==== e(   2) =    -1.61497 eV ==== 
     psi = 0.282*[#   1]+0.282*[#   5]+0.072*[#   2]+0.072*[#   3]+0.072*[#   4]
          +0.072*[#   6]+0.072*[#   7]+0.072*[#   8]
    |psi|^2 = 0.993
==== e(   3) =     2.50290 eV ==== 
     psi = 0.164*[#   2]+0.164*[#   3]+0.164*[#   4]+0.164*[#   6]+0.164*[#   7]
          +0.164*[#   8]+0.006*[#   1]+0.006*[#   5]
    |psi|^2 = 0.993
==== e(   4) =     3.08041 eV ==== 
     psi = 0.164*[#   2]+0.164*[#   3]+0.164*[#   4]+0.164*[#   6]+0.164*[#   7]
          +0.164*[#   8]+0.004*[#   1]+0.004*[#   5]
    |psi|^2 = 0.993
==== e(   5) =     7.24194 eV ==== 
     psi = 0.144*[#   1]+0.144*[#   5]+0.088*[#   2]+0.088*[#   3]+0.088*[#   4]
          +0.088*[#   6]+0.088*[#   7]+0.088*[#   8]
    |psi|^2 = 0.818
==== e(   6) =     8.02158 eV ==== 
     psi = 0.132*[#   1]+0.132*[#   5]+0.084*[#   2]+0.084*[#   3]+0.084*[#   4]
          +0.084*[#   6]+0.084*[#   7]+0.084*[#   8]
    |psi|^2 = 0.766
==== e(   7) =    14.29176 eV ==== 
     psi = 0.097*[#   2]+0.097*[#   3]+0.097*[#   4]+0.097*[#   6]+0.097*[#   7]
          +0.097*[#   8]+0.020*[#   1]+0.020*[#   5]
    |psi|^2 = 0.625
==== e(   8) =    14.47457 eV ==== 
     psi = 0.087*[#   2]+0.087*[#   3]+0.087*[#   4]+0.087*[#   6]+0.087*[#   7]
          +0.087*[#   8]+0.032*[#   1]+0.032*[#   5]
    |psi|^2 = 0.585

 k =   0.3771236166  0.1885618083 -0.0000000000
==== e(   1) =    -4.35493 eV ==== 
     psi = 0.344*[#   1]+0.344*[#   5]+0.051*[#   2]+0.051*[#   3]+0.051*[#   4]
          +0.051*[#   6]+0.051*[#   7]+0.051*[#   8]
    |psi|^2 = 0.995
==== e(   2) =     1.43060 eV ==== 
     psi = 0.209*[#   1]+0.209*[#   5]+0.095*[#   2]+0.095*[#   3]+0.095*[#   4]
          +0.095*[#   6]+0.095*[#   7]+0.095*[#   8]
    |psi|^2 = 0.990
==== e(   3) =     3.14246 eV ==== 
     psi = 0.154*[#   2]+0.154*[#   3]+0.154*[#   4]+0.154*[#   6]+0.154*[#   7]
          +0.154*[#   8]+0.034*[#   1]+0.034*[#   5]
    |psi|^2 = 0.990
==== e(   4) =     4.42496 eV ==== 
     psi = 0.161*[#   2]+0.161*[#   3]+0.161*[#   4]+0.161*[#   6]+0.161*[#   7]
          +0.161*[#   8]+0.010*[#   1]+0.010*[#   5]
    |psi|^2 = 0.988
==== e(   5) =     8.48944 eV ==== 
     psi = 0.124*[#   2]+0.124*[#   3]+0.124*[#   4]+0.124*[#   6]+0.124*[#   7]
          +0.124*[#   8]+0.082*[#   1]+0.082*[#   5]
    |psi|^2 = 0.908
==== e(   6) =     9.82915 eV ==== 
     psi = 0.177*[#   1]+0.177*[#   5]+0.061*[#   2]+0.061*[#   3]+0.061*[#   4]
          +0.061*[#   6]+0.061*[#   7]+0.061*[#   8]
    |psi|^2 = 0.721
==== e(   7) =    10.12531 eV ==== 
     psi = 0.097*[#   2]+0.097*[#   3]+0.097*[#   4]+0.097*[#   6]+0.097*[#   7]
          +0.097*[#   8]+0.003*[#   1]+0.003*[#   5]
    |psi|^2 = 0.589
==== e(   8) =    11.72426 eV ==== 
     psi = 0.131*[#   2]+0.131*[#   3]+0.131*[#   4]+0.131*[#   6]+0.131*[#   7]
          +0.131*[#   8]+0.016*[#   1]+0.016*[#   5]
    |psi|^2 = 0.819

 k =   0.4242640687  0.2357022604 -0.0471404521
==== e(   1) =    -3.89796 eV ==== 
     psi = 0.335*[#   1]+0.335*[#   5]+0.054*[#   2]+0.054*[#   3]+0.054*[#   4]
          +0.054*[#   6]+0.054*[#   7]+0.054*[#   8]
    |psi|^2 = 0.995
==== e(   2) =     0.66651 eV ==== 
     psi = 0.215*[#   1]+0.215*[#   5]+0.093*[#   2]+0.093*[#   3]+0.093*[#   4]
          +0.093*[#   6]+0.093*[#   7]+0.093*[#   8]
    |psi|^2 = 0.991
==== e(   3) =     2.74784 eV ==== 
     psi = 0.151*[#   2]+0.151*[#   3]+0.151*[#   4]+0.151*[#   6]+0.151*[#   7]
          +0.151*[#   8]+0.041*[#   1]+0.041*[#   5]
    |psi|^2 = 0.991
==== e(   4) =     4.14939 eV ==== 
     psi = 0.162*[#   2]+0.162*[#   3]+0.162*[#   4]+0.162*[#   6]+0.162*[#   7]
          +0.162*[#   8]+0.007*[#   1]+0.007*[#   5]
    |psi|^2 = 0.989
==== e(   5) =     8.80992 eV ==== 
     psi = 0.112*[#   2]+0.112*[#   3]+0.112*[#   4]+0.112*[#   6]+0.112*[#   7]
          +0.112*[#   8]+0.089*[#   1]+0.089*[#   5]
    |psi|^2 = 0.850
==== e(   6) =     9.77977 eV ==== 
     psi = 0.111*[#   2]+0.111*[#   3]+0.111*[#   4]+0.111*[#   6]+0.111*[#   7]
          +0.111*[#   8]+0.069*[#   1]+0.069*[#   5]
    |psi|^2 = 0.803
==== e(   7) =    10.26469 eV ==== 
     psi = 0.101*[#   1]+0.101*[#   5]+0.055*[#   2]+0.055*[#   3]+0.055*[#   4]
          +0.055*[#   6]+0.055*[#   7]+0.055*[#   8]
    |psi|^2 = 0.530
==== e(   8) =    12.08353 eV ==== 
     psi = 0.115*[#   2]+0.115*[#   3]+0.115*[#   4]+0.115*[#   6]+0.115*[#   7]
          +0.115*[#   8]+0.022*[#   1]+0.022*[#   5]
    |psi|^2 = 0.732

 k =  -0.2357022604 -0.4242640687  0.6128258770
==== e(   1) =    -3.40536 eV ==== 
     psi = 0.335*[#   1]+0.335*[#   5]+0.054*[#   2]+0.054*[#   3]+0.054*[#   4]
          +0.054*[#   6]+0.054*[#   7]+0.054*[#   8]
    |psi|^2 = 0.995
==== e(   2) =    -0.09739 eV ==== 
     psi = 0.208*[#   1]+0.208*[#   5]+0.096*[#   2]+0.096*[#   3]+0.096*[#   4]
          +0.096*[#   6]+0.096*[#   7]+0.096*[#   8]
    |psi|^2 = 0.992
==== e(   3) =     2.54936 eV ==== 
     psi = 0.149*[#   2]+0.149*[#   3]+0.149*[#   4]+0.149*[#   6]+0.149*[#   7]
          +0.149*[#   8]+0.050*[#   1]+0.050*[#   5]
    |psi|^2 = 0.992
==== e(   4) =     3.91285 eV ==== 
     psi = 0.163*[#   2]+0.163*[#   3]+0.163*[#   4]+0.163*[#   6]+0.163*[#   7]
          +0.163*[#   8]+0.004*[#   1]+0.004*[#   5]
    |psi|^2 = 0.990
==== e(   5) =     8.93819 eV ==== 
     psi = 0.100*[#   2]+0.100*[#   3]+0.100*[#   4]+0.100*[#   6]+0.100*[#   7]
          +0.100*[#   8]+0.100*[#   1]+0.100*[#   5]
    |psi|^2 = 0.801
==== e(   6) =     9.48722 eV ==== 
     psi = 0.107*[#   2]+0.107*[#   3]+0.107*[#   4]+0.107*[#   6]+0.107*[#   7]
          +0.107*[#   8]+0.063*[#   1]+0.063*[#   5]
    |psi|^2 = 0.768
==== e(   7) =    11.15919 eV ==== 
     psi = 0.090*[#   1]+0.090*[#   5]+0.065*[#   2]+0.065*[#   3]+0.065*[#   4]
          +0.065*[#   6]+0.065*[#   7]+0.065*[#   8]
    |psi|^2 = 0.570
==== e(   8) =    12.16658 eV ==== 
     psi = 0.097*[#   2]+0.097*[#   3]+0.097*[#   4]+0.097*[#   6]+0.097*[#   7]
          +0.097*[#   8]+0.029*[#   1]+0.029*[#   5]
    |psi|^2 = 0.638

 k =  -0.1885618083 -0.3771236166  0.5656854249
==== e(   1) =    -3.01529 eV ==== 
     psi = 0.346*[#   1]+0.346*[#   5]+0.051*[#   2]+0.051*[#   3]+0.051*[#   4]
          +0.051*[#   6]+0.051*[#   7]+0.051*[#   8]
    |psi|^2 = 0.996
==== e(   2) =    -0.63988 eV ==== 
     psi = 0.193*[#   1]+0.193*[#   5]+0.101*[#   2]+0.101*[#   3]+0.101*[#   4]
          +0.101*[#   6]+0.101*[#   7]+0.101*[#   8]
    |psi|^2 = 0.991
==== e(   3) =     2.46908 eV ==== 
     psi = 0.147*[#   2]+0.147*[#   3]+0.147*[#   4]+0.147*[#   6]+0.147*[#   7]
          +0.147*[#   8]+0.056*[#   1]+0.056*[#   5]
    |psi|^2 = 0.992
==== e(   4) =     3.77907 eV ==== 
     psi = 0.164*[#   2]+0.164*[#   3]+0.164*[#   4]+0.164*[#   6]+0.164*[#   7]
          +0.164*[#   8]+0.002*[#   1]+0.002*[#   5]
    |psi|^2 = 0.990
==== e(   5) =     9.05233 eV ==== 
     psi = 0.111*[#   1]+0.111*[#   5]+0.096*[#   2]+0.096*[#   3]+0.096*[#   4]
          +0.096*[#   6]+0.096*[#   7]+0.096*[#   8]
    |psi|^2 = 0.797
==== e(   6) =     9.24107 eV ==== 
     psi = 0.106*[#   2]+0.106*[#   3]+0.106*[#   4]+0.106*[#   6]+0.106*[#   7]
          +0.106*[#   8]+0.059*[#   1]+0.059*[#   5]
    |psi|^2 = 0.752
==== e(   7) =    12.13505 eV ==== 
     psi = 0.114*[#   2]+0.114*[#   3]+0.114*[#   4]+0.114*[#   6]+0.114*[#   7]
          +0.114*[#   8]+0.054*[#   1]+0.054*[#   5]
    |psi|^2 = 0.793
==== e(   8) =    12.34990 eV ==== 
     psi = 0.046*[#   1]+0.046*[#   5]+0.034*[#   2]+0.034*[#   3]+0.034*[#   4]
          +0.034*[#   6]+0.034*[#   7]+0.034*[#   8]
    |psi|^2 = 0.298

 k =   0.4714045208  0.1885618083 -0.0000000000
==== e(   1) =    -3.71869 eV ==== 
     psi = 0.326*[#   1]+0.326*[#   5]+0.057*[#   2]+0.057*[#   3]+0.057*[#   4]
          +0.057*[#   6]+0.057*[#   7]+0.057*[#   8]
    |psi|^2 = 0.995
==== e(   2) =     0.57839 eV ==== 
     psi = 0.242*[#   1]+0.242*[#   5]+0.084*[#   2]+0.084*[#   3]+0.084*[#   4]
          +0.084*[#   6]+0.084*[#   7]+0.084*[#   8]
    |psi|^2 = 0.991
==== e(   3) =     2.77663 eV ==== 
     psi = 0.156*[#   2]+0.156*[#   3]+0.156*[#   4]+0.156*[#   6]+0.156*[#   7]
          +0.156*[#   8]+0.028*[#   1]+0.028*[#   5]
    |psi|^2 = 0.992
==== e(   4) =     3.67716 eV ==== 
     psi = 0.164*[#   2]+0.164*[#   3]+0.164*[#   4]+0.164*[#   6]+0.164*[#   7]
          +0.164*[#   8]+0.004*[#   1]+0.004*[#   5]
    |psi|^2 = 0.991
==== e(   5) =     8.20653 eV ==== 
     psi = 0.113*[#   2]+0.113*[#   3]+0.113*[#   4]+0.113*[#   6]+0.113*[#   7]
          +0.113*[#   8]+0.103*[#   1]+0.103*[#   5]
    |psi|^2 = 0.885
==== e(   6) =     9.15920 eV ==== 
     psi = 0.112*[#   1]+0.112*[#   5]+0.055*[#   2]+0.055*[#   3]+0.055*[#   4]
          +0.055*[#   6]+0.055*[#   7]+0.055*[#   8]
    |psi|^2 = 0.550
==== e(   7) =    10.88482 eV ==== 
     psi = 0.110*[#   2]+0.110*[#   3]+0.110*[#   4]+0.110*[#   6]+0.110*[#   7]
          +0.110*[#   8]+0.059*[#   1]+0.059*[#   5]
    |psi|^2 = 0.777
==== e(   8) =    13.04025 eV ==== 
     psi = 0.121*[#   2]+0.121*[#   3]+0.121*[#   4]+0.121*[#   6]+0.121*[#   7]
          +0.121*[#   8]+0.011*[#   1]+0.011*[#   5]
    |psi|^2 = 0.747

 k =  -0.1885618083 -0.4714045208  0.6599663291
==== e(   1) =    -3.22989 eV ==== 
     psi = 0.322*[#   1]+0.322*[#   5]+0.058*[#   2]+0.058*[#   3]+0.058*[#   4]
          +0.058*[#   6]+0.058*[#   7]+0.058*[#   8]
    |psi|^2 = 0.995
==== e(   2) =    -0.06055 eV ==== 
     psi = 0.248*[#   1]+0.248*[#   5]+0.083*[#   2]+0.083*[#   3]+0.083*[#   4]
          +0.083*[#   6]+0.083*[#   7]+0.083*[#   8]
    |psi|^2 = 0.993
==== e(   3) =     2.40727 eV ==== 
     psi = 0.156*[#   2]+0.156*[#   3]+0.156*[#   4]+0.156*[#   6]+0.156*[#   7]
          +0.156*[#   8]+0.029*[#   1]+0.029*[#   5]
    |psi|^2 = 0.992
==== e(   4) =     3.42664 eV ==== 
     psi = 0.164*[#   2]+0.164*[#   3]+0.164*[#   4]+0.164*[#   6]+0.164*[#   7]
          +0.164*[#   8]+0.003*[#   1]+0.003*[#   5]
    |psi|^2 = 0.991
==== e(   5) =     8.52882 eV ==== 
     psi = 0.102*[#   2]+0.102*[#   3]+0.102*[#   4]+0.102*[#   6]+0.102*[#   7]
          +0.102*[#   8]+0.100*[#   1]+0.100*[#   5]
    |psi|^2 = 0.811
==== e(   6) =     9.70233 eV ==== 
     psi = 0.080*[#   1]+0.080*[#   5]+0.067*[#   2]+0.067*[#   3]+0.067*[#   4]
          +0.067*[#   6]+0.067*[#   7]+0.067*[#   8]
    |psi|^2 = 0.561
==== e(   7) =    10.60970 eV ==== 
     psi = 0.104*[#   2]+0.104*[#   3]+0.104*[#   4]+0.104*[#   6]+0.104*[#   7]
          +0.104*[#   8]+0.086*[#   1]+0.086*[#   5]
    |psi|^2 = 0.795
==== e(   8) =    13.40819 eV ==== 
     psi = 0.105*[#   2]+0.105*[#   3]+0.105*[#   4]+0.105*[#   6]+0.105*[#   7]
          +0.105*[#   8]+0.019*[#   1]+0.019*[#   5]
    |psi|^2 = 0.668

 k =  -0.1414213562 -0.4242640687  0.6128258770
==== e(   1) =    -2.77548 eV ==== 
     psi = 0.328*[#   1]+0.328*[#   5]+0.057*[#   2]+0.057*[#   3]+0.057*[#   4]
          +0.057*[#   6]+0.057*[#   7]+0.057*[#   8]
    |psi|^2 = 0.996
==== e(   2) =    -0.61903 eV ==== 
     psi = 0.241*[#   1]+0.241*[#   5]+0.085*[#   2]+0.085*[#   3]+0.085*[#   4]
          +0.085*[#   6]+0.085*[#   7]+0.085*[#   8]
    |psi|^2 = 0.993
==== e(   3) =     2.15346 eV ==== 
     psi = 0.156*[#   2]+0.156*[#   3]+0.156*[#   4]+0.156*[#   6]+0.156*[#   7]
          +0.156*[#   8]+0.030*[#   1]+0.030*[#   5]
    |psi|^2 = 0.993
==== e(   4) =     3.31115 eV ==== 
     psi = 0.165*[#   2]+0.165*[#   3]+0.165*[#   4]+0.165*[#   6]+0.165*[#   7]
          +0.165*[#   8]+0.002*[#   1]+0.002*[#   5]
    |psi|^2 = 0.992
==== e(   5) =     8.67241 eV ==== 
     psi = 0.098*[#   2]+0.098*[#   3]+0.098*[#   4]+0.098*[#   6]+0.098*[#   7]
          +0.098*[#   8]+0.093*[#   1]+0.093*[#   5]
    |psi|^2 = 0.774
==== e(   6) =    10.23815 eV ==== 
     psi = 0.093*[#   2]+0.093*[#   3]+0.093*[#   4]+0.093*[#   6]+0.093*[#   7]
          +0.093*[#   8]+0.038*[#   1]+0.038*[#   5]
    |psi|^2 = 0.633
==== e(   7) =    10.86763 eV ==== 
     psi = 0.118*[#   1]+0.118*[#   5]+0.073*[#   2]+0.073*[#   3]+0.073*[#   4]
          +0.073*[#   6]+0.073*[#   7]+0.073*[#   8]
    |psi|^2 = 0.672
==== e(   8) =    13.45106 eV ==== 
     psi = 0.106*[#   2]+0.106*[#   3]+0.106*[#   4]+0.106*[#   6]+0.106*[#   7]
          +0.106*[#   8]+0.035*[#   1]+0.035*[#   5]
    |psi|^2 = 0.709

 k =  -0.0942809042 -0.3771236166  0.5656854249
==== e(   1) =    -2.62661 eV ==== 
     psi = 0.335*[#   1]+0.335*[#   5]+0.054*[#   2]+0.054*[#   3]+0.054*[#   4]
          +0.054*[#   6]+0.054*[#   7]+0.054*[#   8]
    |psi|^2 = 0.996
==== e(   2) =    -0.79032 eV ==== 
     psi = 0.234*[#   1]+0.234*[#   5]+0.088*[#   2]+0.088*[#   3]+0.088*[#   4]
          +0.088*[#   6]+0.088*[#   7]+0.088*[#   8]
    |psi|^2 = 0.993
==== e(   3) =     2.01141 eV ==== 
     psi = 0.156*[#   2]+0.156*[#   3]+0.156*[#   4]+0.156*[#   6]+0.156*[#   7]
          +0.156*[#   8]+0.028*[#   1]+0.028*[#   5]
    |psi|^2 = 0.993
==== e(   4) =     3.35579 eV ==== 
     psi = 0.164*[#   2]+0.164*[#   3]+0.164*[#   4]+0.164*[#   6]+0.164*[#   7]
          +0.164*[#   8]+0.004*[#   1]+0.004*[#   5]
    |psi|^2 = 0.991
==== e(   5) =     8.85644 eV ==== 
     psi = 0.101*[#   2]+0.101*[#   3]+0.101*[#   4]+0.101*[#   6]+0.101*[#   7]
          +0.101*[#   8]+0.081*[#   1]+0.081*[#   5]
    |psi|^2 = 0.766
==== e(   6) =    10.05657 eV ==== 
     psi = 0.094*[#   2]+0.094*[#   3]+0.094*[#   4]+0.094*[#   6]+0.094*[#   7]
          +0.094*[#   8]+0.071*[#   1]+0.071*[#   5]
    |psi|^2 = 0.705
==== e(   7) =    12.03265 eV ==== 
     psi = 0.050*[#   1]+0.050*[#   5]+0.047*[#   2]+0.047*[#   3]+0.047*[#   4]
          +0.047*[#   6]+0.047*[#   7]+0.047*[#   8]
    |psi|^2 = 0.386
==== e(   8) =    12.47081 eV ==== 
     psi = 0.096*[#   1]+0.096*[#   5]+0.080*[#   2]+0.080*[#   3]+0.080*[#   4]
          +0.080*[#   6]+0.080*[#   7]+0.080*[#   8]
    |psi|^2 = 0.672

 k =  -0.0471404521 -0.3299831646  0.5185449729
==== e(   1) =    -2.94462 eV ==== 
     psi = 0.329*[#   1]+0.329*[#   5]+0.056*[#   2]+0.056*[#   3]+0.056*[#   4]
          +0.056*[#   6]+0.056*[#   7]+0.056*[#   8]
    |psi|^2 = 0.996
==== e(   2) =    -0.41455 eV ==== 
     psi = 0.241*[#   1]+0.241*[#   5]+0.085*[#   2]+0.085*[#   3]+0.085*[#   4]
          +0.085*[#   6]+0.085*[#   7]+0.085*[#   8]
    |psi|^2 = 0.993
==== e(   3) =     2.01591 eV ==== 
     psi = 0.157*[#   2]+0.157*[#   3]+0.157*[#   4]+0.157*[#   6]+0.157*[#   7]
          +0.157*[#   8]+0.025*[#   1]+0.025*[#   5]
    |psi|^2 = 0.992
==== e(   4) =     3.54056 eV ==== 
     psi = 0.163*[#   2]+0.163*[#   3]+0.163*[#   4]+0.163*[#   6]+0.163*[#   7]
          +0.163*[#   8]+0.005*[#   1]+0.005*[#   5]
    |psi|^2 = 0.991
==== e(   5) =     9.11808 eV ==== 
     psi = 0.105*[#   2]+0.105*[#   3]+0.105*[#   4]+0.105*[#   6]+0.105*[#   7]
          +0.105*[#   8]+0.068*[#   1]+0.068*[#   5]
    |psi|^2 = 0.763
==== e(   6) =     9.87575 eV ==== 
     psi = 0.098*[#   2]+0.098*[#   3]+0.098*[#   4]+0.098*[#   6]+0.098*[#   7]
          +0.098*[#   8]+0.076*[#   1]+0.076*[#   5]
    |psi|^2 = 0.741
==== e(   7) =    11.15722 eV ==== 
     psi = 0.091*[#   1]+0.091*[#   5]+0.064*[#   2]+0.064*[#   3]+0.064*[#   4]
          +0.064*[#   6]+0.064*[#   7]+0.064*[#   8]
    |psi|^2 = 0.564
==== e(   8) =    13.29152 eV ==== 
     psi = 0.065*[#   2]+0.065*[#   3]+0.065*[#   4]+0.065*[#   6]+0.065*[#   7]
          +0.065*[#   8]+0.012*[#   1]+0.012*[#   5]
    |psi|^2 = 0.415

 k =   0.0000000000 -0.2828427125  0.4714045208
==== e(   1) =    -3.42924 eV ==== 
     psi = 0.329*[#   1]+0.329*[#   5]+0.056*[#   2]+0.056*[#   3]+0.056*[#   4]
          +0.056*[#   6]+0.056*[#   7]+0.056*[#   8]
    |psi|^2 = 0.995
==== e(   2) =     0.15613 eV ==== 
     psi = 0.238*[#   1]+0.238*[#   5]+0.086*[#   2]+0.086*[#   3]+0.086*[#   4]
          +0.086*[#   6]+0.086*[#   7]+0.086*[#   8]
    |psi|^2 = 0.993
==== e(   3) =     2.23799 eV ==== 
     psi = 0.156*[#   2]+0.156*[#   3]+0.156*[#   4]+0.156*[#   6]+0.156*[#   7]
          +0.156*[#   8]+0.028*[#   1]+0.028*[#   5]
    |psi|^2 = 0.992
==== e(   4) =     3.82626 eV ==== 
     psi = 0.163*[#   2]+0.163*[#   3]+0.163*[#   4]+0.163*[#   6]+0.163*[#   7]
          +0.163*[#   8]+0.006*[#   1]+0.006*[#   5]
    |psi|^2 = 0.990
==== e(   5) =     9.44364 eV ==== 
     psi = 0.108*[#   2]+0.108*[#   3]+0.108*[#   4]+0.108*[#   6]+0.108*[#   7]
          +0.108*[#   8]+0.060*[#   1]+0.060*[#   5]
    |psi|^2 = 0.766
==== e(   6) =     9.51550 eV ==== 
     psi = 0.113*[#   2]+0.113*[#   3]+0.113*[#   4]+0.113*[#   6]+0.113*[#   7]
          +0.113*[#   8]+0.070*[#   1]+0.070*[#   5]
    |psi|^2 = 0.821
==== e(   7) =    10.37959 eV ==== 
     psi = 0.119*[#   1]+0.119*[#   5]+0.053*[#   2]+0.053*[#   3]+0.053*[#   4]
          +0.053*[#   6]+0.053*[#   7]+0.053*[#   8]
    |psi|^2 = 0.554
==== e(   8) =    12.90034 eV ==== 
     psi = 0.105*[#   2]+0.105*[#   3]+0.105*[#   4]+0.105*[#   6]+0.105*[#   7]
          +0.105*[#   8]+0.018*[#   1]+0.018*[#   5]
    |psi|^2 = 0.667

 k =  -0.1414213562 -0.5185449729  0.7071067812
==== e(   1) =    -2.96820 eV ==== 
     psi = 0.311*[#   1]+0.311*[#   5]+0.062*[#   2]+0.062*[#   3]+0.062*[#   4]
          +0.062*[#   6]+0.062*[#   7]+0.062*[#   8]
    |psi|^2 = 0.995
==== e(   2) =    -0.31166 eV ==== 
     psi = 0.269*[#   1]+0.269*[#   5]+0.076*[#   2]+0.076*[#   3]+0.076*[#   4]
          +0.076*[#   6]+0.076*[#   7]+0.076*[#   8]
    |psi|^2 = 0.993
==== e(   3) =     2.56951 eV ==== 
     psi = 0.159*[#   2]+0.159*[#   3]+0.159*[#   4]+0.159*[#   6]+0.159*[#   7]
          +0.159*[#   8]+0.019*[#   1]+0.019*[#   5]
    |psi|^2 = 0.993
==== e(   4) =     3.08563 eV ==== 
     psi = 0.165*[#   2]+0.165*[#   3]+0.165*[#   4]+0.165*[#   6]+0.165*[#   7]
          +0.165*[#   8]
    |psi|^2 = 0.992
==== e(   5) =     8.05414 eV ==== 
     psi = 0.117*[#   1]+0.117*[#   5]+0.103*[#   2]+0.103*[#   3]+0.103*[#   4]
          +0.103*[#   6]+0.103*[#   7]+0.103*[#   8]
    |psi|^2 = 0.851
==== e(   6) =     8.59588 eV ==== 
     psi = 0.116*[#   1]+0.116*[#   5]+0.068*[#   2]+0.068*[#   3]+0.068*[#   4]
          +0.068*[#   6]+0.068*[#   7]+0.068*[#   8]
    |psi|^2 = 0.640
==== e(   7) =    11.86056 eV ==== 
     psi = 0.100*[#   2]+0.100*[#   3]+0.100*[#   4]+0.100*[#   6]+0.100*[#   7]
          +0.100*[#   8]+0.052*[#   1]+0.052*[#   5]
    |psi|^2 = 0.707
==== e(   8) =    14.36313 eV ==== 
     psi = 0.120*[#   2]+0.120*[#   3]+0.120*[#   4]+0.120*[#   6]+0.120*[#   7]
          +0.120*[#   8]+0.010*[#   1]+0.010*[#   5]
    |psi|^2 = 0.739

 k =  -0.0942809042 -0.4714045208  0.6599663291
==== e(   1) =    -2.48012 eV ==== 
     psi = 0.312*[#   1]+0.312*[#   5]+0.062*[#   2]+0.062*[#   3]+0.062*[#   4]
          +0.062*[#   6]+0.062*[#   7]+0.062*[#   8]
    |psi|^2 = 0.995
==== e(   2) =    -0.82248 eV ==== 
     psi = 0.276*[#   1]+0.276*[#   5]+0.074*[#   2]+0.074*[#   3]+0.074*[#   4]
          +0.074*[#   6]+0.074*[#   7]+0.074*[#   8]
    |psi|^2 = 0.994
==== e(   3) =     2.20645 eV ==== 
     psi = 0.162*[#   2]+0.162*[#   3]+0.162*[#   4]+0.162*[#   6]+0.162*[#   7]
          +0.162*[#   8]+0.012*[#   1]+0.012*[#   5]
    |psi|^2 = 0.993
==== e(   4) =     2.92796 eV ==== 
     psi = 0.165*[#   2]+0.165*[#   3]+0.165*[#   4]+0.165*[#   6]+0.165*[#   7]
          +0.165*[#   8]+0.003*[#   1]+0.003*[#   5]
    |psi|^2 = 0.993
==== e(   5) =     8.34747 eV ==== 
     psi = 0.108*[#   1]+0.108*[#   5]+0.094*[#   2]+0.094*[#   3]+0.094*[#   4]
          +0.094*[#   6]+0.094*[#   7]+0.094*[#   8]
    |psi|^2 = 0.780
==== e(   6) =     9.37499 eV ==== 
     psi = 0.094*[#   1]+0.094*[#   5]+0.076*[#   2]+0.076*[#   3]+0.076*[#   4]
          +0.076*[#   6]+0.076*[#   7]+0.076*[#   8]
    |psi|^2 = 0.644
==== e(   7) =    11.58304 eV ==== 
     psi = 0.095*[#   2]+0.095*[#   3]+0.095*[#   4]+0.095*[#   6]+0.095*[#   7]
          +0.095*[#   8]+0.067*[#   1]+0.067*[#   5]
    |psi|^2 = 0.707
==== e(   8) =    13.90386 eV ==== 
     psi = 0.079*[#   2]+0.079*[#   3]+0.079*[#   4]+0.079*[#   6]+0.079*[#   7]
          +0.079*[#   8]+0.046*[#   1]+0.046*[#   5]
    |psi|^2 = 0.569

 k =  -0.0471404521 -0.4242640687  0.6128258770
==== e(   1) =    -2.20930 eV ==== 
     psi = 0.322*[#   1]+0.322*[#   5]+0.059*[#   2]+0.059*[#   3]+0.059*[#   4]
          +0.059*[#   6]+0.059*[#   7]+0.059*[#   8]
    |psi|^2 = 0.996
==== e(   2) =    -1.08578 eV ==== 
     psi = 0.270*[#   1]+0.270*[#   5]+0.076*[#   2]+0.076*[#   3]+0.076*[#   4]
          +0.076*[#   6]+0.076*[#   7]+0.076*[#   8]
    |psi|^2 = 0.994
==== e(   3) =     1.89797 eV ==== 
     psi = 0.164*[#   2]+0.164*[#   3]+0.164*[#   4]+0.164*[#   6]+0.164*[#   7]
          +0.164*[#   8]+0.005*[#   1]+0.005*[#   5]
    |psi|^2 = 0.993
==== e(   4) =     2.99850 eV ==== 
     psi = 0.164*[#   2]+0.164*[#   3]+0.164*[#   4]+0.164*[#   6]+0.164*[#   7]
          +0.164*[#   8]+0.005*[#   1]+0.005*[#   5]
    |psi|^2 = 0.993
==== e(   5) =     8.52733 eV ==== 
     psi = 0.096*[#   2]+0.096*[#   3]+0.096*[#   4]+0.096*[#   6]+0.096*[#   7]
          +0.096*[#   8]+0.095*[#   1]+0.095*[#   5]
    |psi|^2 = 0.768
==== e(   6) =    10.52855 eV ==== 
     psi = 0.065*[#   2]+0.065*[#   3]+0.065*[#   4]+0.065*[#   6]+0.065*[#   7]
          +0.065*[#   8]+0.046*[#   1]+0.046*[#   5]
    |psi|^2 = 0.485
==== e(   7) =    11.38448 eV ==== 
     psi = 0.099*[#   1]+0.099*[#   5]+0.094*[#   2]+0.094*[#   3]+0.094*[#   4]
          +0.094*[#   6]+0.094*[#   7]+0.094*[#   8]
    |psi|^2 = 0.760
==== e(   8) =    12.52053 eV ==== 
     psi = 0.075*[#   2]+0.075*[#   3]+0.075*[#   4]+0.075*[#   6]+0.075*[#   7]
          +0.075*[#   8]+0.069*[#   1]+0.069*[#   5]
    |psi|^2 = 0.587

 k =   0.0000000000 -0.3771236166  0.5656854249
==== e(   1) =    -2.47547 eV ==== 
     psi = 0.326*[#   1]+0.326*[#   5]+0.057*[#   2]+0.057*[#   3]+0.057*[#   4]
          +0.057*[#   6]+0.057*[#   7]+0.057*[#   8]
    |psi|^2 = 0.996
==== e(   2) =    -0.81824 eV ==== 
     psi = 0.263*[#   1]+0.263*[#   5]+0.078*[#   2]+0.078*[#   3]+0.078*[#   4]
          +0.078*[#   6]+0.078*[#   7]+0.078*[#   8]
    |psi|^2 = 0.994
==== e(   3) =     1.80188 eV ==== 
     psi = 0.163*[#   2]+0.163*[#   3]+0.163*[#   4]+0.163*[#   6]+0.163*[#   7]
          +0.163*[#   8]+0.007*[#   1]+0.007*[#   5]
    |psi|^2 = 0.993
==== e(   4) =     3.21731 eV ==== 
     psi = 0.163*[#   2]+0.163*[#   3]+0.163*[#   4]+0.163*[#   6]+0.163*[#   7]
          +0.163*[#   8]+0.006*[#   1]+0.006*[#   5]
    |psi|^2 = 0.992
==== e(   5) =     8.78490 eV ==== 
     psi = 0.101*[#   2]+0.101*[#   3]+0.101*[#   4]+0.101*[#   6]+0.101*[#   7]
          +0.101*[#   8]+0.081*[#   1]+0.081*[#   5]
    |psi|^2 = 0.766
==== e(   6) =    10.82451 eV ==== 
     psi = 0.089*[#   2]+0.089*[#   3]+0.089*[#   4]+0.089*[#   6]+0.089*[#   7]
          +0.089*[#   8]+0.028*[#   1]+0.028*[#   5]
    |psi|^2 = 0.592
==== e(   7) =    11.40322 eV ==== 
     psi = 0.094*[#   1]+0.094*[#   5]+0.063*[#   2]+0.063*[#   3]+0.063*[#   4]
          +0.063*[#   6]+0.063*[#   7]+0.063*[#   8]
    |psi|^2 = 0.569
==== e(   8) =    12.11069 eV ==== 
     psi = 0.097*[#   1]+0.097*[#   5]+0.069*[#   2]+0.069*[#   3]+0.069*[#   4]
          +0.069*[#   6]+0.069*[#   7]+0.069*[#   8]
    |psi|^2 = 0.610

 k =  -0.0471404521 -0.5185449729  0.7071067812
==== e(   1) =    -2.12635 eV ==== 
     psi = 0.300*[#   1]+0.300*[#   5]+0.066*[#   2]+0.066*[#   3]+0.066*[#   4]
          +0.066*[#   6]+0.066*[#   7]+0.066*[#   8]
    |psi|^2 = 0.994
==== e(   2) =    -1.22652 eV ==== 
     psi = 0.287*[#   1]+0.287*[#   5]+0.070*[#   2]+0.070*[#   3]+0.070*[#   4]
          +0.070*[#   6]+0.070*[#   7]+0.070*[#   8]
    |psi|^2 = 0.994
==== e(   3) =     2.53953 eV ==== 
     psi = 0.162*[#   2]+0.162*[#   3]+0.162*[#   4]+0.162*[#   6]+0.162*[#   7]
          +0.162*[#   8]+0.010*[#   1]+0.010*[#   5]
    |psi|^2 = 0.993
==== e(   4) =     2.70580 eV ==== 
     psi = 0.165*[#   2]+0.165*[#   3]+0.165*[#   4]+0.165*[#   6]+0.165*[#   7]
          +0.165*[#   8]+0.003*[#   1]+0.003*[#   5]
    |psi|^2 = 0.993
==== e(   5) =     8.05645 eV ==== 
     psi = 0.123*[#   1]+0.123*[#   5]+0.093*[#   2]+0.093*[#   3]+0.093*[#   4]
          +0.093*[#   6]+0.093*[#   7]+0.093*[#   8]
    |psi|^2 = 0.800
==== e(   6) =     8.23181 eV ==== 
     psi = 0.122*[#   1]+0.122*[#   5]+0.081*[#   2]+0.081*[#   3]+0.081*[#   4]
          +0.081*[#   6]+0.081*[#   7]+0.081*[#   8]
    |psi|^2 = 0.729
==== e(   7) =    12.94879 eV ==== 
     psi = 0.089*[#   2]+0.089*[#   3]+0.089*[#   4]+0.089*[#   6]+0.089*[#   7]
          +0.089*[#   8]+0.043*[#   1]+0.043*[#   5]
    |psi|^2 = 0.620
==== e(   8) =    14.12704 eV ==== 
     psi = 0.082*[#   2]+0.082*[#   3]+0.082*[#   4]+0.082*[#   6]+0.082*[#   7]
          +0.082*[#   8]+0.036*[#   1]+0.036*[#   5]
    |psi|^2 = 0.566

 k =   0.0000000000 -0.4714045208  0.6599663291
==== e(   1) =    -1.82901 eV ==== 
     psi = 0.309*[#   1]+0.309*[#   5]+0.063*[#   2]+0.063*[#   3]+0.063*[#   4]
          +0.063*[#   6]+0.063*[#   7]+0.063*[#   8]
    |psi|^2 = 0.995
==== e(   2) =    -1.47490 eV ==== 
     psi = 0.285*[#   1]+0.285*[#   5]+0.071*[#   2]+0.071*[#   3]+0.071*[#   4]
          +0.071*[#   6]+0.071*[#   7]+0.071*[#   8]
    |psi|^2 = 0.994
==== e(   3) =     2.14210 eV ==== 
     psi = 0.165*[#   2]+0.165*[#   3]+0.165*[#   4]+0.165*[#   6]+0.165*[#   7]
          +0.165*[#   8]+0.002*[#   1]+0.002*[#   5]
    |psi|^2 = 0.993
==== e(   4) =     2.75081 eV ==== 
     psi = 0.164*[#   2]+0.164*[#   3]+0.164*[#   4]+0.164*[#   6]+0.164*[#   7]
          +0.164*[#   8]+0.006*[#   1]+0.006*[#   5]
    |psi|^2 = 0.993
==== e(   5) =     8.28534 eV ==== 
     psi = 0.110*[#   1]+0.110*[#   5]+0.091*[#   2]+0.091*[#   3]+0.091*[#   4]
          +0.091*[#   6]+0.091*[#   7]+0.091*[#   8]
    |psi|^2 = 0.768
==== e(   6) =     9.26602 eV ==== 
     psi = 0.097*[#   1]+0.097*[#   5]+0.080*[#   2]+0.080*[#   3]+0.080*[#   4]
          +0.080*[#   6]+0.080*[#   7]+0.080*[#   8]
    |psi|^2 = 0.674
==== e(   7) =    12.61766 eV ==== 
     psi = 0.089*[#   2]+0.089*[#   3]+0.089*[#   4]+0.089*[#   6]+0.089*[#   7]
          +0.089*[#   8]+0.052*[#   1]+0.052*[#   5]
    |psi|^2 = 0.640
==== e(   8) =    12.77064 eV ==== 
     psi = 0.076*[#   2]+0.076*[#   3]+0.076*[#   4]+0.076*[#   6]+0.076*[#   7]
          +0.076*[#   8]+0.058*[#   1]+0.058*[#   5]
    |psi|^2 = 0.572

 k =  -0.1414213562 -0.4242640687  0.7071067812
==== e(   1) =    -2.74226 eV ==== 
     psi = 0.319*[#   1]+0.319*[#   5]+0.060*[#   2]+0.060*[#   3]+0.060*[#   4]
          +0.060*[#   6]+0.060*[#   7]+0.060*[#   8]
    |psi|^2 = 0.995
==== e(   2) =    -0.53077 eV ==== 
     psi = 0.267*[#   1]+0.267*[#   5]+0.077*[#   2]+0.077*[#   3]+0.077*[#   4]
          +0.077*[#   6]+0.077*[#   7]+0.077*[#   8]
    |psi|^2 = 0.994
==== e(   3) =     2.09505 eV ==== 
     psi = 0.160*[#   2]+0.160*[#   3]+0.160*[#   4]+0.160*[#   6]+0.160*[#   7]
          +0.160*[#   8]+0.016*[#   1]+0.016*[#   5]
    |psi|^2 = 0.993
==== e(   4) =     3.06283 eV ==== 
     psi = 0.165*[#   2]+0.165*[#   3]+0.165*[#   4]+0.165*[#   6]+0.165*[#   7]
          +0.165*[#   8]+0.002*[#   1]+0.002*[#   5]
    |psi|^2 = 0.992
==== e(   5) =     9.37397 eV ==== 
     psi = 0.102*[#   2]+0.102*[#   3]+0.102*[#   4]+0.102*[#   6]+0.102*[#   7]
          +0.102*[#   8]+0.081*[#   1]+0.081*[#   5]
    |psi|^2 = 0.773
==== e(   6) =     9.77398 eV ==== 
     psi = 0.074*[#   2]+0.074*[#   3]+0.074*[#   4]+0.074*[#   6]+0.074*[#   7]
          +0.074*[#   8]+0.032*[#   1]+0.032*[#   5]
    |psi|^2 = 0.510
==== e(   7) =    10.36050 eV ==== 
     psi = 0.139*[#   1]+0.139*[#   5]+0.092*[#   2]+0.092*[#   3]+0.092*[#   4]
          +0.092*[#   6]+0.092*[#   7]+0.092*[#   8]
    |psi|^2 = 0.832
==== e(   8) =    13.69476 eV ==== 
     psi = 0.059*[#   2]+0.059*[#   3]+0.059*[#   4]+0.059*[#   6]+0.059*[#   7]
          +0.059*[#   8]+0.053*[#   1]+0.053*[#   5]
    |psi|^2 = 0.464

 k =  -0.0942809042 -0.3771236166  0.6599663291
==== e(   1) =    -2.32089 eV ==== 
     psi = 0.321*[#   1]+0.321*[#   5]+0.059*[#   2]+0.059*[#   3]+0.059*[#   4]
          +0.059*[#   6]+0.059*[#   7]+0.059*[#   8]
    |psi|^2 = 0.996
==== e(   2) =    -0.95233 eV ==== 
     psi = 0.272*[#   1]+0.272*[#   5]+0.075*[#   2]+0.075*[#   3]+0.075*[#   4]
          +0.075*[#   6]+0.075*[#   7]+0.075*[#   8]
    |psi|^2 = 0.994
==== e(   3) =     1.95740 eV ==== 
     psi = 0.162*[#   2]+0.162*[#   3]+0.162*[#   4]+0.162*[#   6]+0.162*[#   7]
          +0.162*[#   8]+0.010*[#   1]+0.010*[#   5]
    |psi|^2 = 0.993
==== e(   4) =     2.84656 eV ==== 
     psi = 0.165*[#   2]+0.165*[#   3]+0.165*[#   4]+0.165*[#   6]+0.165*[#   7]
          +0.165*[#   8]+0.002*[#   1]+0.002*[#   5]
    |psi|^2 = 0.993
==== e(   5) =     9.64471 eV ==== 
     psi = 0.095*[#   2]+0.095*[#   3]+0.095*[#   4]+0.095*[#   6]+0.095*[#   7]
          +0.095*[#   8]+0.033*[#   1]+0.033*[#   5]
    |psi|^2 = 0.636
==== e(   6) =     9.96610 eV ==== 
     psi = 0.092*[#   2]+0.092*[#   3]+0.092*[#   4]+0.092*[#   6]+0.092*[#   7]
          +0.092*[#   8]+0.086*[#   1]+0.086*[#   5]
    |psi|^2 = 0.724
==== e(   7) =    10.90290 eV ==== 
     psi = 0.105*[#   1]+0.105*[#   5]+0.072*[#   2]+0.072*[#   3]+0.072*[#   4]
          +0.072*[#   6]+0.072*[#   7]+0.072*[#   8]
    |psi|^2 = 0.641
==== e(   8) =    12.26548 eV ==== 
     psi = 0.084*[#   1]+0.084*[#   5]+0.071*[#   2]+0.071*[#   3]+0.071*[#   4]
          +0.071*[#   6]+0.071*[#   7]+0.071*[#   8]
    |psi|^2 = 0.591

 k =  -0.0471404521 -0.4242640687  0.7071067812
==== e(   1) =    -2.00109 eV ==== 
     psi = 0.308*[#   1]+0.308*[#   5]+0.063*[#   2]+0.063*[#   3]+0.063*[#   4]
          +0.063*[#   6]+0.063*[#   7]+0.063*[#   8]
    |psi|^2 = 0.995
==== e(   2) =    -1.25134 eV ==== 
     psi = 0.292*[#   1]+0.292*[#   5]+0.069*[#   2]+0.069*[#   3]+0.069*[#   4]
          +0.069*[#   6]+0.069*[#   7]+0.069*[#   8]
    |psi|^2 = 0.994
==== e(   3) =     2.16957 eV ==== 
     psi = 0.164*[#   2]+0.164*[#   3]+0.164*[#   4]+0.164*[#   6]+0.164*[#   7]
          +0.164*[#   8]+0.005*[#   1]+0.005*[#   5]
    |psi|^2 = 0.993
==== e(   4) =     2.49061 eV ==== 
     psi = 0.166*[#   2]+0.166*[#   3]+0.166*[#   4]+0.166*[#   6]+0.166*[#   7]
          +0.166*[#   8]
    |psi|^2 = 0.993
==== e(   5) =     9.36629 eV ==== 
     psi = 0.091*[#   2]+0.091*[#   3]+0.091*[#   4]+0.091*[#   6]+0.091*[#   7]
          +0.091*[#   8]+0.083*[#   1]+0.083*[#   5]
    |psi|^2 = 0.710
==== e(   6) =     9.50716 eV ==== 
     psi = 0.079*[#   2]+0.079*[#   3]+0.079*[#   4]+0.079*[#   6]+0.079*[#   7]
          +0.079*[#   8]+0.075*[#   1]+0.075*[#   5]
    |psi|^2 = 0.626
==== e(   7) =    11.30370 eV ==== 
     psi = 0.089*[#   2]+0.089*[#   3]+0.089*[#   4]+0.089*[#   6]+0.089*[#   7]
          +0.089*[#   8]+0.088*[#   1]+0.088*[#   5]
    |psi|^2 = 0.714
==== e(   8) =    12.43871 eV ==== 
     psi = 0.076*[#   2]+0.076*[#   3]+0.076*[#   4]+0.076*[#   6]+0.076*[#   7]
          +0.076*[#   8]+0.069*[#   1]+0.069*[#   5]
    |psi|^2 = 0.591

 k =  -0.0000000000 -0.3771236166  0.6599663291
==== e(   1) =    -1.89130 eV ==== 
     psi = 0.313*[#   1]+0.313*[#   5]+0.062*[#   2]+0.062*[#   3]+0.062*[#   4]
          +0.062*[#   6]+0.062*[#   7]+0.062*[#   8]
    |psi|^2 = 0.995
==== e(   2) =    -1.33899 eV ==== 
     psi = 0.290*[#   1]+0.290*[#   5]+0.069*[#   2]+0.069*[#   3]+0.069*[#   4]
          +0.069*[#   6]+0.069*[#   7]+0.069*[#   8]
    |psi|^2 = 0.995
==== e(   3) =     2.01889 eV ==== 
     psi = 0.165*[#   2]+0.165*[#   3]+0.165*[#   4]+0.165*[#   6]+0.165*[#   7]
          +0.165*[#   8]
    |psi|^2 = 0.993
==== e(   4) =     2.50948 eV ==== 
     psi = 0.165*[#   2]+0.165*[#   3]+0.165*[#   4]+0.165*[#   6]+0.165*[#   7]
          +0.165*[#   8]+0.002*[#   1]+0.002*[#   5]
    |psi|^2 = 0.993
==== e(   5) =     9.61725 eV ==== 
     psi = 0.091*[#   2]+0.091*[#   3]+0.091*[#   4]+0.091*[#   6]+0.091*[#   7]
          +0.091*[#   8]+0.057*[#   1]+0.057*[#   5]
    |psi|^2 = 0.657
==== e(   6) =    10.50757 eV ==== 
     psi = 0.074*[#   2]+0.074*[#   3]+0.074*[#   4]+0.074*[#   6]+0.074*[#   7]
          +0.074*[#   8]+0.004*[#   1]+0.004*[#   5]
    |psi|^2 = 0.449
==== e(   7) =    11.14907 eV ==== 
     psi = 0.107*[#   1]+0.107*[#   5]+0.078*[#   2]+0.078*[#   3]+0.078*[#   4]
          +0.078*[#   6]+0.078*[#   7]+0.078*[#   8]
    |psi|^2 = 0.680
==== e(   8) =    11.19765 eV ==== 
     psi = 0.145*[#   1]+0.145*[#   5]+0.093*[#   2]+0.093*[#   3]+0.093*[#   4]
          +0.093*[#   6]+0.093*[#   7]+0.093*[#   8]
    |psi|^2 = 0.849

Lowdin Charges: 

     Atom #   1: total charge =   3.9641, s =  1.1735, 
     Atom #   1: total charge =   3.9641, p =  2.7906, pz=  0.9302, px=  0.9302, py=  0.9302, 
     Atom #   2: total charge =   3.9641, s =  1.1735, 
     Atom #   2: total charge =   3.9641, p =  2.7906, pz=  0.9302, px=  0.9302, py=  0.9302, 
     Spilling Parameter:   0.0090

     PROJWFC      :     10.96s CPU      6.15s WALL


   This run was terminated on:  10:46:36   3Sep2026            

=------------------------------------------------------------------------------=
   JOB DONE.
=------------------------------------------------------------------------------=
